,Company,highratedfor,criticalratedfor,rating,reviews,salaries,interviews,jobs,companyCard,branches
0,TCS,Job Security,"Promotions, Salary, Work Satisfaction",3.3,1.1L,10.1L,11.8k,4.4k,IT Services & Consulting | Bengaluru +442 other locations,NA
1,Accenture,"Promotions, Salary, Work Satisfaction",,3.7,73.3k,7L,9.4k,40.9k,IT Services & Consulting | Bengaluru +259 other locations,NA
2,Wipro,"Promotions, Salary, Work Satisfaction",,3.6,65k,4.9L,6.8k,332,IT Services & Consulting | Hyderabad +373 other locations,NA
3,Cognizant,"Promotions, Salary, Work Satisfaction",,3.7,61.4k,6.1L,6.5k,437,IT Services & Consulting | Hyderabad +231 other locations,NA
4,Capgemini,"Work Life Balance, Job Security","Promotions, Salary, Work Satisfaction",3.6,53.3k,4.9L,5.5k,2.1k,IT Services & Consulting | Bengaluru +180 other locations,NA
5,HDFC Bank,"Job Security, Skill Development","Promotions, Salary",3.8,52.3k,1.5L,3k,329,Banking | Mumbai +1849 other locations,NA
6,Infosys,Job Security,"Promotions, Salary, Work Satisfaction",3.5,48.7k,5.3L,8.4k,2.2k,IT Services & Consulting | Bengaluru +244 other locations,NA
7,HCLTech,"Promotions, Salary, Work Satisfaction",,3.4,45.9k,3.9L,4.6k,225,IT Services & Consulting | Chennai +231 other locations,NA
8,ICICI Bank,"Job Security, Promotions, Skill Development",,4.0,45.9k,1.5L,3k,20,Banking | Mumbai +1442 other locations,NA
9,Tech Mahindra,"Promotions, Salary, Work Satisfaction",,3.4,43.2k,2.9L,4.6k,552,IT Services & Consulting | Hyderabad +322 other locations,NA
10,Genpact,Job Security,"Promotions, Salary, Work Satisfaction",3.6,42.2k,2.4L,3.9k,614,Analytics & KPO | Hyderabad +181 other locations,NA
11,TP,"Work Life Balance, Job Security",,3.8,38.4k,99.1k,2.2k,1.6k,BPO | Mumbai +256 other locations,NA
12,Jio,"Job Security, Skill Development, Company Culture",,4.4,33.6k,62.1k,4.4k,1,Telecom | Mumbai +1956 other locations,NA
13,Axis Bank,"Promotions, Work Satisfaction, Company Culture",,3.6,33.1k,1L,2k,245,Banking | Mumbai +1519 other locations,NA
14,Concentrix Corporation,Job Security,"Promotions, Salary, Work Satisfaction",3.6,32.2k,1.3L,2k,11,BPO | Bengaluru +182 other locations,NA
15,Amazon,"Company Culture, Work Life Balance, Salary",Promotions,3.9,31.4k,1.6L,5.9k,2.5k,Internet | Bengaluru +515 other locations,NA
16,Reliance Retail,"Job Security, Skill Development, Work Life Balance",Promotions,3.9,27.3k,75.9k,2k,110,Retail | Mumbai +1159 other locations,NA
17,iEnergizer,"Salary, Company Culture, Work Life Balance",,4.6,27k,24.7k,1.5k,94,BPO | Noida +52 other locations,NA
18,LTIMindtree,"Promotions, Salary, Work Satisfaction",,3.6,26.4k,2L,3.5k,518,IT Services & Consulting | Bengaluru +144 other locations,NA
19,IBM,"Work Life Balance, Company Culture, Job Security",Promotions,3.9,25.8k,2.2L,2.6k,1.7k,IT Services & Consulting | Bengaluru +161 other locations,NA
20,HDB Financial Services,"Work Life Balance, Job Security, Skill Development","Promotions, Salary",3.9,25.6k,50k,1.1k,2.1k,NBFC | Mumbai +1091 other locations,NA
21,Larsen & Toubro Limited,"Job Security, Skill Development, Salary","Promotions, Work Life Balance",3.9,23.8k,76.6k,1.9k,247,Engineering & Construction | Chennai +764 other locations,NA
22,Deloitte,"Promotions, Work Life Balance, Work Satisfaction",,3.7,23.1k,2.6L,3.3k,1.8k,Management Consulting | Hyderabad +182 other locations,NA
23,Kotak Mahindra Bank,"Promotions, Work Satisfaction, Company Culture",,3.6,22.4k,87k,1.4k,164,Banking | Mumbai +691 other locations,NA
24,Reliance Industries,"Job Security, Work Life Balance, Skill Development",Promotions,4.0,20.2k,73.9k,1.6k,78,Oil & Gas | Jamnagar +820 other locations,NA
25,Vodafone Idea,"Salary, Company Culture, Work Life Balance",Promotions,3.9,17.6k,49.1k,696,79,Telecom | Pune +705 other locations,NA
26,Bharti Airtel,Promotions,,3.8,17k,50k,1.1k,165,Telecom | Gurugram +788 other locations,NA
27,BYJU'S,"Job Security, Company Culture, Work Life Balance",,3.2,16.3k,50.7k,2.1k,1,EdTech | Bengaluru +321 other locations,NA
28,WNS,"Promotions, Salary, Work Satisfaction",,3.3,15.2k,71.3k,1.3k,58,IT Services & Consulting | Pune +65 other locations,NA
29,IDFC FIRST Bank,"Salary, Skill Development",,3.9,14.5k,50.2k,969,42,Banking | Mumbai +727 other locations,NA
30,Ernst & Young,"Promotions, Work Life Balance, Work Satisfaction",,3.4,14.5k,1.5L,1.3k,4.5k,Management Consulting | Bengaluru +134 other locations,NA
31,IndusInd Bank,"Promotions, Company Culture, Work Satisfaction",,3.4,14.2k,52.5k,775,149,Banking | Mumbai +796 other locations,NA
32,AU Small Finance Bank,Salary,,3.8,14.2k,29.7k,708,184,Banking | Jaipur +799 other locations,NA
33,Tata Motors,"Job Security, Company Culture, Work Life Balance",Promotions,4.1,14.1k,43k,1.3k,191,Automobile | Pune +506 other locations,NA
34,Muthoot FinCorp,"Company Culture, Skill Development, Work Life Balance",,4.5,13.1k,9.5k,2.4k,46,NBFC | Bengaluru +1121 other locations,NA
35,Bajaj Finserv,"Salary, Skill Development, Job Security",,4.0,13.1k,31.3k,770,2,NBFC | Pune +1192 other locations,NA
36,Flipkart,"Skill Development, Salary",Promotions,3.9,12.9k,56.2k,1.7k,94,Internet | Bengaluru +553 other locations,NA
37,PwC,"Promotions, Work Life Balance, Work Satisfaction",,3.3,12.6k,1.3L,1.6k,1.1k,Management Consulting | Bengaluru +135 other locations,NA
38,Mahindra & Mahindra,"Job Security, Skill Development, Company Culture",Promotions,4.0,12.1k,40.9k,881,2,Automobile | Pune +565 other locations,NA
39,Infosys BPM,Job Security,"Promotions, Salary, Work Satisfaction",3.5,12k,76.8k,1.1k,66,BPO | Bengaluru +95 other locations,NA
40,HDFC Life,Skill Development,,3.9,12k,33.2k,812,88,Insurance | Mumbai +715 other locations,NA
41,DXC Technology,Work Life Balance,"Promotions, Salary, Work Satisfaction",3.6,12k,74.7k,901,176,IT Services & Consulting | Bengaluru +130 other locations,NA
42,Bandhan Bank,"Promotions, Work Satisfaction, Skill Development",,3.7,11.1k,26k,761,3,Banking | Kolkata +1010 other locations,NA
43,Digitide Solutions,"Promotions, Salary, Work Satisfaction",,3.5,10.3k,26.9k,574,329,IT Services & Consulting | Hyderabad +272 other locations,NA
44,Mphasis,"Promotions, Salary, Work Satisfaction",,3.3,10.2k,75.1k,939,65,IT Services & Consulting | Bengaluru +64 other locations,NA
45,Yes Bank,"Job Security, Promotions, Company Culture",,3.7,10.2k,42.7k,562,210,Banking | Mumbai +541 other locations,NA
46,Tata Steel,"Work Life Balance, Job Security, Company Culture",Promotions,4.0,9.9k,34.9k,1.1k,--,Iron & Steel | Jamshedpur +226 other locations,NA
47,Quess,"Promotions, Job Security",,3.8,9.7k,31.4k,547,26,Recruitment | Bengaluru +756 other locations,NA
48,Asian Paints,"Salary, Skill Development, Job Security",Promotions,3.9,9.6k,26.1k,869,75,Chemicals | Mumbai +556 other locations,NA
49,Maruti Suzuki,"Job Security, Salary, Company Culture",,4.1,9.5k,28.8k,795,746,Automobile | Gurugram +457 other locations,NA
50,Startek,"Promotions, Work Satisfaction, Salary",,3.0,9.5k,25k,645,285,BPO | Bengaluru +103 other locations,NA
51,UltraTech Cement,"Job Security, Skill Development, Company Culture",,4.2,9.4k,25.1k,807,32,Building Material | Mumbai +538 other locations,NA
52,Paytm,"Job Security, Promotions, Company Culture",,3.2,9.3k,34.7k,903,680,FinTech | Noida +422 other locations,NA
53,Bajaj Finance,"Salary, Skill Development, Job Security",,3.9,9.2k,23.1k,444,4.8k,NBFC | Pune +994 other locations,NA
54,Shriram Finance,"Job Security, Company Culture, Work Life Balance",Promotions,3.9,9.1k,15.5k,455,11,NBFC | Chennai +1118 other locations,NA
55,Sutherland Global Services,"Promotions, Skill Development, Salary",,3.4,9k,35.6k,805,271,BPO | Chennai +82 other locations,NA
56,Equitas Small Finance Bank,"Job Security, Company Culture, Work Life Balance",,4.3,8.9k,13.8k,1k,37,Banking | Chennai +485 other locations,NA
57,Wells Fargo,Work Life Balance,"Promotions, Skill Development, Work Satisfaction",3.6,8.7k,62.7k,695,138,Financial Services | Bengaluru +27 other locations,NA
58,EXL Service,Job Security,"Promotions, Salary, Skill Development",3.6,8.6k,45.4k,921,1.7k,Analytics & KPO | Noida +61 other locations,NA
59,Cipla,"Salary, Work Life Balance, Skill Development",,4.1,8.6k,26.6k,602,19,Pharma | Mumbai +294 other locations,NA
60,Ericsson,"Work Life Balance, Company Culture","Promotions, Salary",3.9,8.4k,43k,476,37,Telecom | Noida +160 other locations,NA
61,Samsung,Salary,Promotions,3.9,8.3k,26.5k,633,38,Consumer Electronics & Appliances | Noida +581 other locations,NA
62,Dr. Reddy's,"Company Culture, Work Life Balance, Skill Development",Promotions,4.0,8.2k,26k,518,18,Pharma | Hyderabad +214 other locations,NA
63,Optum Global Solutions,"Job Security, Work Life Balance, Company Culture",Promotions,4.0,8k,51k,779,158,IT Services & Consulting | Hyderabad +68 other locations,NA
64,JSW Steel,"Job Security, Skill Development",Promotions,3.9,7.9k,31.7k,842,107,Iron & Steel | Ballari +198 other locations,NA
65,JPMorgan Chase & Co.,Job Security,Promotions,3.8,7.8k,91.1k,883,649,Financial Services | Bengaluru +55 other locations,NA
66,Delhivery,Promotions,,3.8,7.8k,21.8k,618,215,Logistics | Gurugram +760 other locations,NA
67,ICICI Prudential Life Insurance,"Job Security, Salary, Skill Development",,3.9,7.8k,22.8k,489,356,Insurance | Mumbai +510 other locations,NA
68,Hexaware Technologies,"Promotions, Salary, Work Satisfaction",,3.4,7.7k,55.3k,831,395,IT Services & Consulting | Chennai +69 other locations,NA
69,Ujjivan Small Finance Bank,"Company Culture, Work Life Balance, Job Security",,4.0,7.6k,13.2k,330,96,Banking | Bengaluru +542 other locations,NA
70,Jana Small Finance Bank,Salary,Promotions,3.7,7.6k,14.5k,307,57,Banking | Bengaluru +422 other locations,NA
71,Sun Pharmaceutical Industries,"Salary, Job Security, Skill Development",,4.1,7.6k,23.2k,680,372,Pharma | Vadodara +264 other locations,NA
72,HGS,"Promotions, Salary",,3.7,7.6k,20.6k,277,14,Emerging Technologies | Bengaluru +122 other locations,NA
73,Amazon Development Centre India,"Company Culture, Work Life Balance","Promotions, Job Security, Skill Development",3.8,7.5k,39.7k,895,6,Internet | Hyderabad +147 other locations,NA
74,Zydus Lifesciences,"Salary, Skill Development",,4.0,7.5k,20.2k,483,48,Pharma | Ahmedabad +181 other locations,NA
75,Ekart Logistics,Skill Development,Promotions,3.9,7.4k,16.9k,412,--,Logistics | Bengaluru +739 other locations,NA
76,Lupin,"Company Culture, Skill Development, Work Life Balance",Promotions,4.1,7.4k,22.5k,448,40,Pharma | Pune +203 other locations,NA
77,KPMG India,"Promotions, Work Life Balance, Work Satisfaction",,3.4,7.3k,68.3k,942,103,Management Consulting | Bengaluru +112 other locations,NA
78,L&T Construction,"Job Security, Skill Development, Salary","Work Life Balance, Promotions",4.0,7.3k,19.2k,953,--,Engineering & Construction | Chennai +435 other locations,NA
79,Axis Max Life Insurance,"Skill Development, Company Culture, Work Life Balance",,4.0,7.2k,20.5k,417,185,Insurance | New Delhi +507 other locations,NA
80,Hindustan Unilever,"Skill Development, Company Culture, Work Life Balance",Promotions,4.2,7.2k,20.4k,475,14,FMCG | Mumbai +542 other locations,NA
81,ITC,"Job Security, Skill Development",Promotions,3.9,7.2k,25k,705,80,FMCG | Bengaluru +378 other locations,NA
82,Megha Engineering & Infrastructures,Work Life Balance,Promotions,3.9,6.9k,18.8k,580,21,Engineering & Construction | Hyderabad +408 other locations,NA
83,Coforge,"Promotions, Work Satisfaction, Skill Development",,3.3,6.9k,51.5k,744,123,IT Services & Consulting | Noida +103 other locations,NA
84,Tata Projects,"Salary, Company Culture, Work Life Balance",,4.2,6.8k,22.8k,625,45,Engineering & Construction | Mumbai +284 other locations,NA
85,Bajaj Life Insurance,Salary,,3.8,6.6k,17.8k,452,62,Insurance | Pune +617 other locations,NA
86,Cholamandalam Investment & Finance,Salary,Promotions,3.8,6.6k,13.2k,296,30,Financial Services | Chennai +863 other locations,NA
87,L&T Technology Services,"Promotions, Salary, Work Satisfaction",,3.1,6.6k,44.5k,634,--,IT Services & Consulting | Bengaluru +95 other locations,NA
88,FIS,Work Life Balance,"Promotions, Job Security, Skill Development",3.8,6.6k,39.3k,543,209,FinTech | Pune +59 other locations,NA
89,Oracle,Work Life Balance,"Promotions, Salary, Work Satisfaction",3.4,6.5k,64.8k,958,37,Software Product | Bengaluru +56 other locations,NA
90,Omega Healthcare,"Promotions, Salary",,3.8,6.4k,27.8k,559,169,BPO | Chennai +70 other locations,NA
91,JLL,"Job Security, Company Culture, Work Life Balance",Promotions,4.1,6.4k,25k,497,309,Real Estate | Gurugram +87 other locations,NA
92,Muthoot Finance,"Promotions, Work Satisfaction",,3.7,6.4k,13.2k,360,157,NBFC | Bengaluru +793 other locations,NA
93,IIFL Finance,"Work Life Balance, Company Culture, Job Security",,4.0,6.3k,14k,333,53,NBFC | Mumbai +810 other locations,NA
94,eClerx,"Promotions, Salary, Work Satisfaction",,3.1,6.3k,33.1k,646,404,IT Services & Consulting | Pune +32 other locations,NA
95,Indian Army,"Job Security, Company Culture, Work Life Balance",,4.7,6.2k,9.4k,212,--,Defence & Aerospace | New Delhi +360 other locations,NA
96,Piramal Finance,"Company Culture, Work Life Balance, Skill Development",,4.2,6.1k,--,301,638,NBFC | New Delhi +432 other locations,NA
97,Virtusa Consulting Services,"Promotions, Work Satisfaction, Job Security",,3.7,6.1k,57.6k,682,433,IT Services & Consulting | Hyderabad +55 other locations,NA
98,DMart,"Job Security, Company Culture",Promotions,3.9,6.1k,19.4k,561,243,Retail | Mumbai +254 other locations,NA
99,HCL Group,Job Security,"Promotions, Salary, Work Satisfaction",3.5,6.1k,39.2k,522,--,IT Services & Consulting | Chennai +96 other locations,NA
100,PolicyBazaar,Salary,Work Life Balance,3.8,6.1k,18k,641,1.2k,Internet | Gurugram +154 other locations,NA
101,HSBC Group,"Work Life Balance, Job Security, Company Culture","Promotions, Salary",3.8,6k,44.7k,555,170,Financial Services | Bengaluru +63 other locations,NA
102,Indiamart Intermesh,"Work Satisfaction, Promotions, Company Culture",,3.5,6k,21.8k,762,146,Internet | Noida +169 other locations,NA
103,SMFG India Credit,Salary,Promotions,3.9,5.9k,11.4k,216,83,NBFC | Mumbai +603 other locations,NA
104,Access Healthcare,Job Security,Promotions,3.7,5.9k,29.3k,409,1.6k,BPO | Chennai +62 other locations,NA
105,BigBasket,Job Security,Promotions,3.9,5.8k,19.8k,498,77,Internet | Bengaluru +143 other locations,NA
106,Siemens,"Work Life Balance, Job Security, Company Culture",Promotions,3.9,5.8k,34.8k,514,589,Industrial Automation | Bengaluru +155 other locations,NA
107,Aurobindo Pharma,"Job Security, Salary, Work Life Balance",Promotions,4.0,5.8k,20.5k,295,33,Pharma | Hyderabad +115 other locations,NA
108,ICICI Lombard General Insurance Company,"Promotions, Work Satisfaction, Company Culture",,3.5,5.8k,20.3k,367,214,Insurance | Mumbai +320 other locations,NA
109,Manappuram Finance,"Work Life Balance, Promotions, Skill Development",,3.9,5.8k,9.2k,231,33,NBFC | Bengaluru +660 other locations,NA
110,GlobalLogic,"Promotions, Salary, Work Satisfaction",,3.5,5.8k,41.6k,688,68,IT Services & Consulting | Hyderabad +62 other locations,NA
111,Firstsource Solutions,"Promotions, Salary, Work Satisfaction",,3.5,5.8k,24.7k,367,112,BPO | Bengaluru +73 other locations,NA
112,Tata Capital,"Job Security, Company Culture, Work Life Balance",Promotions,3.9,5.7k,16k,286,3.5k,NBFC | Mumbai +452 other locations,NA
113,UST,Work Life Balance,"Promotions, Job Security, Salary",3.7,5.7k,40.9k,596,71,IT Services & Consulting | Bengaluru +52 other locations,NA
114,Udaan,"Salary, Skill Development","Job Security, Promotions",3.9,5.7k,15.2k,373,9,Internet | Bengaluru +366 other locations,NA
115,Shapoorji Pallonji Group,"Job Security, Company Culture, Work Life Balance",Promotions,4.1,5.7k,15.4k,436,58,Engineering & Construction | Mumbai +189 other locations,NA
116,Standard Chartered,"Promotions, Work Satisfaction, Salary",,3.6,5.7k,42.5k,327,--,Banking | Chennai +68 other locations,NA
117,Apollo Hospitals,"Job Security, Skill Development, Company Culture",Promotions,4.0,5.6k,16.9k,494,272,Healthcare | Chennai +226 other locations,NA
118,Bosch Global Software Technologies,"Work Life Balance, Company Culture, Job Security","Promotions, Salary, Work Satisfaction",3.7,5.6k,41.2k,396,19,IT Services & Consulting | Bengaluru +47 other locations,NA
119,Mahindra Finance,Work Life Balance,Promotions,3.9,5.6k,12.1k,224,116,NBFC | Mumbai +736 other locations,NA
120,Swiggy,"Job Security, Promotions, Work Satisfaction",,3.7,5.6k,24.1k,589,179,Internet | Bengaluru +238 other locations,NA
121,Ashok Leyland,"Work Life Balance, Skill Development, Company Culture",Promotions,4.0,5.6k,18.8k,328,2,Automobile | Chennai +265 other locations,NA
122,Citicorp,Salary,"Promotions, Work Satisfaction, Skill Development",3.6,5.6k,54.5k,641,--,Financial Services | Pune +68 other locations,NA
123,Hero MotoCorp,"Work Life Balance, Company Culture, Work Satisfaction",Promotions,4.1,5.4k,16.2k,420,6,Automobile | Gurugram +369 other locations,NA
124,CGI Group,"Work Life Balance, Job Security, Company Culture","Promotions, Salary",4.0,5.4k,47.1k,567,444,IT Services & Consulting | Bengaluru +43 other locations,NA
125,Piramal Capital Housing Finance,"Company Culture, Work Life Balance, Skill Development",,,--,--,--,--,NBFC | Mumbai +413 other locations,NA
126,Cyient,"Promotions, Salary, Skill Development",,3.6,5.3k,27.6k,337,123,IT Services & Consulting | Hyderabad +49 other locations,NA
127,SBI Cards & Payment Services,"Promotions, Work Satisfaction, Company Culture",,3.6,5.3k,16.3k,313,91,Financial Services | Gurugram +447 other locations,NA
128,BNY,"Promotions, Job Security, Work Satisfaction",,3.6,5.3k,32k,406,3,Financial Services | Pune +27 other locations,NA
129,NTT DATA,Work Life Balance,Promotions,3.8,5.3k,38.6k,760,10,IT Services & Consulting | Bengaluru +81 other locations,NA
130,Kalpataru Projects International,"Job Security, Skill Development, Salary",,4.2,5.2k,13.9k,341,--,Engineering & Construction | Mumbai +325 other locations,NA
131,IQVIA,"Work Life Balance, Job Security","Promotions, Salary, Work Satisfaction",3.7,5.2k,31.8k,567,32,Clinical Research | Bengaluru +67 other locations,NA
132,Nagarjuna Construction Company,"Job Security, Work Life Balance, Skill Development",Promotions,4.0,5.2k,12.6k,455,11,Engineering & Construction | Hyderabad +299 other locations,NA
133,JustDial,"Promotions, Work Satisfaction, Job Security",,3.5,5.2k,15.3k,396,44,Internet | Noida +235 other locations,NA
134,Schneider Electric,"Company Culture, Work Life Balance, Job Security",Promotions,4.1,5.1k,25.7k,467,490,Industrial Automation | Bengaluru +121 other locations,NA
135,CBRE,"Company Culture, Work Life Balance, Job Security",,4.1,5.1k,19.2k,359,164,Real Estate | Hyderabad +92 other locations,NA
136,SBI Life Insurance Company,Job Security,"Promotions, Work Life Balance, Work Satisfaction",3.7,5.1k,11.8k,317,12,Insurance | Mumbai +657 other locations,NA
137,TVS Motor,"Job Security, Skill Development, Salary",Promotions,3.9,5.1k,16.4k,417,95,Automobile | Hosur +351 other locations,NA
138,Persistent Systems,"Promotions, Job Security, Work Satisfaction",,3.6,5k,46.8k,720,300,IT Services & Consulting | Pune +42 other locations,NA
139,State Bank of India,"Job Security, Skill Development, Salary",,3.8,5k,11.7k,321,2,Banking | Mumbai +622 other locations,NA
140,Atos,Work Life Balance,"Promotions, Salary",3.8,4.9k,33.8k,413,67,IT Services & Consulting | Pune +49 other locations,NA
141,KEC International,"Job Security, Salary, Company Culture",Promotions,4.0,4.9k,13.8k,426,14,Engineering & Construction | Mumbai +317 other locations,NA
142,vivo,"Company Culture, Skill Development, Work Life Balance",Promotions,4.1,4.9k,12.9k,246,22,Consumer Electronics & Appliances | Noida +414 other locations,NA
143,ITC Infotech,"Work Life Balance, Job Security",Promotions,3.8,4.9k,30.1k,423,62,IT Services & Consulting | Bengaluru +69 other locations,NA
144,Amdocs,Company Culture,"Promotions, Job Security, Work Satisfaction",3.6,4.9k,37.8k,563,12,Software Product | Pune +24 other locations,NA
145,Ecom Express,"Work Life Balance, Company Culture, Work Satisfaction",,4.1,4.8k,9.4k,267,--,Logistics | Gurugram +778 other locations,NA
146,JBM Group,"Job Security, Skill Development",Promotions,3.9,4.8k,14.1k,358,183,Auto Components | Gurugram +118 other locations,NA
147,Varun Beverages,"Job Security, Work Life Balance, Skill Development",Promotions,4.0,4.8k,12k,356,53,Beverage | New Delhi +383 other locations,NA
148,Eviden,Work Life Balance,"Promotions, Salary, Job Security",3.6,4.8k,27.1k,316,--,IT Services & Consulting | Pune +39 other locations,NA
149,Nagarro,"Company Culture, Work Life Balance",Promotions,3.9,4.7k,33.3k,838,339,IT Services & Consulting | Gurugram +48 other locations,NA
150,Utkarsh Small Finance Bank,"Promotions, Company Culture, Work Satisfaction",,3.6,4.7k,11.7k,317,38,Banking | Varanasi +418 other locations,NA
151,Randstad,"Promotions, Job Security, Work Satisfaction",,3.7,4.7k,17k,337,12,Recruitment | Hyderabad +365 other locations,NA
152,EY Global Delivery Services ( EY GDS),Job Security,"Promotions, Work Satisfaction, Work Life Balance",3.5,4.7k,52.4k,902,5,IT Services & Consulting | Bengaluru +56 other locations,NA
153,Bosch,"Work Life Balance, Company Culture, Job Security",Promotions,4.1,4.7k,21.2k,385,--,Auto Components | Bengaluru +132 other locations,NA
154,Hewlett Packard Enterprise,"Company Culture, Work Life Balance, Work Satisfaction",Promotions,4.0,4.6k,27.6k,270,243,IT Services & Consulting | Bengaluru +104 other locations,NA
155,L&T Finance,"Salary, Job Security",Promotions,3.9,4.6k,11.7k,225,--,NBFC | Mumbai +648 other locations,NA
156,Aditya Birla Fashion and Retail,"Job Security, Skill Development, Company Culture",Promotions,4.0,4.6k,13.3k,269,59,Fashion & Textile | Bengaluru +293 other locations,NA
157,Havells,"Work Life Balance, Salary",Promotions,3.9,4.6k,15.2k,301,35,Electrical Equipment | Noida +264 other locations,NA
158,Cars24,"Job Security, Promotions, Company Culture",,3.5,4.6k,15.6k,411,67,Internet | Gurugram +172 other locations,NA
159,Mahindra Logistics,"Promotions, Salary",,3.7,4.6k,12.9k,254,66,Logistics | Mumbai +233 other locations,NA
160,Intas Pharmaceuticals,"Job Security, Salary, Work Life Balance",,4.1,4.6k,17.5k,266,41,Pharma | Ahmedabad +150 other locations,NA
161,R1 RCM,Job Security,Promotions,3.8,4.6k,22.5k,365,163,BPO | Hyderabad +49 other locations,NA
162,Home Credit Finance,"Work Life Balance, Company Culture, Skill Development",,4.0,4.5k,9.2k,152,92,NBFC | Gurugram +139 other locations,NA
163,Dell,"Work Life Balance, Company Culture","Promotions, Job Security",3.8,4.5k,29.2k,432,22,Consumer Electronics & Appliances | Bengaluru +114 other locations,NA
164,Tata AIA Life Insurance,"Job Security, Skill Development, Salary",,3.9,4.5k,14.4k,259,981,Insurance | Mumbai +451 other locations,NA
165,Hetero,"Job Security, Work Life Balance",Promotions,3.9,4.5k,15.2k,350,55,Pharma | Hyderabad +70 other locations,NA
166,Deutsche Bank,"Work Life Balance, Job Security, Company Culture",Promotions,3.8,4.5k,38k,428,476,Banking | Pune +42 other locations,NA
167,Berger Paints,"Promotions, Work Life Balance, Company Culture",,3.7,4.5k,10.7k,444,125,Chemicals | Kolkata +365 other locations,NA
168,OPPO,Skill Development,"Promotions, Job Security",3.9,4.4k,11.8k,257,10,Consumer Electronics & Appliances | Greater Noida +406 other locations,NA
169,Hyundai Motor India Limited,"Job Security, Skill Development, Salary",,4.1,4.4k,14.3k,327,3,Automobile | Chennai +292 other locations,NA
170,Lenskart,"Promotions, Company Culture, Work Life Balance",,3.3,4.4k,13.2k,472,172,Internet | New Delhi +250 other locations,NA
171,Motilal Oswal Financial Services,Skill Development,"Promotions, Work Satisfaction",3.7,4.4k,13.2k,553,49,Financial Services | Mumbai +169 other locations,NA
172,TeamLease Services,Work Life Balance,Promotions,3.9,4.4k,16.5k,255,--,Recruitment | Bengaluru +403 other locations,NA
173,VE Commercial Vehicles,"Job Security, Company Culture, Skill Development","Promotions, Salary",3.9,4.3k,14.4k,293,29,Automobile | Indore +180 other locations,NA
174,Thermax Limited,"Job Security, Company Culture, Skill Development",Promotions,4.2,4.3k,13.3k,349,48,Industrial Machinery | Pune +256 other locations,NA
175,Macleods Pharmaceuticals,Job Security,"Promotions, Company Culture",3.7,4.2k,15.7k,271,24,Pharma | Mumbai +136 other locations,NA
176,Carelon Global Solutions,"Company Culture, Work Life Balance, Job Security",Promotions,3.9,4.2k,29k,428,77,IT Services & Consulting | Bengaluru +20 other locations,NA
177,Jubilant Foods Works,"Promotions, Work Satisfaction",,3.7,4.2k,9.7k,258,326,Hospitality | Noida +267 other locations,NA
178,Aakash Educational Services,"Promotions, Work Life Balance, Job Security",,3.2,4.2k,14.2k,380,91,Education & Training | New Delhi +249 other locations,NA
179,Bajaj Auto,Promotions,,3.8,4.2k,14.7k,329,40,Automobile | Pune +324 other locations,NA
180,State Street Corporation,"Promotions, Work Satisfaction, Job Security",,3.5,4.2k,33.9k,298,11,Financial Services | Bengaluru +36 other locations,NA
181,Jindal Steel Limited,Skill Development,Promotions,3.9,4.1k,16.1k,435,82,Iron & Steel | Angul +173 other locations,NA
182,LG Electronics,Job Security,Promotions,3.8,4.1k,11.3k,262,12,Consumer Electronics & Appliances | Pune +300 other locations,NA
183,Kogta Financial India Limited,"Company Culture, Work Life Balance, Work Satisfaction",,4.7,4.1k,1.9k,252,94,NBFC | Jaipur +260 other locations,NA
184,Hindalco Industries,"Job Security, Work Life Balance, Skill Development",,4.2,4.1k,12.8k,315,23,Metals & Mining | Sambalpur +130 other locations,NA
185,Royal Enfield,"Work Life Balance, Skill Development, Company Culture",Promotions,4.2,4.1k,15.1k,206,2,Automobile | Chennai +373 other locations,NA
186,HDFC ERGO General Insurance,"Company Culture, Work Life Balance, Job Security",Promotions,4.0,4.1k,12.2k,205,67,Insurance | Mumbai +326 other locations,NA
187,DCB Bank,Work Life Balance,Promotions,3.8,4k,9.8k,234,14,Banking | Mumbai +345 other locations,NA
188,John Deere,"Company Culture, Work Life Balance, Skill Development",Promotions,4.0,4k,15.6k,269,4,Industrial Machinery | Pune +154 other locations,NA
189,RBL Bank,"Promotions, Company Culture, Work Satisfaction",,3.5,4k,18.7k,248,34,Banking | Mumbai +291 other locations,NA
190,Tata Communications,"Work Life Balance, Company Culture, Job Security","Promotions, Salary",3.9,4k,23.7k,305,163,Telecom | Pune +100 other locations,NA
191,Publicis Sapient,"Promotions, Job Security, Work Satisfaction",,3.2,4k,33k,709,192,IT Services & Consulting | Bengaluru +46 other locations,NA
192,Cummins,"Company Culture, Work Life Balance, Work Satisfaction",,4.3,4k,15.7k,292,112,Industrial Machinery | Pune +115 other locations,NA
193,Alembic Pharmaceuticals,"Salary, Work Life Balance",,3.9,3.9k,15.5k,261,66,Pharma | Vadodara +187 other locations,NA
194,Bank of America,"Job Security, Work Life Balance, Company Culture",Promotions,4.1,3.9k,29.9k,295,--,Banking | Gurugram +34 other locations,NA
195,Pidilite Industries,"Job Security, Work Life Balance, Company Culture",Promotions,4.2,3.9k,11.7k,267,22,Chemicals | Mumbai +319 other locations,NA
196,Grasim Industries,"Job Security, Skill Development, Company Culture",Promotions,4.0,3.9k,13.2k,291,10,Building Material | Bharuch +261 other locations,NA
197,Oyo Rooms,"Job Security, Work Satisfaction, Company Culture",,3.0,3.9k,14k,259,163,Internet | Gurugram +121 other locations,NA
198,Aditya Birla Sun Life Insurance,"Work Life Balance, Company Culture, Job Security",,4.0,3.9k,10.4k,187,1,Insurance | Mumbai +503 other locations,NA
199,American Express,"Company Culture, Work Life Balance, Job Security",Promotions,4.1,3.9k,25.7k,432,47,Financial Services | Gurugram +54 other locations,NA
200,Kyndryl,"Work Life Balance, Company Culture, Skill Development",Promotions,4.0,3.9k,27.4k,236,8,IT Services & Consulting | Bengaluru +39 other locations,NA
201,ADP Private Limited,"Job Security, Company Culture, Work Life Balance","Promotions, Salary",3.9,3.8k,22.3k,295,59,Software Product | Hyderabad +41 other locations,NA
202,Subros,"Job Security, Company Culture, Skill Development","Salary, Promotions",3.8,3.8k,12.8k,221,5,Auto Components | Noida +88 other locations,NA
203,PNB MetLife,"Job Security, Company Culture, Work Satisfaction",,3.3,3.8k,8.1k,196,21,Insurance | New Delhi +433 other locations,NA
204,Cloudnine Hospital,"Company Culture, Skill Development, Work Life Balance",,4.5,3.8k,3k,1.5k,8,Healthcare | Bengaluru +46 other locations,NA
205,Aditya Birla Capital,Promotions,,3.8,3.8k,14.4k,265,1,NBFC | Mumbai +346 other locations,NA
206,Altruist Technologies,"Work Life Balance, Job Security, Skill Development",,4.4,3.8k,8.3k,724,6,BPO | Bengaluru +43 other locations,NA
207,XpressBees,"Work Life Balance, Skill Development, Company Culture",,4.2,3.8k,8.3k,448,11,Logistics | Pune +479 other locations,NA
208,Viatris,"Salary, Job Security, Work Life Balance",,4.1,3.8k,14.4k,171,3,Pharma | Hyderabad +80 other locations,NA
209,PVR INOX,Promotions,,3.9,3.8k,9.6k,219,34,Media & Entertainment | New Delhi +151 other locations,NA
210,Escorts Kubota Limited,"Work Life Balance, Company Culture, Skill Development",Promotions,4.1,3.8k,13.8k,306,1,Industrial Machinery | Faridabad +158 other locations,NA
211,KPIT Technologies,"Job Security, Promotions, Work Satisfaction",,2.8,3.8k,23.9k,350,26,Software Product | Pune +43 other locations,NA
212,Reliance Communications,"Skill Development, Company Culture, Work Life Balance",Promotions,4.0,3.8k,9.5k,107,--,Telecom | Mumbai +465 other locations,NA
213,Maersk,"Company Culture, Work Life Balance",Promotions,4.0,3.8k,19.5k,253,49,Logistics | Chennai +50 other locations,NA
214,Birlasoft,"Promotions, Salary, Work Satisfaction",,3.4,3.8k,30k,317,603,IT Services & Consulting | Pune +50 other locations,NA
215,JK Cement,Salary,,4.0,3.7k,10.4k,348,1,Building Material | New Delhi +333 other locations,NA
216,Synechron,"Job Security, Promotions, Work Satisfaction",,3.4,3.7k,28.8k,408,104,IT Services & Consulting | Pune +33 other locations,NA
217,Glenmark Pharmaceuticals,Promotions,,3.8,3.7k,12.2k,185,106,Pharma | Mumbai +188 other locations,NA
218,Kotak Mahindra Life Insurance Company,"Promotions, Work Satisfaction, Company Culture",,3.5,3.7k,12.7k,264,221,Insurance | Mumbai +258 other locations,NA
219,Bharat Electronics,"Work Life Balance, Company Culture, Work Satisfaction",,4.2,3.7k,12.7k,251,1,Electronics Manufacturing | Bengaluru +87 other locations,NA
220,Sodexo,"Company Culture, Work Life Balance, Work Satisfaction",Promotions,4.0,3.7k,10k,210,1.1k,Facility Management Services | Mumbai +161 other locations,NA
221,Dabur,Salary,Promotions,3.8,3.7k,9k,338,34,FMCG | New Delhi +319 other locations,NA
222,Cogent E Services,"Company Culture, Work Satisfaction, Promotions",,3.1,3.7k,10.4k,299,2,BPO | Noida +57 other locations,NA
223,PhonePe,"Salary, Work Life Balance, Company Culture",,4.0,3.6k,13.6k,435,80,FinTech | Bengaluru +400 other locations,NA
224,Godrej & Boyce Manufacturing,Job Security,Promotions,3.9,3.6k,15.1k,236,58,Consumer Electronics & Appliances | Mumbai +169 other locations,NA
225,Abbott,"Work Life Balance, Skill Development, Salary",Promotions,4.1,3.6k,12k,185,227,Pharma | Mumbai +214 other locations,NA
226,Samvardhana Motherson Group,Job Security,"Promotions, Company Culture, Work Satisfaction",3.7,3.6k,12k,260,42,Auto Components | Noida +94 other locations,NA
227,Ipca Laboratories,"Job Security, Work Life Balance","Promotions, Salary",3.8,3.6k,11.6k,215,40,Pharma | Mumbai +162 other locations,NA
228,Aarti Industries,"Job Security, Work Life Balance, Company Culture",,4.1,3.6k,14.6k,335,43,Agro Chemicals | Bharuch +59 other locations,NA
229,Blinkit,Salary,"Promotions, Job Security",3.8,3.6k,14k,376,--,Internet | Gurugram +157 other locations,NA
230,Reliance Projects & Property Management Services,"Work Life Balance, Job Security, Skill Development",Promotions,4.0,3.6k,7.4k,215,--,Other | Kolkata +624 other locations,NA
231,UNO Minda,"Job Security, Company Culture, Skill Development",Promotions,4.0,3.6k,11.6k,267,71,Auto Components | Pune +110 other locations,NA
232,Reliance Digital,"Skill Development, Job Security, Company Culture",,4.1,3.6k,8.3k,174,2,Retail | Mumbai +382 other locations,NA
233,MRF Tyres,"Company Culture, Work Satisfaction, Work Life Balance",,3.6,3.6k,13.2k,383,12,Auto Components | Chennai +194 other locations,NA
234,IGT Solutions,"Promotions, Salary, Company Culture",,3.2,3.6k,13.8k,257,93,BPO | New Delhi +47 other locations,NA
235,ArcelorMittal Nippon Steel India,"Work Life Balance, Job Security, Company Culture",,4.1,3.5k,12.4k,280,8,Iron & Steel | Surat +87 other locations,NA
236,Indian Oil Corporation,"Company Culture, Work Life Balance, Work Satisfaction",,4.4,3.5k,7.9k,243,--,Oil & Gas | New Delhi +310 other locations,NA
237,Johnson Controls,"Promotions, Company Culture, Work Satisfaction",,3.5,3.5k,17.9k,307,6,Industrial Automation | Pune +58 other locations,NA
238,Alkem Laboratories,"Work Life Balance, Salary",,3.9,3.5k,9.9k,202,18,Pharma | Mumbai +199 other locations,NA
239,"NTT DATA, Inc.","Work Life Balance, Company Culture, Job Security",Promotions,3.9,3.5k,21.3k,157,116,IT Services & Consulting | Bengaluru +37 other locations,NA
240,Honda Motorcycle & Scooter,"Job Security, Company Culture, Work Life Balance",Promotions,4.1,3.5k,11.2k,207,--,Automobile | Gurugram +300 other locations,NA
241,[24]7.ai,"Promotions, Salary, Work Satisfaction",,3.4,3.5k,11.7k,192,69,Software Product | Bengaluru +36 other locations,NA
242,Vishal Mega Mart,Salary,"Company Culture, Work Satisfaction, Job Security",3.7,3.5k,6.2k,217,8,Retail | New Delhi +379 other locations,NA
243,Hindustan Coca Cola Beverages,"Salary, Skill Development, Company Culture",Promotions,4.0,3.4k,8k,185,52,Beverage | Bengaluru +263 other locations,NA
244,UBS,"Work Life Balance, Company Culture","Promotions, Job Security",3.8,3.4k,32.2k,378,2,Financial Services | Pune +19 other locations,NA
245,Barclays,Work Life Balance,"Promotions, Skill Development, Work Satisfaction",3.7,3.4k,33.7k,324,--,Banking | Pune +38 other locations,NA
246,Bajaj General Insurance Limited,"Promotions, Work Satisfaction, Work Life Balance",,3.7,3.4k,10.8k,141,83,Insurance | Pune +306 other locations,NA
247,IndusInd Nippon Life Insurance,"Job Security, Company Culture, Work Satisfaction",,3.4,3.4k,8.1k,172,1,Mumbai +491 other locations,NA
248,DTDC Express,"Promotions, Salary, Company Culture",,3.7,3.4k,9k,199,40,Logistics | New Delhi +273 other locations,NA
249,ABB,"Work Life Balance, Job Security, Company Culture",Promotions,4.0,3.4k,18.6k,297,325,Industrial Machinery | Bengaluru +108 other locations,NA
250,Ceat Tyres,"Job Security, Company Culture, Skill Development","Promotions, Salary",3.9,3.4k,13.1k,214,48,Auto Components | Nagpur +141 other locations,NA
251,TVS Credit Services Ltd,"Salary, Company Culture, Work Life Balance",,4.2,3.4k,7.5k,164,38,NBFC | Chennai +443 other locations,NA
252,Ford Motor,"Company Culture, Work Life Balance, Salary",Promotions,4.2,3.4k,15.5k,176,1,Automobile | Chennai +130 other locations,NA
253,RSPL Group,"Job Security, Work Life Balance, Company Culture",Promotions,4.0,3.4k,9.8k,261,84,FMCG | Kanpur +256 other locations,NA
254,NatWest Group,"Work Life Balance, Job Security, Company Culture","Promotions, Salary",3.9,3.4k,21.6k,238,48,Banking | Gurugram +29 other locations,NA
255,AGS Health,"Company Culture, Job Security, Work Life Balance",Promotions,4.0,3.3k,14.7k,218,40,Analytics & KPO | Chennai +64 other locations,NA
256,HARMAN,"Work Life Balance, Company Culture",Promotions,3.8,3.3k,24.2k,295,111,Consumer Electronics & Appliances | Bengaluru +42 other locations,NA
257,Alstom Transportation,Job Security,"Promotions, Company Culture, Work Satisfaction",3.7,3.3k,15.6k,283,205,Engineering & Construction | Bengaluru +80 other locations,NA
258,Conduent,"Promotions, Salary, Skill Development",,3.4,3.3k,17.4k,240,304,BPO | Bengaluru +35 other locations,NA
259,Croma,"Work Life Balance, Job Security, Skill Development",Promotions,3.8,3.3k,9.4k,190,49,Retail | Mumbai +191 other locations,NA
260,Niva Bupa Health Insurance Company,"Work Life Balance, Company Culture, Work Satisfaction",,4.0,3.3k,8.6k,381,85,Insurance | New Delhi +323 other locations,NA
261,InterGlobe Aviation,"Promotions, Salary, Work Life Balance",,3.5,3.3k,13.7k,379,32,Aviation | New Delhi +104 other locations,NA
262,Indian Air Force,"Job Security, Company Culture, Skill Development",,4.6,3.3k,5.3k,86,2,Defence & Aerospace | New Delhi +134 other locations,NA
263,Tata Technologies,"Promotions, Salary, Work Satisfaction",,3.4,3.2k,23.3k,315,156,Engineering & Construction | Pune +57 other locations,NA
264,Tata AIG,"Job Security, Company Culture, Work Life Balance",Promotions,4.0,3.2k,11.7k,196,71,Insurance | Mumbai +261 other locations,NA
265,GeBBS Healthcare Solutions,Job Security,"Promotions, Salary",3.8,3.2k,11.3k,186,76,BPO | Mumbai +26 other locations,NA
266,Canara HSBC Life Insurance,"Salary, Company Culture, Work Life Balance",,4.2,3.2k,6.3k,577,--,Insurance | Gurugram +365 other locations,NA
267,UPL,"Job Security, Work Life Balance, Skill Development",,4.1,3.2k,11.2k,223,36,Agro Chemicals | Ankleshwar +184 other locations,NA
268,Allcargo Logistics,Promotions,,3.8,3.2k,7.1k,139,24,Logistics | Mumbai +175 other locations,NA
269,PepsiCo,"Company Culture, Work Life Balance, Work Satisfaction",Promotions,4.0,3.2k,14k,248,176,Food Processing | Hyderabad +280 other locations,NA
270,Max Healthcare,"Job Security, Skill Development, Company Culture",Promotions,4.0,3.2k,10.5k,190,150,Healthcare | New Delhi +77 other locations,NA
271,Sagility,"Job Security, Company Culture, Work Life Balance","Promotions, Salary",3.9,3.2k,12.8k,251,80,BPO | Bengaluru +28 other locations,NA
272,Mankind Pharma,Salary,,3.8,3.1k,9.8k,259,6,Pharma | New Delhi +247 other locations,NA
273,Dilip Buildcon,Salary,"Promotions, Job Security",3.9,3.1k,8.1k,192,8,Engineering & Construction | Bhopal +230 other locations,NA
274,Titan Company,"Company Culture, Job Security, Work Life Balance",Promotions,4.2,3.1k,9.8k,210,70,Retail | Bengaluru +185 other locations,NA
275,Amazon Transportation Services,"Company Culture, Skill Development, Salary",,4.2,3.1k,8.6k,260,--,Logistics | Hyderabad +223 other locations,NA
276,Jindal Stainless,"Job Security, Work Life Balance, Skill Development",,4.2,3.1k,11.8k,325,79,Iron & Steel | Jajpur +77 other locations,NA
277,Marpu Foundation,"Company Culture, Work Life Balance, Work Satisfaction",,4.9,3.1k,61,266,--,Non-Profit | Hyderabad +61 other locations,NA
278,Walmart,"Promotions, Work Satisfaction, Job Security",,3.5,3.1k,24k,445,274,Retail | Bengaluru +91 other locations,NA
279,Varroc Group,"Promotions, Job Security, Company Culture",,3.6,3.1k,9.7k,225,28,Auto Components | Pune +61 other locations,NA
280,S&P Global,"Company Culture, Work Life Balance",Promotions,4.0,3.1k,20.9k,335,203,Analytics & KPO | Hyderabad +47 other locations,NA
281,Societe Generale Global Solution Centre,"Work Life Balance, Job Security","Promotions, Salary, Work Satisfaction",3.6,3.1k,23.5k,303,45,IT Services & Consulting | Bengaluru +23 other locations,NA
282,MSN Laboratories,Job Security,"Company Culture, Work Satisfaction, Work Life Balance",3.6,3.1k,9.6k,180,44,Pharma | Hyderabad +105 other locations,NA
283,Quest Global,"Promotions, Salary, Work Satisfaction",,3.5,3.1k,21.8k,365,221,IT Services & Consulting | Bengaluru +49 other locations,NA
284,Afcons Infrastructure,"Job Security, Skill Development, Company Culture",,4.2,3.1k,8.7k,269,36,Engineering & Construction | Mumbai +123 other locations,NA
285,Torrent Pharmaceuticals,"Job Security, Work Life Balance, Company Culture","Promotions, Salary",4.0,3.1k,10.5k,173,30,Pharma | Ahmedabad +131 other locations,NA
286,Ola Electric Mobility,Salary,"Job Security, Promotions, Company Culture",3.3,3.1k,9.9k,311,--,Automobile | Bengaluru +439 other locations,NA
287,ESAF Small Finance Bank,"Promotions, Work Satisfaction, Company Culture",,3.6,3k,7.6k,172,60,Banking | Thrissur +458 other locations,NA
288,IDFC FIRST Bharat,"Salary, Company Culture, Work Life Balance",,4.2,3k,5.1k,155,14,Financial Services | Chennai +442 other locations,NA
289,Future Group,"Skill Development, Company Culture, Work Life Balance",,4.2,3k,6.4k,84,--,Retail | Mumbai +207 other locations,NA
290,Square Yards,"Job Security, Company Culture, Work Life Balance",,3.5,3k,9.5k,232,92,Internet | Gurugram +51 other locations,NA
291,HDFC Sales,"Skill Development, Company Culture, Work Life Balance","Promotions, Salary",3.9,3k,8.3k,198,51,Financial Services | Mumbai +350 other locations,NA
292,Tata AutoComp Systems,Job Security,"Promotions, Salary, Company Culture",3.7,3k,9.3k,213,41,Auto Components | Pune +76 other locations,NA
293,Tata Elxsi,"Promotions, Salary, Work Satisfaction",,3.4,3k,23.9k,344,64,IT Services & Consulting | Bengaluru +30 other locations,NA
294,CMS IT Services,"Promotions, Salary, Company Culture",,3.1,3k,9.4k,160,51,IT Services & Consulting | Mumbai +153 other locations,NA
295,Zensar Technologies,Work Life Balance,"Promotions, Job Security, Work Satisfaction",3.7,3k,25.8k,283,399,IT Services & Consulting | Pune +29 other locations,NA
296,DS Group,"Work Life Balance, Company Culture, Job Security",Promotions,4.1,3k,7.4k,228,59,FMCG | Noida +286 other locations,NA
297,Bharat Financial Inclusion,Salary,"Work Satisfaction, Promotions, Work Life Balance",3.7,3k,5.5k,126,1,Financial Services | Hyderabad +505 other locations,NA
298,I Process Services,Work Life Balance,"Promotions, Salary",3.8,3k,5.7k,140,--,Recruitment | Mumbai +405 other locations,NA
299,Suzlon Group,"Job Security, Skill Development, Work Life Balance","Promotions, Salary",4.0,3k,7.8k,182,19,Power | Pune +145 other locations,NA
300,ACC,"Promotions, Job Security",,3.9,3k,9.1k,238,13,Building Material | Mumbai +274 other locations,NA
301,Fujitsu,"Work Life Balance, Company Culture",Promotions,3.8,2.9k,17.8k,214,91,IT Services & Consulting | Pune +41 other locations,NA
302,Eternal Limited,"Job Security, Promotions, Work Life Balance",,3.6,2.9k,14.9k,363,18,Internet | Gurugram +218 other locations,NA
303,Indus Towers,"Promotions, Job Security, Work Life Balance",,3.6,2.9k,9.4k,229,50,Telecom | Gurugram +241 other locations,NA
304,VVDN Technologies,"Promotions, Salary, Company Culture",,3.6,2.9k,14k,263,6,IT Services & Consulting | Gurugram +49 other locations,NA
305,Shoppers Stop,"Company Culture, Work Life Balance, Job Security",Promotions,4.0,2.9k,6.9k,146,23,Retail | Mumbai +85 other locations,NA
306,Tata Electronics,Job Security,"Promotions, Salary",3.9,2.9k,12.4k,282,121,Semiconductors | Hosur +57 other locations,NA
307,IKS Health,"Promotions, Salary, Work Satisfaction",,3.6,2.9k,11.6k,270,15,BPO | Mumbai +31 other locations,NA
308,Nokia,"Work Life Balance, Company Culture, Job Security",Promotions,4.0,2.9k,17.1k,329,219,Telecom | Bengaluru +165 other locations,NA
309,Zepto,"Job Security, Company Culture, Work Life Balance",,3.5,2.9k,10.1k,470,39,Internet | Bengaluru +107 other locations,NA
310,Yazaki,"Job Security, Skill Development",Promotions,3.9,2.9k,9.2k,191,1,Auto Components | Pune +94 other locations,NA
311,Apollo Tyres,"Company Culture, Work Life Balance, Job Security",Promotions,4.0,2.9k,10k,155,8,Auto Components | Chennai +179 other locations,NA
312,Shree Cement,"Promotions, Job Security",,3.8,2.9k,10.1k,229,10,Building Material | Beawar +260 other locations,NA
313,Fiserv,"Promotions, Job Security, Company Culture",,2.8,2.9k,17.7k,197,27,FinTech | Pune +33 other locations,NA
314,Britannia,"Job Security, Skill Development",Promotions,4.0,2.8k,8.6k,240,19,FMCG | Pune +306 other locations,NA
315,Landmark Group,Job Security,Promotions,3.8,2.8k,9.5k,178,5,Retail | Bengaluru +175 other locations,NA
316,Dalmia Bharat Cement,"Job Security, Salary",Promotions,3.9,2.8k,5.4k,206,1,Building Material | Guwahati +255 other locations,NA
317,SRF,"Job Security, Salary, Work Life Balance",Promotions,4.1,2.8k,9.1k,211,13,Chemicals | Bharuch +67 other locations,NA
318,UnitedHealth,"Job Security, Work Life Balance, Company Culture","Promotions, Salary",4.0,2.8k,13.9k,84,--,Healthcare | Hyderabad +18 other locations,NA
319,Nestlé,Salary,"Promotions, Work Life Balance, Work Satisfaction",3.7,2.8k,10.1k,288,26,FMCG | Gurugram +281 other locations,NA
320,Blue Dart Express Ltd,"Job Security, Company Culture, Work Life Balance",Promotions,3.9,2.8k,6.9k,133,6,Logistics | Mumbai +278 other locations,NA
321,Kansai Nerolac Paints,Promotions,,3.8,2.8k,8k,197,66,Chemicals | Mumbai +258 other locations,NA
322,Exide Industries,"Promotions, Company Culture, Work Satisfaction",,3.4,2.7k,8.9k,221,55,Auto Components | Kolkata +199 other locations,NA
323,Shell,"Work Life Balance, Company Culture, Salary","Promotions, Job Security",3.9,2.7k,14.3k,239,88,Oil & Gas | Bengaluru +91 other locations,NA
324,ZS,"Work Life Balance, Work Satisfaction, Promotions",,3.1,2.7k,21.7k,528,95,Management Consulting | Pune +17 other locations,NA
325,Exl India,Job Security,"Promotions, Salary, Work Satisfaction",3.5,2.7k,17.4k,134,1,Logistics | New Delhi +45 other locations,NA
326,Star Health & Allied Insurance,"Promotions, Company Culture, Work Satisfaction",,3.5,2.7k,10.4k,158,27,Insurance | Chennai +336 other locations,NA
327,KPMG Global Services,"Promotions, Work Satisfaction, Salary",,3.4,2.7k,24.1k,269,41,Management Consulting | Bengaluru +38 other locations,NA
328,Flex,"Company Culture, Work Life Balance, Work Satisfaction",Promotions,4.0,2.7k,15.6k,214,49,Electronics Manufacturing | Chennai +46 other locations,NA
329,TVS Supply Chain Solutions,"Promotions, Salary",,3.8,2.7k,8.6k,162,15,Logistics | Chennai +154 other locations,NA
330,Micro Labs,Job Security,"Promotions, Salary, Company Culture",3.6,2.7k,9.9k,153,29,Pharma | Bengaluru +154 other locations,NA
331,Whitehat jr,"Job Security, Promotions, Company Culture",,3.3,2.7k,9k,265,--,EdTech | Mumbai +48 other locations,NA
332,ElasticRun,Salary,"Job Security, Promotions, Work Satisfaction",3.6,2.7k,6.3k,277,5,Logistics | Pune +389 other locations,NA
333,Physicswallah,"Promotions, Job Security, Company Culture",,3.6,2.7k,8.9k,296,273,EdTech | Noida +137 other locations,NA
334,Foxconn,Job Security,Promotions,3.8,2.7k,11.5k,239,19,Electronics Manufacturing | Chennai +64 other locations,NA
335,Capita,"Promotions, Salary, Job Security",,3.5,2.7k,12.6k,169,46,BPO | Pune +32 other locations,NA
336,KFintech,"Promotions, Salary, Skill Development",,3.3,2.7k,11.1k,178,4,Financial Services | Hyderabad +113 other locations,NA
337,G4S,"Work Life Balance, Job Security, Salary",Promotions,4.0,2.6k,5.2k,134,765,Law Enforcement & Security | Gurugram +164 other locations,NA
338,Ajanta Pharma,Job Security,Promotions,3.9,2.6k,8.9k,169,20,Pharma | Mumbai +117 other locations,NA
339,Voltas,"Job Security, Work Life Balance, Company Culture",Promotions,4.0,2.6k,8.6k,177,19,Consumer Electronics & Appliances | Mumbai +203 other locations,NA
340,Sonalika Tractors,"Promotions, Company Culture, Work Satisfaction",,3.5,2.6k,9.1k,177,2,Automobile | Hoshiarpur +195 other locations,NA
341,Blue Star,"Company Culture, Skill Development, Salary",Promotions,4.1,2.6k,10k,200,76,Consumer Electronics & Appliances | Mumbai +147 other locations,NA
342,Care Health Insurance,"Promotions, Salary, Company Culture",,3.5,2.6k,8.8k,165,49,Insurance | Gurugram +250 other locations,NA
343,Movate,"Promotions, Salary, Company Culture",,3.1,2.6k,15.3k,297,82,IT Services & Consulting | Chennai +38 other locations,NA
344,Gallagher,"Work Life Balance, Company Culture, Job Security","Promotions, Salary",3.6,2.6k,14.7k,278,143,Insurance | Bengaluru +29 other locations,NA
345,BlackBuck,"Promotions, Job Security",,3.7,2.6k,6.3k,216,21,Internet | Bengaluru +362 other locations,NA
346,Photon Interactive,"Skill Development, Salary, Company Culture",,4.1,2.6k,7.6k,139,699,IT Services & Consulting | Chennai +19 other locations,NA
347,NoBroker,"Job Security, Promotions, Work Satisfaction",,3.0,2.6k,11k,287,356,Internet | Bengaluru +46 other locations,NA
348,Tata Advanced Systems,Job Security,"Promotions, Salary",3.7,2.6k,13.1k,189,--,Defence & Aerospace | Bengaluru +58 other locations,NA
349,DBS Bank,Salary,"Promotions, Work Satisfaction",3.7,2.6k,13.4k,201,17,Banking | Hyderabad +179 other locations,NA
350,ACT Fibernet,"Company Culture, Job Security",Promotions,3.8,2.6k,7.9k,163,152,Telecom | Hyderabad +57 other locations,NA
351,Adani Power,Promotions,,3.7,2.6k,10.2k,323,--,Power | Mundra +129 other locations,NA
352,Domino's Pizza,"Skill Development, Salary",,3.9,2.6k,4.3k,133,--,Hospitality | New Delhi +252 other locations,NA
353,Foundever,"Promotions, Salary, Work Satisfaction",,3.4,2.6k,9k,183,56,BPO | Hyderabad +21 other locations,NA
354,Fortis Healthcare,"Job Security, Company Culture, Work Life Balance",,4.0,2.6k,7.7k,195,934,Healthcare | New Delhi +69 other locations,NA
355,Himalaya Wellness,"Company Culture, Work Life Balance",Promotions,3.9,2.6k,6.1k,152,33,Pharma | Bengaluru +243 other locations,NA
356,IntouchCX,"Promotions, Job Security, Company Culture",,2.7,2.6k,10.3k,241,195,BPO | Hyderabad +22 other locations,NA
357,BT Group,"Work Life Balance, Company Culture","Promotions, Skill Development, Salary",3.8,2.6k,11.9k,231,6,Telecom | Gurugram +25 other locations,NA
358,Sahrudaya Healthcare (Medicover Hospitals),"Work Life Balance, Skill Development, Company Culture",,4.4,2.5k,3.6k,147,22,Healthcare | Hyderabad +46 other locations,NA
359,Laurus Labs,"Job Security, Salary, Company Culture",,4.3,2.5k,7.3k,158,6,Pharma | Visakhapatnam +34 other locations,NA
360,Alldigi Tech,"Work Life Balance, Job Security",Promotions,3.9,2.5k,7.6k,235,27,BPO | Chennai +36 other locations,NA
361,V-Mart,"Skill Development, Job Security, Company Culture",,4.0,2.5k,4.5k,195,27,Retail | Gurugram +286 other locations,NA
362,Sterlite Technologies,"Promotions, Job Security",,3.8,2.5k,10.1k,186,121,Hardware & Networking | Chhatrapati Sambhajinagar +100 other locations,NA
363,JCB,Work Life Balance,Promotions,3.9,2.5k,9.8k,172,--,Industrial Machinery | Pune +111 other locations,NA
364,Northern Trust Operating Services,"Promotions, Salary, Work Satisfaction",,3.6,2.5k,17.7k,244,82,Financial Services | Bengaluru +27 other locations,NA
365,Bajaj Electricals,"Work Life Balance, Salary",Promotions,3.9,2.5k,7.4k,154,24,Consumer Electronics & Appliances | Mumbai +233 other locations,NA
366,Sammaan Capital Limited,Promotions,,3.7,2.5k,5.8k,114,16,NBFC | Gurugram +199 other locations,NA
367,Tractors and Farm Equipment,"Work Life Balance, Skill Development",Promotions,3.9,2.5k,8.4k,137,50,Industrial Machinery | Chennai +191 other locations,NA
368,Parle Agro,"Work Life Balance, Job Security",Promotions,3.9,2.5k,7.2k,150,1,Beverage | Mumbai +259 other locations,NA
369,Planet Spark,"Skill Development, Company Culture",,3.8,2.5k,3.7k,598,65,EdTech | Gurugram +59 other locations,NA
370,ICICI Securities,"Job Security, Work Life Balance, Company Culture",,3.9,2.5k,9.6k,199,4,Financial Services | Mumbai +151 other locations,NA
371,CorroHealth Infotech,Salary,"Work Life Balance, Work Satisfaction, Job Security",3.6,2.5k,7.7k,285,52,Analytics & KPO | Hyderabad +38 other locations,NA
372,Biocon Limited,"Work Life Balance, Company Culture, Job Security",Promotions,4.0,2.4k,11.6k,189,19,Biotechnology | Bengaluru +65 other locations,NA
373,Adani Group,Promotions,,3.8,2.4k,11.1k,301,852,Power | Ahmedabad +196 other locations,NA
374,Emcure Pharmaceuticals,"Job Security, Promotions, Company Culture",,3.6,2.4k,8.5k,131,62,Pharma | Pune +119 other locations,NA
375,McDonald's,"Skill Development, Job Security",Salary,3.9,2.4k,5.1k,158,--,Hospitality | New Delhi +151 other locations,NA
376,Hero FinCorp,"Work Life Balance, Company Culture",Promotions,3.9,2.4k,5.8k,124,22,NBFC | New Delhi +395 other locations,NA
377,Paras Hospital,"Work Life Balance, Skill Development, Salary",,4.1,2.4k,3.2k,100,33,Healthcare | Patna +60 other locations,NA
378,Intellect Design Arena,Job Security,"Promotions, Company Culture, Work Satisfaction",3.6,2.4k,13.9k,182,14,Software Product | Chennai +40 other locations,NA
379,Datamatics Global Services,"Promotions, Salary, Work Satisfaction",,3.3,2.4k,11.8k,184,72,IT Services & Consulting | Mumbai +37 other locations,NA
380,Mahindra Holidays & Resorts,"Promotions, Work Life Balance, Work Satisfaction",,3.5,2.4k,6k,131,57,Hospitality | Mumbai +113 other locations,NA
381,Patanjali Ayurved,Work Life Balance,Promotions,3.9,2.4k,5.9k,137,--,FMCG | Haridwar +297 other locations,NA
382,Mahindra Rural Housing Finance,"Work Life Balance, Company Culture",Promotions,4.0,2.4k,4.8k,104,11,NBFC | Mumbai +469 other locations,NA
383,Statestreet HCL Services,"Promotions, Salary, Company Culture",,3.4,2.4k,13.1k,221,--,BPO | Chennai +18 other locations,NA
384,TaskUs,"Promotions, Job Security, Skill Development",,3.0,2.4k,9.9k,230,219,BPO | Indore +37 other locations,NA
385,Cadila Pharmaceuticals,"Job Security, Promotions, Company Culture",,3.2,2.4k,8.2k,161,88,Pharma | Ahmedabad +134 other locations,NA
386,Taj Hotels Resorts and Palaces,"Job Security, Company Culture, Skill Development",,4.2,2.4k,4.9k,164,140,Hospitality | Mumbai +111 other locations,NA
387,Syngene International,"Work Life Balance, Job Security","Promotions, Salary",3.8,2.4k,12.7k,191,4,Clinical Research | Bengaluru +22 other locations,NA
388,3i Infotech,"Promotions, Salary, Company Culture",,3.4,2.4k,10.7k,168,75,IT Services & Consulting | Mumbai +131 other locations,NA
389,Aditya Birla Group,"Job Security, Work Life Balance, Skill Development",,4.1,2.4k,10.1k,244,3,Metals & Mining | Mumbai +271 other locations,NA
390,Cholamandalam MS General Insurance,"Promotions, Work Satisfaction, Skill Development",,3.7,2.4k,6k,115,5,Insurance | Chennai +393 other locations,NA
391,Bureau Veritas,Work Life Balance,Promotions,3.8,2.4k,8.3k,145,43,Other | Mumbai +150 other locations,NA
392,Capgemini Engineering,"Promotions, Salary, Work Satisfaction",,3.3,2.4k,13.7k,401,--,IT Services & Consulting | Bengaluru +28 other locations,NA
393,Axis Direct,"Promotions, Work Satisfaction, Skill Development",,3.6,2.4k,4.6k,88,46,Financial Services | Mumbai +270 other locations,NA
394,Info Edge,"Job Security, Company Culture, Work Life Balance",Promotions,3.9,2.4k,11.3k,382,322,Internet | Noida +70 other locations,NA
395,Delhi Public School,Promotions,,3.7,2.4k,5.3k,160,128,Education & Training | New Delhi +277 other locations,NA
396,RMSI,"Promotions, Salary, Skill Development",,3.5,2.4k,9.1k,195,7,IT Services & Consulting | Hyderabad +24 other locations,NA
397,GAO Tek,"Skill Development, Work Life Balance, Company Culture",Salary,4.4,2.4k,264,627,--,Electrical Equipment | New York +44 other locations,NA
398,KocharTech,"Promotions, Salary, Work Satisfaction",,3.6,2.3k,3.8k,83,24,IT Services & Consulting | Kolkata +25 other locations,NA
399,Cybage,"Work Life Balance, Company Culture","Promotions, Skill Development, Work Satisfaction",3.8,2.3k,17.2k,213,14,IT Services & Consulting | Pune +15 other locations,NA
400,Aavas Financiers,"Job Security, Skill Development",,3.9,2.3k,5.7k,123,51,NBFC | Jaipur +294 other locations,NA
401,Xoriant,"Work Life Balance, Company Culture, Work Satisfaction",,4.0,2.3k,11.7k,235,30,IT Services & Consulting | Pune +23 other locations,NA
402,Newgen Software Technologies,"Job Security, Company Culture, Work Life Balance",,4.1,2.3k,11.7k,206,42,IT Services & Consulting | Noida +32 other locations,NA
403,Straive,"Promotions, Salary, Skill Development",,3.3,2.3k,10.6k,224,63,IT Services & Consulting | Chennai +32 other locations,NA
404,Sopra Steria,"Work Life Balance, Company Culture, Job Security",Promotions,3.9,2.3k,14.2k,184,65,IT Services & Consulting | Noida +19 other locations,NA
405,Kia India,"Job Security, Skill Development",Promotions,3.9,2.3k,8.3k,180,87,Automobile | Anantapur +190 other locations,NA
406,Lodha,"Company Culture, Work Life Balance, Job Security",,4.2,2.3k,8.8k,175,155,Real Estate | Mumbai +29 other locations,NA
407,Akums Drugs & Pharmaceuticals Limited,"Job Security, Company Culture, Skill Development",,4.2,2.3k,6.3k,334,21,Pharma | Haridwar +40 other locations,NA
408,Apollo Pharmacy,Job Security,"Promotions, Salary, Work Satisfaction",3.7,2.3k,7k,190,1.1k,Pharma | Hyderabad +289 other locations,NA
409,Lifestyle,"Work Life Balance, Job Security, Company Culture",,4.2,2.3k,6.8k,85,28,Retail | Bengaluru +129 other locations,NA
410,GVK Emergency Management and Research Institute,"Promotions, Job Security, Company Culture",,3.6,2.3k,4.6k,119,56,Non-Profit | Lucknow +215 other locations,NA
411,Eureka Forbes,"Promotions, Job Security, Company Culture",,3.6,2.3k,5.6k,92,5,Consumer Electronics & Appliances | Mumbai +185 other locations,NA
412,TCE,"Work Life Balance, Job Security",Promotions,3.8,2.3k,9.8k,300,60,Engineering & Construction | Mumbai +132 other locations,NA
413,Sobha,Job Security,"Promotions, Work Life Balance, Salary",3.8,2.3k,8.4k,165,14,Real Estate | Bengaluru +39 other locations,NA
414,SBI Securities,"Promotions, Company Culture, Work Satisfaction",,3.6,2.3k,6.8k,189,61,Financial Services | Mumbai +319 other locations,NA
415,Bharat Petroleum,"Skill Development, Company Culture, Work Life Balance",Promotions,4.2,2.3k,7.4k,189,--,Oil & Gas | Mumbai +262 other locations,NA
416,Team Computers,"Promotions, Salary, Work Satisfaction",,3.6,2.3k,8.7k,201,160,IT Services & Consulting | New Delhi +106 other locations,NA
417,Unacademy,"Job Security, Promotions, Work Life Balance",,2.9,2.3k,10.4k,239,28,EdTech | Bengaluru +73 other locations,NA
418,Endurance Technologies Limited,"Skill Development, Job Security",Promotions,4.0,2.3k,7.9k,139,23,Auto Components | Chhatrapati Sambhajinagar +51 other locations,NA
419,Radisson Hotels,"Skill Development, Company Culture, Work Life Balance",,4.0,2.2k,5.1k,105,417,Hospitality | New Delhi +129 other locations,NA
420,Myntra,"Company Culture, Skill Development",Promotions,3.8,2.3k,10.7k,358,9,Internet | Bengaluru +101 other locations,NA
421,Panasonic Life Solutions India,"Company Culture, Work Life Balance, Job Security",Promotions,3.9,2.2k,6.7k,99,12,Consumer Electronics & Appliances | Mumbai +168 other locations,NA
422,Star Union Dai-ichi Life Insurance,,,3.8,2.2k,5.3k,139,8,Insurance | Mumbai +324 other locations,NA
423,Daikin Airconditioning India Pvt. Ltd.,"Job Security, Work Life Balance, Company Culture",Promotions,4.1,2.2k,8k,214,5,Consumer Electronics & Appliances | Neemrana +108 other locations,NA
424,AWL Agri Business,"Job Security, Work Life Balance, Skill Development",,4.1,2.2k,6.9k,137,12,FMCG | Ahmedabad +204 other locations,NA
425,BNP Paribas,"Job Security, Work Life Balance","Promotions, Salary, Skill Development",3.7,2.2k,18.9k,220,35,Banking | Mumbai +27 other locations,NA
426,Bharti AXA Life Insurance,"Job Security, Work Satisfaction, Promotions",,3.6,2.2k,5.2k,154,76,Insurance | Mumbai +244 other locations,NA
427,SBI General Insurance,"Promotions, Work Satisfaction, Skill Development",,3.6,2.2k,6.5k,134,31,Insurance | Mumbai +293 other locations,NA
428,Cisco,"Work Life Balance, Company Culture, Skill Development",Promotions,4.1,2.2k,19.1k,416,217,Hardware & Networking | Bengaluru +46 other locations,NA
429,Lava International,"Company Culture, Work Life Balance, Skill Development",Promotions,3.9,2.2k,4.2k,87,6,Consumer Electronics & Appliances | Noida +222 other locations,NA
430,Henry Harvin Education,"Work Life Balance, Job Security, Skill Development",,4.0,2.2k,951,114,57,EdTech | Noida +34 other locations,NA
431,Renault Nissan Technology & Business Centre India,"Work Life Balance, Job Security","Promotions, Salary, Work Satisfaction",3.7,2.2k,14.9k,157,11,Automobile | Chennai +21 other locations,NA
432,Coromandel International,"Job Security, Company Culture, Work Life Balance",Promotions,4.1,2.2k,7.7k,127,26,Agro Chemicals | Visakhapatnam +186 other locations,NA
433,Allstate,Work Life Balance,Promotions,3.7,2.2k,12.4k,156,22,Insurance | Pune +17 other locations,NA
434,Whirlpool,"Work Life Balance, Company Culture, Work Satisfaction",Promotions,4.0,2.2k,8k,119,7,Consumer Electronics & Appliances | Pune +171 other locations,NA
435,ValueLabs,"Promotions, Work Satisfaction, Job Security",,3.5,2.2k,16.3k,217,94,IT Services & Consulting | Hyderabad +20 other locations,NA
436,Sify Technologies,"Promotions, Salary, Company Culture",,3.6,2.2k,10k,148,46,IT Services & Consulting | Chennai +135 other locations,NA
437,GlaxoSmithKline Pharmaceuticals,"Company Culture, Work Life Balance, Salary",Promotions,4.0,2.2k,5.8k,128,19,Pharma | Bengaluru +215 other locations,NA
438,Indian Railways,"Job Security, Work Life Balance, Skill Development",,4.2,2.2k,3.5k,115,--,Railways | Kolkata +250 other locations,NA
439,Ambuja Cements,"Promotions, Job Security",,3.8,2.2k,6k,164,--,Building Material | Mumbai +259 other locations,NA
440,Shahi Exports,"Job Security, Company Culture, Work Life Balance",Promotions,3.9,2.2k,6.9k,126,61,Fashion & Textile | Bengaluru +71 other locations,NA
441,Meesho,Salary,"Job Security, Promotions",3.7,2.2k,9.8k,434,51,Internet | Bengaluru +131 other locations,NA
442,Nokia Networks,"Company Culture, Work Life Balance, Work Satisfaction",Promotions,4.1,2.2k,10.4k,128,2,Hardware & Networking | Chennai +86 other locations,NA
443,Mercedes-Benz Research and Development India,"Work Life Balance, Job Security","Promotions, Skill Development, Work Satisfaction",3.6,2.1k,18.2k,209,40,IT Services & Consulting | Bengaluru +52 other locations,NA
444,Bank of Baroda,Job Security,"Promotions, Company Culture, Work Satisfaction",3.5,2.1k,7k,122,--,Banking | Mumbai +299 other locations,NA
445,Poonawalla Fincorp,"Promotions, Company Culture, Work Satisfaction",,3.5,2.1k,6k,86,13,NBFC | Pune +263 other locations,NA
446,Generali Central Life Insurance,"Promotions, Work Satisfaction, Job Security",,3.5,2.1k,6.8k,121,25,Insurance | Mumbai +205 other locations,NA
447,Microsoft Corporation,"Work Life Balance, Company Culture","Job Security, Promotions",3.8,2.1k,31.3k,625,--,Software Product | Bengaluru +46 other locations,NA
448,Life Insurance Corporation of India,"Company Culture, Work Life Balance, Work Satisfaction",,4.4,2.1k,4.4k,105,5,Insurance | New Delhi +475 other locations,NA
449,Spark Minda,Promotions,,3.8,2.1k,7.3k,161,14,Auto Components | Pune +75 other locations,NA
450,Brakes India,"Job Security, Skill Development, Company Culture","Promotions, Salary",3.9,2.1k,7.2k,110,40,Auto Components | Chennai +99 other locations,NA
451,JK Tyre,Promotions,,3.8,2.1k,7k,166,5,Auto Components | Chennai +148 other locations,NA
452,upGrad,"Promotions, Job Security, Work Satisfaction",,3.3,2.1k,9.4k,217,36,EdTech | Bengaluru +51 other locations,NA
453,Cargill,"Work Life Balance, Company Culture, Salary",Promotions,3.9,2.1k,8.6k,113,84,Food Processing | Bengaluru +122 other locations,NA
454,CAMS,Job Security,"Promotions, Salary, Company Culture",3.6,2.1k,8.8k,151,25,Financial Services | Chennai +109 other locations,NA
455,Saint-Gobain,"Job Security, Company Culture, Work Life Balance","Promotions, Salary",3.8,2.1k,11.9k,212,103,Building Material | Mumbai +104 other locations,NA
456,FirstCry,"Promotions, Company Culture, Work Satisfaction",,3.5,2.1k,8.9k,215,19,Retail | Pune +212 other locations,NA
457,Jio Platforms,Job Security,"Promotions, Salary, Company Culture",3.4,2.1k,14.8k,269,--,IT Services & Consulting | Mumbai +105 other locations,NA
458,Manipal Hospitals,"Job Security, Skill Development, Company Culture",Promotions,4.0,2.1k,7.2k,139,97,Healthcare | Bengaluru +66 other locations,NA
459,BHEL,"Job Security, Work Life Balance, Company Culture",,4.2,2.1k,5.4k,137,53,Electrical Equipment | Bengaluru +132 other locations,NA
460,Nuvoco Vistas,"Job Security, Skill Development, Salary",,4.1,2.1k,7.2k,134,26,Building Material | Kolkata +201 other locations,NA
461,Power Mech Projects,Job Security,"Promotions, Company Culture, Salary",3.8,2.1k,6.8k,125,3,Engineering & Construction | Hyderabad +152 other locations,NA
462,NTT DATA Business Solutions,"Company Culture, Work Life Balance, Job Security",,4.1,2.1k,13k,276,36,IT Services & Consulting | Bengaluru +32 other locations,NA
463,Kotak Securities,"Promotions, Work Satisfaction, Skill Development",,3.5,2.1k,9.6k,147,33,Financial Services | Mumbai +142 other locations,NA
464,Pfizer,"Work Life Balance, Company Culture","Promotions, Job Security",3.9,2.1k,6k,88,51,Pharma | Visakhapatnam +133 other locations,NA
465,Force Motors,"Promotions, Company Culture, Work Satisfaction",,3.7,2.1k,8.3k,146,31,Automobile | Pune +106 other locations,NA
466,Huawei Technologies,"Salary, Skill Development, Company Culture",Job Security,4.1,2.1k,7.9k,121,34,Telecom | Bengaluru +104 other locations,NA
467,Infinite Computer Solutions,"Promotions, Job Security, Company Culture",,3.2,2.1k,15.6k,174,322,IT Services & Consulting | Bengaluru +36 other locations,NA
468,CitiusTech,"Promotions, Job Security, Work Satisfaction",,3.1,2.1k,14.6k,318,9,IT Services & Consulting | Mumbai +17 other locations,NA
469,Simplex Infrastructures,"Salary, Promotions, Work Life Balance",,3.4,2.1k,4.4k,83,--,Engineering & Construction | Kolkata +137 other locations,NA
470,"Maruti Suzuki India Limited, Hansalpur","Job Security, Salary, Company Culture",,4.2,2.1k,6.8k,231,--,Automobile | Ahmedabad +107 other locations,NA
471,Reliance Trends,"Job Security, Skill Development, Company Culture",,4.1,2.1k,4.1k,125,--,Retail | Bengaluru +395 other locations,NA
472,ITC Hotels,"Job Security, Skill Development, Company Culture",Promotions,4.1,2.1k,5.4k,106,--,Hospitality | Bengaluru +94 other locations,NA
473,IndusInd General Insurance,"Promotions, Work Satisfaction, Job Security",,3.6,2.1k,7.2k,100,9,Insurance | Mumbai +196 other locations,NA
474,Raymond Lifestyle Limited,"Work Life Balance, Company Culture, Job Security",Promotions,4.2,2.1k,6.4k,116,19,Fashion & Textile | Mumbai +150 other locations,NA
475,Biological E,"Job Security, Work Life Balance, Company Culture",,4.2,2.1k,7.2k,146,21,Pharma | Hyderabad +73 other locations,NA
476,Ola Cabs,"Job Security, Promotions, Company Culture",,3.2,2.1k,9k,154,7,Internet | Bengaluru +112 other locations,NA
477,Delphi TVS,Skill Development,"Promotions, Salary",3.8,2k,5.6k,102,1,Auto Components | Chennai +61 other locations,NA
478,Morgan Stanley,"Promotions, Job Security, Work Satisfaction",,3.6,2k,27.4k,342,5,Financial Services | Mumbai +19 other locations,NA
479,SGS,Work Life Balance,"Promotions, Salary",3.8,2k,6.5k,129,128,Engineering & Construction | Mumbai +146 other locations,NA
480,Renault-Nissan,"Work Life Balance, Job Security, Company Culture",Promotions,4.1,2k,7.5k,127,--,Automobile | Chennai +85 other locations,NA
481,EPAM Systems,"Skill Development, Salary, Work Life Balance","Promotions, Job Security, Work Satisfaction",3.7,2k,23.8k,648,46,IT Services & Consulting | Hyderabad +36 other locations,NA
482,Extramarks Education,"Job Security, Promotions, Work Satisfaction",,3.3,2k,7.4k,176,3,EdTech | Noida +111 other locations,NA
483,K12 Techno Services,"Job Security, Promotions",,3.7,2k,5.3k,430,353,EdTech | Bengaluru +43 other locations,NA
484,YASH Technologies,"Promotions, Salary, Work Satisfaction",,3.6,2k,16.3k,172,416,IT Services & Consulting | Hyderabad +31 other locations,NA
485,Aditya Birla Health Insurance Co,Promotions,,3.7,2k,7.4k,129,--,Insurance | Mumbai +255 other locations,NA
486,Senco Gold,"Job Security, Skill Development, Company Culture",,4.4,2k,1.5k,634,--,Jewellery | Kolkata +82 other locations,NA
487,Narayana Health,"Job Security, Skill Development, Company Culture",Promotions,4.0,2k,6.1k,96,68,Healthcare | Bengaluru +63 other locations,NA
488,Novartis,"Work Life Balance, Company Culture, Salary",Promotions,4.1,2k,10.4k,170,144,Pharma | Hyderabad +75 other locations,NA
489,IDBI Bank,"Promotions, Company Culture, Work Life Balance",,3.3,2k,6.1k,87,1,Banking | Mumbai +337 other locations,NA
490,HSBC Electronic Data Processing,"Work Life Balance, Job Security, Company Culture","Promotions, Salary",4.0,2k,8.5k,91,--,IT Services & Consulting | Bengaluru +19 other locations,NA
491,SAP,"Work Life Balance, Company Culture, Job Security",Promotions,4.1,2k,18.1k,321,--,Software Product | Bengaluru +53 other locations,NA
492,Ninjacart,"Job Security, Promotions",,3.8,2k,5.1k,104,25,Internet | Bengaluru +113 other locations,NA
493,Trent,Job Security,Promotions,3.9,2k,5k,109,22,Retail | Mumbai +150 other locations,NA
494,Shadowfax Technologies,"Job Security, Promotions, Company Culture",,3.5,2k,7.8k,169,42,Logistics | Bengaluru +245 other locations,NA
495,AECOM,"Work Life Balance, Company Culture, Work Satisfaction",Promotions,4.2,2k,7.1k,153,168,Engineering & Construction | Gurugram +123 other locations,NA
496,Honeywell Automation,Promotions,,3.8,2k,12.4k,138,--,Industrial Automation | Pune +78 other locations,NA
497,Schindler,"Skill Development, Company Culture, Salary",Promotions,3.9,2k,6.3k,124,59,Industrial Machinery | Pune +90 other locations,NA
498,State Street Syntel,Job Security,"Promotions, Salary",3.7,2k,6.7k,80,--,Financial Services | Pune +21 other locations,NA
499,L&T Energy Hydrocarbon,Job Security,"Promotions, Work Life Balance, Company Culture",3.8,2k,8.4k,118,--,Engineering & Construction | Vadodara +88 other locations,NA
500,R.R. Donnelley,Job Security,"Promotions, Salary, Work Satisfaction",3.6,2k,10.2k,130,18,Marketing & Advertising | Chennai +26 other locations,NA
501,Haier Appliances India,"Work Life Balance, Skill Development, Salary",Promotions,4.0,2k,7.2k,166,23,Consumer Electronics & Appliances | Pune +164 other locations,NA
502,Paisabazaar.com,"Job Security, Promotions, Company Culture",,3.4,2k,7k,170,55,Internet | Gurugram +35 other locations,NA
503,NCR Voyix,"Promotions, Job Security, Skill Development",,3.4,2k,9.5k,143,31,IT Services & Consulting | Hyderabad +89 other locations,NA
504,Motherson Automotive Technologies and Engineering,Job Security,"Promotions, Salary",3.7,1.9k,7.7k,160,10,Auto Components | Chennai +66 other locations,NA
505,V-Guard,"Company Culture, Work Life Balance, Job Security",Promotions,4.3,1.9k,4.6k,119,18,Consumer Electronics & Appliances | Kochi +170 other locations,NA
506,Dr Lal PathLabs,"Job Security, Skill Development, Company Culture",,4.2,1.9k,4.5k,186,92,Healthcare | New Delhi +200 other locations,NA
507,Globiva,"Promotions, Work Satisfaction, Job Security",,3.0,1.9k,5.4k,140,196,BPO | Gurugram +30 other locations,NA
508,Philips,Work Life Balance,"Promotions, Job Security, Skill Development",3.8,1.9k,11.2k,178,134,Medical Equipment | Bengaluru +97 other locations,NA
509,Microland,"Promotions, Work Satisfaction, Salary",,3.5,1.9k,10.8k,146,72,IT Services & Consulting | Bengaluru +46 other locations,NA
510,Crisil,"Promotions, Salary, Work Satisfaction",,3.5,1.9k,13.5k,216,684,Analytics & KPO | Mumbai +81 other locations,NA
511,Uflex,"Job Security, Work Life Balance",Promotions,3.8,1.9k,6.8k,131,64,Packaging | Noida +47 other locations,NA
512,CMS Infosystems,"Promotions, Salary, Company Culture",,3.5,1.9k,4.8k,82,9,Software Product | Mumbai +222 other locations,NA
513,Spinny,"Promotions, Work Life Balance, Work Satisfaction",,3.6,1.9k,7.7k,212,41,Internet | Gurugram +62 other locations,NA
514,Gabriel India Limited,"Job Security, Skill Development, Company Culture",Promotions,4.1,1.9k,5.8k,132,3,Auto Components | Pune +52 other locations,NA
515,CNH (Case New Holland),Work Life Balance,Promotions,3.7,1.9k,6.1k,140,28,Industrial Machinery | Gurugram +137 other locations,NA
516,Adecco Group,Work Life Balance,Promotions,3.8,1.9k,7.3k,120,--,Recruitment | Bengaluru +181 other locations,NA
517,Aye Finance,"Salary, Company Culture, Work Life Balance",,4.1,1.9k,3.6k,101,66,NBFC | Gurugram +375 other locations,NA
518,Parle Products,Salary,Promotions,3.9,1.9k,3.5k,125,14,FMCG | Mumbai +248 other locations,NA
519,Aadhar Housing Finance,"Skill Development, Company Culture, Job Security",,4.0,1.9k,4.9k,121,12,NBFC | Mumbai +328 other locations,NA
520,HTC Global Services,"Promotions, Skill Development, Company Culture",,3.4,1.9k,13.3k,167,2,IT Services & Consulting | Chennai +32 other locations,NA
521,Angel One,"Promotions, Job Security, Work Satisfaction",,3.6,1.9k,7.7k,170,41,FinTech | Mumbai +133 other locations,NA
522,DHL Supply Chain,"Job Security, Company Culture, Work Life Balance",Promotions,4.2,1.9k,6.1k,127,79,Logistics | Mumbai +100 other locations,NA
523,G R Infraprojects,"Salary, Work Life Balance, Skill Development",,4.1,1.9k,5.4k,166,36,Engineering & Construction | Gurugram +159 other locations,NA
524,TELUS Digital,"Promotions, Job Security, Work Satisfaction",,3.5,1.9k,10.4k,144,22,IT Services & Consulting | Noida +27 other locations,NA
525,Lucas-TVS,Job Security,"Promotions, Salary",3.9,1.9k,6.1k,94,17,Auto Components | Chennai +78 other locations,NA
526,Google,"Company Culture, Work Life Balance, Work Satisfaction",,4.4,1.9k,35k,1k,429,Software Product | Bengaluru +86 other locations,NA
527,Thomson Reuters,"Work Life Balance, Company Culture",Promotions,3.7,1.9k,10.9k,141,94,Software Product | Bengaluru +27 other locations,NA
528,Iris Software,"Company Culture, Work Life Balance",Promotions,3.8,1.9k,8.1k,207,438,IT Services & Consulting | Noida +23 other locations,NA
529,Tekwissen,"Company Culture, Work Life Balance, Work Satisfaction",,4.9,1.9k,592,341,122,IT Services & Consulting | Visakhapatnam +5 other locations,NA
530,Tata Power,"Job Security, Work Life Balance, Company Culture","Promotions, Salary",3.9,1.9k,7.5k,220,5,Power | Mumbai +155 other locations,NA
531,ICICI Home Finance,Salary,Work Satisfaction,3.7,1.9k,5.4k,102,16,Financial Services | Mumbai +221 other locations,NA
532,Safexpress,"Job Security, Company Culture, Work Life Balance","Promotions, Salary",3.9,1.9k,5.7k,129,6,Logistics | New Delhi +158 other locations,NA
533,Trident Group,Salary,"Job Security, Company Culture, Work Life Balance",3.2,1.9k,5.4k,137,64,Fashion & Textile | Barnala +58 other locations,NA
534,Infinx,Job Security,"Promotions, Salary",3.7,1.9k,5.5k,208,32,Software Product | Hyderabad +35 other locations,NA
535,NTPC,"Company Culture, Work Life Balance, Work Satisfaction",,4.2,1.9k,4.4k,189,--,Power | New Delhi +124 other locations,NA
536,Verizon,Salary,"Promotions, Job Security, Work Satisfaction",3.5,1.9k,12k,136,3,Telecom | Hyderabad +12 other locations,NA
537,CSB Bank,"Promotions, Company Culture, Work Satisfaction",,3.2,1.9k,7.1k,108,1k,Banking | Mumbai +236 other locations,NA
538,PI Industries,Salary,Promotions,3.8,1.9k,6.9k,140,8,Agro Chemicals | Vadodara +108 other locations,NA
539,NeoSOFT,"Job Security, Promotions, Company Culture",,3.3,1.9k,10.8k,301,40,IT Services & Consulting | Mumbai +24 other locations,NA
540,Torrent Power,"Job Security, Work Life Balance","Promotions, Salary",3.8,1.9k,7.8k,168,87,Power | Ahmedabad +61 other locations,NA
541,Tata Tele Business Services,"Promotions, Work Satisfaction, Company Culture",,3.5,1.9k,4.5k,57,47,Telecom | Mumbai +136 other locations,NA
542,Jindal Saw,"Job Security, Work Life Balance, Work Satisfaction",,4.1,1.9k,6.7k,148,47,Iron & Steel | Mundra +77 other locations,NA
543,Hindustan Aeronautics,"Work Life Balance, Work Satisfaction, Skill Development",,4.3,1.9k,4.5k,89,1,Defence & Aerospace | Bengaluru +64 other locations,NA
544,Provana,"Company Culture, Work Life Balance, Skill Development",,4.0,1.9k,4.3k,221,34,BPO | Noida +11 other locations,NA
545,Polycab Wires,"Salary, Work Life Balance",,4.0,1.9k,7.4k,136,73,Electrical Equipment | Vadodara +167 other locations,NA
546,TVS Sundram Fasteners,"Promotions, Salary, Company Culture",,3.6,1.9k,6.6k,94,15,Auto Components | Chennai +64 other locations,NA
547,Aragen Life Sciences,"Job Security, Company Culture, Work Life Balance",Promotions,3.9,1.8k,6.6k,129,99,Clinical Research | Hyderabad +29 other locations,NA
548,Godrej Properties,Salary,"Promotions, Work Satisfaction, Work Life Balance",3.7,1.8k,9.2k,132,--,Real Estate | Mumbai +34 other locations,NA
549,KENT RO Systems,Work Life Balance,"Promotions, Skill Development",3.7,1.8k,4.3k,103,13,Consumer Electronics & Appliances | Noida +152 other locations,NA
550,Medi Assist India,"Promotions, Salary, Company Culture",,3.5,1.8k,7.4k,140,15,Insurance | Bengaluru +66 other locations,NA
551,AXA Global Business Services,"Work Life Balance, Company Culture, Job Security","Promotions, Salary, Skill Development",3.7,1.8k,7.2k,105,7,IT Services & Consulting | Pune +11 other locations,NA
552,First American (India),"Promotions, Salary, Skill Development",,3.5,1.8k,9.5k,100,68,Insurance | Bengaluru +22 other locations,NA
553,Fusion CX,"Promotions, Job Security, Company Culture",,3.2,1.8k,4.5k,145,198,BPO | Kolkata +58 other locations,NA
554,Infra.Market,"Salary, Company Culture, Work Life Balance",,3.9,1.8k,3.8k,279,--,Building Material | Mumbai +133 other locations,NA
555,Capri Global Capital,"Job Security, Promotions, Company Culture",,3.6,1.8k,4.2k,74,--,NBFC | New Delhi +336 other locations,NA
556,Honda Cars,"Work Life Balance, Company Culture, Job Security",,4.3,1.8k,6.4k,113,--,Automobile | Bhiwadi +114 other locations,NA
557,AkzoNobel,"Company Culture, Work Life Balance, Salary",Promotions,4.1,1.8k,4.4k,143,23,Chemicals | Pune +160 other locations,NA
558,Haldiram Foods International Limited,"Promotions, Company Culture",,3.8,1.8k,6k,161,--,FMCG | Nagpur +169 other locations,NA
559,Sterling & Wilson,"Work Life Balance, Job Security, Company Culture",,4.0,1.8k,6.7k,83,60,Engineering & Construction | Mumbai +131 other locations,NA
560,DIVI'S Laboratories,Salary,"Promotions, Company Culture, Work Satisfaction",3.6,1.8k,6.9k,103,--,Pharma | Visakhapatnam +38 other locations,NA
561,Digit Insurance,Promotions,,3.7,1.8k,6k,233,72,Insurance | Bengaluru +90 other locations,NA
562,Innovsource Services,Work Life Balance,Promotions,3.9,1.8k,4.5k,79,--,Recruitment | Mumbai +252 other locations,NA
563,Hindustan Petroleum,"Company Culture, Work Life Balance, Skill Development",,4.2,1.8k,6k,118,--,Oil & Gas | Mumbai +259 other locations,NA
564,MetLife,"Work Life Balance, Job Security, Company Culture",Promotions,4.0,1.8k,9.4k,102,92,Insurance | Noida +44 other locations,NA
565,Cafe Coffee Day,"Promotions, Salary, Company Culture",,3.7,1.8k,3.8k,84,8,Hospitality | Bengaluru +104 other locations,NA
566,Stellar Migration,"Company Culture, Work Life Balance, Work Satisfaction",,1.3,1.8k,2,2,--,Other | Dubai +7 other locations,NA
567,SS&C TECHNOLOGIES,"Promotions, Salary, Company Culture",,3.2,1.8k,13.5k,199,123,IT Services & Consulting | Mumbai +29 other locations,NA
568,Adani Green Energy,"Salary, Skill Development",Promotions,3.9,1.8k,6k,161,1,Power | Ahmedabad +116 other locations,NA
569,Isgec Heavy Engineering,Job Security,"Promotions, Company Culture, Work Satisfaction",3.8,1.8k,7k,147,67,Engineering & Construction | Noida +94 other locations,NA
570,Reckitt Benckiser,"Work Life Balance, Salary",Promotions,4.0,1.8k,6.4k,107,61,FMCG | Gurugram +137 other locations,NA
571,Tata Communications Transformation Services,Work Life Balance,"Promotions, Salary",3.8,1.8k,8.4k,101,--,Telecom | Pune +95 other locations,NA
572,LivSpace,"Promotions, Work Satisfaction, Job Security",,3.3,1.8k,8.3k,170,148,Architecture & Interior Design | Bengaluru +53 other locations,NA
573,USHA International,"Work Life Balance, Company Culture, Job Security",Promotions,4.0,1.8k,4.8k,115,16,Consumer Electronics & Appliances | Gurugram +149 other locations,NA
574,Air India,"Promotions, Company Culture, Work Satisfaction",,3.4,1.8k,8k,221,16,Aviation | New Delhi +67 other locations,NA
575,USV,"Company Culture, Work Life Balance, Job Security",,4.0,1.7k,5.8k,88,111,Pharma | Mumbai +107 other locations,NA
576,Kalyan Jewellers,"Salary, Company Culture, Work Life Balance",,4.4,1.7k,1.6k,81,17,Jewellery | Thrissur +159 other locations,NA
577,Orchids International School,Skill Development,,3.9,1.7k,3.9k,374,20,Education & Training | Bengaluru +35 other locations,NA
578,Rungta Mines,"Salary, Work Life Balance, Job Security",,4.0,1.7k,5.6k,190,1,Metals & Mining | Chaibasa +58 other locations,NA
579,HDFC Securities,"Promotions, Work Satisfaction, Company Culture",,3.4,1.7k,6k,128,55,Financial Services | Mumbai +185 other locations,NA
580,BT Business,"Work Life Balance, Company Culture, Job Security",Promotions,3.9,1.7k,9.3k,90,5,Telecom | Gurugram +13 other locations,NA
581,Security and Intelligence Services (India),"Work Life Balance, Job Security, Company Culture",,4.0,1.7k,4.5k,83,32,Law Enforcement & Security | New Delhi +194 other locations,NA
582,Pine Labs,"Promotions, Work Satisfaction, Job Security",,3.3,1.7k,7.5k,137,5,FinTech | Noida +120 other locations,NA
583,XBP Global,"Promotions, Skill Development, Salary",,3.2,1.7k,7.7k,103,67,Internet | Chennai +23 other locations,NA
584,Annapurna Finance,Salary,Promotions,3.8,1.7k,3.8k,85,3,NBFC | Bhubaneswar +401 other locations,NA
585,Vedantu,"Job Security, Promotions, Work Satisfaction",,3.3,1.7k,8.1k,201,14,EdTech | Bengaluru +73 other locations,NA
586,Future Retail,"Company Culture, Skill Development, Work Life Balance",,4.4,1.7k,3.8k,58,--,Retail | Mumbai +197 other locations,NA
587,Dhani Loans and Services,Work Life Balance,"Promotions, Job Security",3.9,1.7k,4.1k,70,23,NBFC | Gurugram +185 other locations,NA
588,BVG India,"Work Life Balance, Company Culture, Work Satisfaction",,4.2,1.7k,4k,172,146,Facility Management Services | Pune +137 other locations,NA
589,Bata,"Promotions, Company Culture, Work Life Balance",,3.5,1.7k,4.2k,87,11,Fashion & Textile | Gurugram +149 other locations,NA
590,Granules India Limited,"Promotions, Work Satisfaction, Skill Development",,3.8,1.7k,6.4k,85,11,Pharma | Hyderabad +22 other locations,NA
591,Metro Cash & Carry,"Work Life Balance, Company Culture, Job Security",Promotions,4.0,1.7k,4.9k,77,4,Retail | Bengaluru +89 other locations,NA
592,Mother Dairy Fruit & Vegetable,"Job Security, Work Life Balance, Company Culture",Promotions,4.0,1.7k,5k,105,4,Food Processing | New Delhi +129 other locations,NA
593,Orange Business,"Work Life Balance, Company Culture, Job Security",Promotions,4.1,1.7k,9.1k,120,3,IT Services & Consulting | Gurugram +52 other locations,NA
594,Hitachi Astemo,"Company Culture, Work Life Balance, Job Security",Promotions,4.1,1.7k,6.5k,140,--,Auto Components | Neemrana +53 other locations,NA
595,TTEC India,Company Culture,"Promotions, Salary, Skill Development",3.7,1.7k,5.5k,193,11,BPO | Ahmedabad +34 other locations,NA
596,Cushman & Wakefield,"Company Culture, Work Life Balance, Job Security",Promotions,4.1,1.7k,6.6k,123,155,Real Estate | Gurugram +44 other locations,NA
597,FactSet,"Work Life Balance, Company Culture, Job Security","Promotions, Skill Development, Salary",3.7,1.7k,10.7k,233,16,Analytics & KPO | Hyderabad +16 other locations,NA
598,NEC,"Work Life Balance, Company Culture, Work Satisfaction",,4.0,1.7k,5.5k,80,8,IT Services & Consulting | Noida +54 other locations,NA
599,Medanta the Medicity,"Job Security, Skill Development, Company Culture",Promotions,4.0,1.7k,5.1k,131,100,Healthcare | Gurugram +50 other locations,NA
600,HighRadius,"Job Security, Company Culture, Work Satisfaction",,2.5,1.7k,9.1k,214,66,Software Product | Hyderabad +15 other locations,NA
601,Caterpillar Inc,"Company Culture, Work Life Balance, Work Satisfaction",Promotions,4.1,1.7k,11.3k,209,265,Industrial Machinery | Chennai +43 other locations,NA
602,Indian Navy,"Job Security, Skill Development, Company Culture",,4.6,1.7k,3.4k,39,--,Defence & Aerospace | Mumbai +75 other locations,NA
603,Sysnet Global Technologies,"Promotions, Salary",,3.7,1.7k,4.3k,142,4,IT Services & Consulting | New Delhi +154 other locations,NA
604,Health Care Global Enterprises,"Company Culture, Work Life Balance, Job Security",,4.4,1.7k,2.8k,175,134,Healthcare | Bengaluru +53 other locations,NA
605,IIFL SAMASTA,Promotions,,3.7,1.7k,3.2k,84,3,NBFC | Bengaluru +410 other locations,NA
606,Cavinkare,"Salary, Company Culture, Skill Development",,3.9,1.7k,5k,72,16,FMCG | Chennai +172 other locations,NA
607,Frankfinn Institute of Air Hostess Training,"Company Culture, Work Life Balance, Salary",,3.9,1.7k,3.2k,127,81,Education & Training | Gurugram +61 other locations,NA
608,KONE,"Work Life Balance, Company Culture, Job Security",Promotions,4.1,1.7k,5.7k,143,48,Industrial Machinery | Chennai +74 other locations,NA
609,NielsenIQ,"Promotions, Skill Development, Salary",,3.5,1.7k,10.6k,235,39,Analytics & KPO | Chennai +55 other locations,NA
610,Yamaha Motor,"Work Life Balance, Company Culture, Work Satisfaction",Promotions,4.1,1.7k,5.3k,93,--,Automobile | Chennai +154 other locations,NA
611,MagicBricks,"Work Life Balance, Salary, Company Culture",,4.0,1.7k,4.7k,350,14,Internet | Noida +35 other locations,NA
612,Compass Group Support Services,"Work Life Balance, Company Culture, Job Security",Promotions,4.0,1.7k,5.5k,90,32,Facility Management Services | Bengaluru +78 other locations,NA
613,L.G.Balakrishnan & Bros,"Promotions, Salary, Company Culture",,3.5,1.6k,5.8k,85,10,Auto Components | Coimbatore +63 other locations,NA
614,Rane (Madras),"Skill Development, Job Security","Promotions, Salary",3.9,1.6k,4.9k,96,33,Auto Components | Chennai +58 other locations,NA
615,BA Continuum,"Job Security, Work Life Balance, Company Culture",Promotions,3.9,1.6k,10.1k,113,--,IT Services & Consulting | Hyderabad +17 other locations,NA
616,DHL Express,"Job Security, Company Culture, Work Life Balance",Promotions,4.1,1.6k,6.2k,79,--,Logistics | Mumbai +89 other locations,NA
617,Patanjali Foods,"Promotions, Skill Development, Work Satisfaction",,3.7,1.6k,4.5k,107,15,FMCG | Haridwar +239 other locations,NA
618,JSW Bhushan Power & Steel,"Skill Development, Company Culture, Work Life Balance",Promotions,4.0,1.6k,4.9k,81,--,Iron & Steel | Jharsuguda +64 other locations,NA
619,Clover Infotech,"Promotions, Company Culture, Work Satisfaction",,3.4,1.6k,12k,143,131,IT Services & Consulting | Mumbai +23 other locations,NA
620,Tata 1mg,"Promotions, Work Satisfaction, Salary",,3.5,1.6k,7.1k,224,90,Internet | Gurugram +64 other locations,NA
621,Vardhman Fabrics,"Job Security, Company Culture, Work Life Balance","Promotions, Salary",4.0,1.6k,5.2k,82,11,Fashion & Textile | Baddi +65 other locations,NA
622,ReNew,"Job Security, Company Culture, Work Life Balance",,4.2,1.6k,6.5k,144,69,Power | Gurugram +105 other locations,NA
623,CG Power and Industrial Solutions,Promotions,,3.8,1.6k,6.7k,108,1,Electrical Equipment | Bhopal +91 other locations,NA
624,Procter & Gamble,"Company Culture, Skill Development, Work Life Balance",Promotions,4.0,1.6k,5.8k,134,--,FMCG | Mumbai +254 other locations,NA
625,Matrimony.com,"Company Culture, Job Security, Work Life Balance",,3.9,1.6k,4.4k,103,40,Internet | Chennai +63 other locations,NA
626,Belrise Industries,"Promotions, Company Culture",,3.7,1.6k,6.2k,106,10,Auto Components | Pune +56 other locations,NA
627,Johnson & Johnson,"Company Culture, Work Life Balance, Skill Development",Promotions,3.9,1.6k,5.9k,116,46,Healthcare | Mumbai +169 other locations,NA
628,Suryoday Small Finance Bank,"Salary, Company Culture, Work Life Balance",,3.9,1.6k,4.6k,98,28,Banking | Mumbai +232 other locations,NA
629,Arvind Group,"Work Life Balance, Job Security, Company Culture",Promotions,4.0,1.6k,5.3k,81,--,Fashion & Textile | Ahmedabad +91 other locations,NA
630,Wipro Enterprises Ltd,Job Security,"Promotions, Salary",3.8,1.6k,8.3k,208,4,FMCG | Bengaluru +121 other locations,NA
631,Chegg,"Work Life Balance, Company Culture, Work Satisfaction","Job Security, Promotions",4.1,1.6k,3.9k,167,8,EdTech | New Delhi +78 other locations,NA
632,CMA CGM,"Job Security, Company Culture, Work Life Balance",Promotions,3.9,1.6k,7.9k,101,15,Ports & Shipping | Chennai +37 other locations,NA
633,Toyota Kirloskar Motor,"Company Culture, Job Security, Skill Development",,4.3,1.6k,4.7k,82,12,Automobile | Bengaluru +92 other locations,NA
634,Shriram Life Insurance,"Promotions, Work Satisfaction, Job Security",,3.5,1.6k,4.9k,114,17,Insurance | Hyderabad +330 other locations,NA
635,Krishna Maruti,Job Security,Promotions,3.8,1.6k,5.2k,134,9,Auto Components | Gurugram +53 other locations,NA
636,Goldman Sachs,"Work Life Balance, Job Security, Promotions",,3.4,1.6k,20.9k,417,299,Financial Services | Bengaluru +22 other locations,NA
637,HERE Technologies,"Work Life Balance, Company Culture, Job Security","Promotions, Salary, Skill Development",3.8,1.6k,7.9k,112,13,IT Services & Consulting | Mumbai +19 other locations,NA
638,Coronis Ajuba Solutions,"Company Culture, Work Life Balance, Job Security",Promotions,3.9,1.6k,5.8k,93,33,BPO | Chennai +31 other locations,NA
639,Tata Play,"Company Culture, Job Security, Salary",Promotions,4.0,1.6k,4.7k,90,2,Broadcasting | Mumbai +222 other locations,NA
640,Hero Motors Company,Work Life Balance,Promotions,3.9,1.6k,6.2k,99,3,Automobile | Ghaziabad +228 other locations,NA
641,Marico,Promotions,,3.8,1.6k,5.8k,105,32,FMCG | Mumbai +186 other locations,NA
642,Dixon Technologies,Skill Development,Promotions,3.9,1.6k,5.8k,147,15,Electronics Manufacturing | Noida +46 other locations,NA
643,Veritas Finance,"Company Culture, Work Life Balance, Work Satisfaction",,4.3,1.6k,2.4k,90,--,NBFC | Chennai +299 other locations,NA
644,Satin Creditcare Network,"Salary, Work Life Balance, Job Security",,3.9,1.6k,3.1k,65,6,NBFC | Gurugram +330 other locations,NA
645,Godrej Industries Group,"Job Security, Company Culture",Promotions,3.9,1.6k,3.1k,152,2,Real Estate | Mumbai +151 other locations,NA
646,Welspun Living Limited,Skill Development,Promotions,3.9,1.6k,5.1k,91,1,Fashion & Textile | Anjar +86 other locations,NA
647,Teva Pharmaceuticals,Work Life Balance,Promotions,3.9,1.6k,5.7k,120,12,Pharma | Bengaluru +53 other locations,NA
648,Sanofi,"Work Life Balance, Company Culture, Work Satisfaction",Promotions,4.0,1.6k,5.9k,104,103,Pharma | Hyderabad +92 other locations,NA
649,Emami,"Work Life Balance, Job Security",Promotions,3.8,1.6k,5.3k,107,8,FMCG | Kolkata +169 other locations,NA
650,iOPEX Technologies,"Promotions, Salary, Company Culture",,3.1,1.6k,6.1k,91,46,IT Services & Consulting | Chennai +15 other locations,NA
651,ZF Commercial Vehicle Control Systems,"Promotions, Job Security",,3.8,1.6k,3.8k,84,--,Auto Components | Chennai +49 other locations,NA
652,Wockhardt,Work Life Balance,"Promotions, Salary",3.7,1.6k,4.1k,66,60,Pharma | Chhatrapati Sambhajinagar +83 other locations,NA
653,PharmEasy,"Job Security, Promotions, Work Satisfaction",,3.7,1.6k,6.5k,119,--,Internet | Bengaluru +69 other locations,NA
654,Mercer,Job Security,"Promotions, Work Satisfaction, Skill Development",3.6,1.6k,10k,98,81,Management Consulting | New Delhi +17 other locations,NA
655,Asahi India Glass,"Job Security, Skill Development","Promotions, Salary",3.8,1.6k,5.3k,116,75,Auto Components | Chennai +89 other locations,NA
656,Supreme Industries,"Job Security, Work Life Balance, Company Culture",Promotions,4.0,1.6k,5.8k,100,--,Petrochemicals | Gwalior +124 other locations,NA
657,Urban Company,"Job Security, Promotions, Work Life Balance",,3.3,1.6k,7k,170,127,Internet | Gurugram +59 other locations,NA
658,IndiaFirst Life Insurance,Salary,,3.8,1.6k,3.9k,84,42,Insurance | Mumbai +248 other locations,NA
659,Broadridge Financial Solutions,"Job Security, Company Culture, Work Life Balance","Promotions, Salary",3.8,1.6k,11.1k,163,59,FinTech | Hyderabad +15 other locations,NA
660,Cemindia Projects,"Job Security, Salary, Company Culture",,4.2,1.6k,3.2k,92,3,Engineering & Construction | Kolkata +88 other locations,NA
661,IFB,"Promotions, Company Culture, Work Satisfaction",,3.6,1.6k,5.3k,125,16,Consumer Electronics & Appliances | Bengaluru +178 other locations,NA
662,KFC,"Skill Development, Company Culture, Job Security",,4.0,1.6k,3.1k,86,--,Hospitality | New Delhi +173 other locations,NA
663,Relaxo Footwear,"Work Life Balance, Job Security, Salary",Promotions,4.0,1.6k,4.5k,112,28,Fashion & Textile | New Delhi +159 other locations,NA
664,Kotak Mahindra Prime,"Company Culture, Work Life Balance, Job Security",Promotions,3.9,1.5k,5.3k,73,--,NBFC | Mumbai +177 other locations,NA
665,Marriott International,"Job Security, Company Culture, Skill Development",,4.1,1.5k,4.7k,103,948,Hospitality | Bengaluru +91 other locations,NA
666,Honda,"Company Culture, Work Life Balance, Job Security",,4.1,1.5k,3.8k,114,4,Automobile | Gurugram +229 other locations,NA
667,Labmentix,"Work Life Balance, Skill Development, Company Culture",,4.5,1.5k,33,546,--,Bengaluru +32 other locations,NA
668,Gujarat Fluorochemicals,"Job Security, Work Life Balance",Promotions,3.9,1.5k,6.7k,109,14,Chemicals | Bharuch +31 other locations,NA
669,Amul India,"Job Security, Work Life Balance, Company Culture",Promotions,4.0,1.5k,4.2k,158,--,Food Processing | Ahmedabad +206 other locations,NA
670,Bajaj Capital,"Promotions, Job Security, Work Satisfaction",,3.6,1.5k,3.7k,168,92,Financial Services | New Delhi +171 other locations,NA
671,Lumax Industries,"Job Security, Skill Development",Promotions,3.9,1.5k,5.8k,104,32,Auto Components | Gurugram +42 other locations,NA
672,Muthoot Microfin,"Work Life Balance, Job Security, Skill Development",,4.2,1.5k,2.5k,85,8,NBFC | Kochi +415 other locations,NA
673,American Broadcasting Company,"Company Culture, Work Life Balance, Work Satisfaction",,4.0,1.5k,35.9k,598,4,Engineering & Construction | Bengaluru +98 other locations,NA
674,Nayara Energy,"Work Life Balance, Salary, Job Security",Promotions,4.2,1.5k,6.1k,99,1,Oil & Gas | Jamnagar +98 other locations,NA
675,Dainik Bhaskar Group,"Company Culture, Skill Development, Work Life Balance",,4.1,1.5k,4.3k,83,60,Printing & Publishing | Bhopal +136 other locations,NA
676,Suguna Foods,Company Culture,Promotions,3.9,1.5k,4.2k,97,22,Food Processing | Coimbatore +205 other locations,NA
677,Hinduja Leyland Finance,"Work Life Balance, Company Culture, Work Satisfaction",Promotions,4.0,1.5k,2.9k,62,10,NBFC | Chennai +298 other locations,NA
678,Patra India,Job Security,"Salary, Promotions, Skill Development",3.5,1.5k,6.2k,119,3,BPO | Visakhapatnam +27 other locations,NA
679,Bisleri,"Work Life Balance, Job Security, Salary",Promotions,4.2,1.5k,4.6k,121,22,Beverage | Mumbai +181 other locations,NA
680,Tata Consumer Products,"Promotions, Company Culture, Work Satisfaction",,3.5,1.5k,5.9k,99,7,FMCG | Bengaluru +226 other locations,NA
681,Karur Vysya Bank,"Promotions, Work Satisfaction, Company Culture",,3.5,1.5k,4.9k,109,15,Banking | Chennai +193 other locations,NA
682,Tesco,Job Security,"Promotions, Work Satisfaction, Salary",3.5,1.5k,9.2k,149,8,Retail | Bengaluru +17 other locations,NA
683,SHYAM METALICS AND ENERGY,"Promotions, Company Culture, Job Security",,3.4,1.5k,4.9k,155,5,Metals & Mining | Kolkata +76 other locations,NA
684,Steel Strips Wheels,"Company Culture, Promotions",,3.8,1.5k,5.5k,89,32,Auto Components | Chennai +50 other locations,NA
685,mPokket,"Company Culture, Work Life Balance, Work Satisfaction",,4.5,1.5k,1.6k,379,7,NBFC | Kolkata +21 other locations,NA
686,Evalueserve,"Promotions, Salary, Work Satisfaction",,3.0,1.5k,10.6k,141,35,Analytics & KPO | Gurugram +15 other locations,NA
687,XL Dynamics,Salary,"Job Security, Company Culture",3.6,1.5k,3.5k,97,10,IT Services & Consulting | Mumbai +31 other locations,NA
688,Oracle Cerner,Work Life Balance,"Promotions, Salary, Skill Development",3.3,1.5k,10.2k,170,--,Software Product | Bengaluru +7 other locations,NA
689,Canara Bank,Job Security,"Work Life Balance, Company Culture, Work Satisfaction",3.6,1.5k,4.1k,52,--,Banking | Bengaluru +227 other locations,NA
690,Piramal Pharma,"Job Security, Company Culture, Work Life Balance",Promotions,3.9,1.5k,6.6k,125,39,Pharma | Mumbai +83 other locations,NA
691,SAI Life Sciences,"Salary, Company Culture",Promotions,3.9,1.5k,6k,110,45,Clinical Research | Hyderabad +26 other locations,NA
692,GE VERNOVA,"Company Culture, Work Life Balance, Work Satisfaction",Promotions,4.1,1.5k,5.5k,114,218,Power | Bengaluru +84 other locations,NA
693,GMR Group,"Job Security, Work Life Balance, Company Culture",Promotions,3.9,1.5k,4.7k,105,16,Engineering & Construction | New Delhi +75 other locations,NA
694,Page Industries,"Job Security, Company Culture, Work Life Balance",Promotions,4.1,1.5k,4.9k,73,5,Fashion & Textile | Bengaluru +165 other locations,NA
695,HCL Infosystems,"Work Life Balance, Job Security, Company Culture",,4.0,1.5k,6.8k,146,--,IT Services & Consulting | Noida +104 other locations,NA
696,QualityKiosk Technologies,"Promotions, Salary, Work Satisfaction",,3.2,1.5k,11.5k,166,239,IT Services & Consulting | Mumbai +21 other locations,NA
697,Tanishq,"Skill Development, Company Culture, Work Life Balance",Promotions,4.1,1.5k,3.2k,113,--,Jewellery | Kolkata +238 other locations,NA
698,Ashoka Buildcon,"Company Culture, Work Life Balance, Work Satisfaction",,4.1,1.5k,4.2k,81,--,Engineering & Construction | Nashik +155 other locations,NA
699,Sonata Software,"Promotions, Salary, Job Security",,3.4,1.5k,11.9k,142,84,IT Services & Consulting | Bengaluru +17 other locations,NA
700,Devyani International,Skill Development,Promotions,3.8,1.5k,3.5k,71,10,Hospitality | New Delhi +136 other locations,NA
701,Max Fashion,"Job Security, Skill Development, Company Culture",,4.0,1.5k,3.4k,78,11,Retail | Bengaluru +153 other locations,NA
702,Wheelseye Technology,"Job Security, Promotions, Company Culture",,3.4,1.5k,3.9k,119,21,Internet | Gurugram +222 other locations,NA
703,Gland Pharma,"Work Life Balance, Job Security",,4.0,1.5k,5.9k,91,12,Pharma | Hyderabad +35 other locations,NA
704,Honeywell Technology Solutions,"Promotions, Work Satisfaction, Skill Development",,3.7,1.5k,11.4k,165,--,Industrial Automation | Bengaluru +18 other locations,NA
705,V5 Global Services,Work Life Balance,Promotions,3.9,1.5k,3.7k,94,7,Recruitment | New Delhi +216 other locations,NA
706,Chandigarh University,"Company Culture, Work Life Balance, Work Satisfaction",,4.3,1.5k,2.8k,108,70,Education & Training | Chandigarh +47 other locations,NA
707,ISS Facility Services,"Work Life Balance, Job Security, Company Culture",Promotions,4.0,1.5k,4.2k,69,10,Facility Management Services | Mumbai +65 other locations,NA
708,Acuity Analytics,"Promotions, Skill Development, Salary",,3.1,1.5k,12.8k,181,134,Analytics & KPO | Bengaluru +16 other locations,NA
709,Airtel Payments Bank,Promotions,,3.8,1.5k,5.1k,115,30,Banking | Gurugram +335 other locations,NA
710,Valeo,"Work Life Balance, Company Culture, Job Security",Promotions,4.0,1.5k,8.1k,106,164,Auto Components | Chennai +23 other locations,NA
711,Daimler India Commercial Vehicles,"Work Life Balance, Job Security, Company Culture",Promotions,3.9,1.5k,6.8k,76,18,Automobile | Chennai +49 other locations,NA
712,Apco Infratech,"Job Security, Company Culture, Promotions",,3.7,1.5k,4.3k,140,13,Engineering & Construction | Mumbai +95 other locations,NA
713,Aon,"Job Security, Company Culture, Work Life Balance","Promotions, Salary",3.8,1.5k,6.3k,91,38,Management Consulting | Bengaluru +25 other locations,NA
714,Indoco Remedies,"Promotions, Job Security, Company Culture",,3.5,1.5k,5.6k,89,19,Pharma | Mumbai +84 other locations,NA
715,Taurus BPO Services,"Company Culture, Work Life Balance, Work Satisfaction",,4.1,1.5k,982,35,1,BPO | Pune +23 other locations,NA
716,Heritage Foods,"Company Culture, Work Life Balance, Job Security",,4.1,1.4k,3.8k,103,30,Food Processing | Hyderabad +124 other locations,NA
717,Oberoi Group of Hotels,"Job Security, Skill Development, Company Culture",Promotions,4.0,1.4k,3.8k,96,--,Hospitality | New Delhi +39 other locations,NA
718,Amneal Pharmaceuticals,"Work Life Balance, Job Security, Company Culture",,4.2,1.4k,6.2k,85,61,Pharma | Ahmedabad +44 other locations,NA
719,PNB Housing Finance,Promotions,,3.8,1.4k,4.6k,55,--,NBFC | New Delhi +171 other locations,NA
720,NIIT,"Promotions, Salary, Work Satisfaction",,3.5,1.4k,6.1k,108,27,Education & Training | Gurugram +102 other locations,NA
721,Apexon,"Promotions, Job Security, Work Satisfaction",,3.3,1.4k,9.6k,177,36,IT Services & Consulting | Bengaluru +22 other locations,NA
722,SBFC Finance,Salary,,3.8,1.4k,2.8k,101,67,NBFC | Mumbai +217 other locations,NA
723,Happiest Minds Technologies,"Promotions, Salary, Work Satisfaction",,3.4,1.4k,12.6k,152,586,IT Services & Consulting | Bengaluru +17 other locations,NA
724,Narayana Educational Society,"Promotions, Company Culture, Work Life Balance",,3.6,1.4k,4.1k,68,9,Education & Training | Hyderabad +146 other locations,NA
725,Bharat Forge,"Promotions, Salary, Company Culture",,3.8,1.4k,6.4k,80,6,Auto Components | Pune +28 other locations,NA
726,Altimetrik,"Job Security, Promotions, Work Satisfaction",,3.5,1.4k,12.4k,266,76,IT Services & Consulting | Bengaluru +15 other locations,NA
727,Hyatt Regency,"Job Security, Skill Development, Company Culture",,4.0,1.4k,3k,61,2,Hospitality | New Delhi +50 other locations,NA
728,Acmegrade,"Company Culture, Work Satisfaction, Skill Development",,3.9,1.4k,291,69,--,EdTech | Bengaluru +21 other locations,NA
729,Jaquar,"Job Security, Work Life Balance, Company Culture",Promotions,4.1,1.4k,5.1k,88,26,Building Material | Gurugram +117 other locations,NA
730,ALTEN,"Promotions, Skill Development, Work Satisfaction",,3.6,1.4k,8.4k,161,41,IT Services & Consulting | Bengaluru +28 other locations,NA
731,Aumovio,"Work Life Balance, Company Culture","Promotions, Salary",3.8,1.4k,9.4k,82,20,Auto Components | Bengaluru +21 other locations,NA
732,AB InBev India,"Promotions, Work Satisfaction, Job Security",,3.3,1.4k,7.9k,116,99,Beverage | Bengaluru +76 other locations,NA
733,Morningstar,"Work Life Balance, Company Culture","Promotions, Salary, Work Satisfaction",3.7,1.4k,10.4k,265,49,Financial Services | Mumbai +18 other locations,NA
734,Agilus Diagnostics,"Work Life Balance, Company Culture, Work Satisfaction",,4.1,1.4k,3.3k,86,11,Healthcare | Mumbai +136 other locations,NA
735,Sony,"Company Culture, Work Life Balance, Work Satisfaction",Promotions,4.2,1.4k,4.6k,84,12,Consumer Electronics & Appliances | New Delhi +143 other locations,NA
736,Tieto,"Work Life Balance, Company Culture, Work Satisfaction",Promotions,4.1,1.4k,9.5k,105,33,IT Services & Consulting | Pune +13 other locations,NA
737,CIE Automotive India Limited (Formerly known as Mahindra CIE Automotive Limited),"Promotions, Company Culture, Work Satisfaction",,3.6,1.4k,5k,90,--,Auto Components | Pune +47 other locations,NA
738,Indegene,"Promotions, Work Satisfaction, Skill Development",,3.2,1.4k,9.6k,172,10,Analytics & KPO | Bengaluru +33 other locations,NA
739,Fusion Finance,"Company Culture, Work Life Balance, Salary",,3.9,1.4k,3.2k,60,6,NBFC | New Delhi +346 other locations,NA
740,Slk Software Services,"Promotions, Salary, Work Satisfaction",,3.2,1.4k,9.5k,114,58,IT Services & Consulting | Bengaluru +15 other locations,NA
741,Chetu,Skill Development,"Job Security, Company Culture, Work Life Balance",3.7,1.4k,7.3k,232,4,Software Product | Noida +14 other locations,NA
742,Amara Raja Energy & Mobility,"Job Security, Company Culture, Work Life Balance",Promotions,4.0,1.4k,4.1k,110,--,Auto Components | Tirupati +93 other locations,NA
743,Tata Group,"Company Culture, Job Security, Work Life Balance",,4.2,1.4k,5.6k,383,2,IT Services & Consulting | Mumbai +167 other locations,NA
744,Tenarai,"Promotions, Job Security, Salary",,3.5,1.4k,11.1k,136,102,Emerging Technologies | Bengaluru +23 other locations,NA
745,Xiaomi,"Promotions, Job Security",,3.8,1.4k,5.6k,112,4,Consumer Electronics & Appliances | Bengaluru +212 other locations,NA
746,Adobe,Company Culture,"Promotions, Work Satisfaction",3.7,1.4k,13.2k,270,46,Software Product | Bengaluru +22 other locations,NA
747,Vfs Global Services,"Promotions, Salary, Company Culture",,3.4,1.4k,4.3k,72,6,IT Services & Consulting | Mumbai +32 other locations,NA
748,VLCC,"Promotions, Company Culture, Work Life Balance",,3.3,1.4k,3.3k,54,41,Beauty & Personal Care | New Delhi +110 other locations,NA
749,Sansera Engineering,"Skill Development, Company Culture, Work Life Balance","Promotions, Salary",4.0,1.4k,5.6k,97,13,Auto Components | Bengaluru +28 other locations,NA
750,Nykaa,"Promotions, Company Culture, Work Satisfaction",,3.4,1.4k,6.8k,154,13,Internet | Mumbai +115 other locations,NA
751,J. Kumar Infraprojects,"Job Security, Work Life Balance, Company Culture",Promotions,4.1,1.4k,4.5k,94,4,Engineering & Construction | Mumbai +41 other locations,NA
752,IDC Technologies,"Job Security, Promotions, Company Culture",,3.1,1.4k,6.8k,76,--,IT Services & Consulting | Noida +66 other locations,NA
753,DCM Shriram,"Job Security, Work Life Balance, Salary",,4.1,1.4k,4.9k,109,2,Chemicals | Bharuch +108 other locations,NA
754,Unisys,"Promotions, Skill Development, Work Satisfaction",,3.4,1.4k,10.2k,81,27,IT Services & Consulting | Bengaluru +18 other locations,NA
755,AtkinsRealis,Work Life Balance,"Promotions, Work Satisfaction, Salary",3.7,1.4k,6k,109,338,Engineering & Construction | Bengaluru +55 other locations,NA
756,The Muthoot Group,"Promotions, Work Satisfaction, Company Culture",,3.6,1.4k,3.7k,84,--,Financial Services | New Delhi +309 other locations,NA
757,VOIS,"Work Life Balance, Job Security","Promotions, Skill Development",3.8,1.4k,8.6k,182,29,IT Services & Consulting | Pune +21 other locations,NA
758,Eaton,"Company Culture, Work Life Balance, Job Security",Promotions,4.0,1.4k,8.1k,148,1,Electronics Manufacturing | Pune +22 other locations,NA
759,MedPlus,"Promotions, Company Culture, Work Satisfaction",,3.5,1.4k,4.3k,109,46,Retail | Hyderabad +144 other locations,NA
760,EOSGlobe,"Promotions, Salary, Work Satisfaction",,2.9,1.4k,4k,91,11,BPO | Mumbai +29 other locations,NA
761,Oracle Financial Services Software,Job Security,"Promotions, Salary, Skill Development",3.4,1.4k,10.7k,195,--,Software Product | Bengaluru +22 other locations,NA
762,TEKsystems,"Promotions, Job Security, Skill Development",,3.1,1.4k,11.1k,138,10,IT Services & Consulting | Bengaluru +18 other locations,NA
763,FedEx Express,"Company Culture, Work Life Balance, Job Security",Promotions,4.0,1.4k,5.1k,112,93,Logistics | Mumbai +94 other locations,NA
764,Kantar,"Promotions, Salary, Work Satisfaction",,3.5,1.4k,6.7k,118,2,Analytics & KPO | Bengaluru +44 other locations,NA
765,City Union Bank,"Promotions, Company Culture, Work Life Balance",,2.9,1.4k,5.7k,123,7,Banking | Chennai +195 other locations,NA
766,Worley,"Work Life Balance, Company Culture, Work Satisfaction",Promotions,4.1,1.4k,7.3k,140,82,Engineering & Construction | Mumbai +56 other locations,NA
767,TÜV SÜD,"Work Life Balance, Company Culture, Work Satisfaction",Promotions,4.0,1.4k,3.9k,104,151,"Testing, Inspection and Certification (TIC) | Bengaluru +132 other locations",NA
768,TCS iON,Job Security,"Promotions, Salary",3.8,1.4k,4k,407,--,IT Services & Consulting | Bengaluru +113 other locations,NA
769,Sunknowledge Services,Job Security,"Promotions, Salary, Company Culture",3.4,1.4k,3.8k,107,13,BPO | Kolkata +13 other locations,NA
770,Rashmi Metaliks,"Company Culture, Job Security, Promotions",,3.1,1.4k,4.7k,116,7,Iron & Steel | Kharagpur +43 other locations,NA
771,Fino Payments Bank,Work Life Balance,"Promotions, Salary",3.8,1.4k,4k,63,10,Banking | Mumbai +274 other locations,NA
772,Sharekhan,"Promotions, Salary, Work Satisfaction",,3.7,1.4k,5.2k,100,57,Financial Services | Mumbai +114 other locations,NA
773,Aerial Telecom Solutions,"Work Life Balance, Company Culture, Work Satisfaction",,4.2,1.4k,2.3k,124,28,Telecom | Sahibzada Ajit Singh Nagar +112 other locations,NA
774,Novo Nordisk,Work Life Balance,"Promotions, Job Security, Work Satisfaction",3.7,1.4k,6.5k,100,70,Pharma | Bengaluru +74 other locations,NA
775,iMerit,"Promotions, Salary, Skill Development",,3.2,1.4k,5.6k,118,11,IT Services & Consulting | Kolkata +22 other locations,NA
776,Incedo,"Promotions, Work Satisfaction, Job Security",,2.9,1.4k,10.4k,204,42,IT Services & Consulting | Gurugram +13 other locations,NA
777,Bajaj Housing Finance,"Work Life Balance, Company Culture, Work Satisfaction",,3.6,1.4k,6k,71,94,NBFC | Pune +166 other locations,NA
778,Citco,"Promotions, Company Culture, Work Life Balance",,3.1,1.4k,9.7k,171,36,Management Consulting | Pune +13 other locations,NA
779,Amity University,Job Security,"Promotions, Skill Development, Salary",3.6,1.4k,5.2k,115,19,Education & Training | Noida +85 other locations,NA
780,Faurecia,"Company Culture, Work Life Balance, Skill Development",Promotions,3.9,1.4k,6k,72,19,Auto Components | Pune +28 other locations,NA
781,Aforeserve,"Promotions, Salary, Job Security",,3.4,1.4k,3.6k,93,20,IT Services & Consulting | Mumbai +159 other locations,NA
782,Paytm Payments Bank,Work Life Balance,"Job Security, Promotions",3.8,1.4k,5.6k,142,--,Banking | Noida +135 other locations,NA
783,Bharat FIH,"Promotions, Job Security, Salary",,3.7,1.4k,5.3k,91,--,Electronics Manufacturing | Chennai +39 other locations,NA
784,JSW Cement,"Job Security, Company Culture, Work Life Balance",Promotions,4.1,1.3k,4.3k,137,19,Building Material | Mumbai +144 other locations,NA
785,Iffco Tokio General Insurance Co.,Promotions,,3.8,1.3k,4k,50,--,Insurance | Gurugram +282 other locations,NA
786,Sheenlac Paints,"Salary, Work Life Balance, Company Culture",,4.2,1.3k,1.7k,210,--,Chemicals | Chennai +162 other locations,NA
787,Hire In Global,"Company Culture, Work Life Balance, Work Satisfaction",,4.9,1.3k,8,294,--,Recruitment | Mumbai +60 other locations,NA
788,INDIUM,"Company Culture, Work Life Balance, Work Satisfaction",Promotions,4.0,1.3k,7k,256,110,IT Services & Consulting | Chennai +13 other locations,NA
789,DEXIT Global,"Promotions, Salary, Work Satisfaction",,3.5,1.3k,5.9k,139,2,IT Services & Consulting | Mumbai +151 other locations,NA
790,Unichem Laboratories,"Promotions, Company Culture, Salary",,3.6,1.3k,5.1k,95,58,Pharma | Ghaziabad +76 other locations,NA
791,Burger King,"Salary, Job Security, Skill Development",,3.9,1.3k,3.5k,98,5,Hospitality | New Delhi +112 other locations,NA
792,Aptara,"Promotions, Skill Development, Salary",,3.1,1.3k,6.4k,78,9,Content Development | Noida +15 other locations,NA
793,Collabera Talent Solutions,"Promotions, Job Security, Salary",,3.5,1.3k,6.9k,152,1,Recruitment | Bengaluru +43 other locations,NA
794,GE,"Company Culture, Work Life Balance, Work Satisfaction",Promotions,4.1,1.3k,7.5k,114,28,Defence & Aerospace | Bengaluru +76 other locations,NA
795,The Ramco Cements,"Job Security, Company Culture, Work Life Balance",Promotions,4.1,1.3k,4.3k,461,--,Building Material | Chennai +124 other locations,NA
796,TE Connectivity,"Company Culture, Work Life Balance, Job Security",Promotions,4.1,1.3k,7.5k,101,126,Electronics Manufacturing | Bengaluru +22 other locations,NA
797,Hindware Limited,Work Life Balance,Promotions,3.9,1.3k,4.6k,87,9,Building Material | Hyderabad +133 other locations,NA
798,FDC,"Promotions, Salary, Work Satisfaction",,3.7,1.3k,3.7k,70,31,Pharma | Mumbai +129 other locations,NA
799,JioMart,"Work Life Balance, Skill Development, Salary",Promotions,3.9,1.3k,4.2k,118,--,Retail | Mumbai +294 other locations,NA
800,GEP Worldwide,Company Culture,"Promotions, Salary, Work Satisfaction",3.6,1.3k,9.4k,155,14,IT Services & Consulting | Mumbai +17 other locations,NA
801,CreditAccess Grameen,"Company Culture, Job Security, Skill Development",,3.9,1.3k,2.6k,54,15,NBFC | Bengaluru +349 other locations,NA
802,R Systems International,"Promotions, Job Security, Company Culture",,3.6,1.3k,7.5k,155,25,IT Services & Consulting | Noida +23 other locations,NA
803,Big Bazaar,"Skill Development, Company Culture, Work Satisfaction",,4.4,1.3k,2.2k,47,--,Retail | New Delhi +158 other locations,NA
804,Grant Thornton,"Promotions, Work Satisfaction, Salary",,3.4,1.3k,11.5k,120,264,Accounting & Auditing | Bengaluru +59 other locations,NA
805,Brillio,"Promotions, Job Security, Work Satisfaction",,3.4,1.3k,10.7k,141,6,IT Services & Consulting | Bengaluru +14 other locations,NA
806,ZF Steering Gear,"Promotions, Work Satisfaction, Salary",,3.7,1.3k,7.3k,59,4,Auto Components | Hyderabad +34 other locations,NA
807,Hatsun Agro Product,Skill Development,"Job Security, Promotions",3.8,1.3k,4.7k,84,6,Food Processing | Chennai +127 other locations,NA
808,ManpowerGroup,"Promotions, Job Security, Skill Development",,3.6,1.3k,5.2k,71,184,Recruitment | Bengaluru +149 other locations,NA
809,Cinépolis,"Company Culture, Job Security","Promotions, Salary",3.8,1.3k,3k,81,1,Media & Entertainment | New Delhi +60 other locations,NA
810,VIBGYOR Group of Schools,"Promotions, Job Security, Company Culture",,3.5,1.3k,4.2k,100,269,Education & Training | Bengaluru +37 other locations,NA
811,Shubham Housing Development Finance,"Company Culture, Work Life Balance, Skill Development",,3.9,1.3k,2.9k,52,6,NBFC | New Delhi +159 other locations,NA
812,RBL FinServe,"Salary, Skill Development",,3.9,1.3k,3k,66,--,Financial Services | Mumbai +364 other locations,NA
813,Baroda Global Shared Services,Work Life Balance,Promotions,3.8,1.3k,3k,129,34,BPO | Gandhinagar +181 other locations,NA
814,Nippon Paint India,"Work Life Balance, Skill Development",Promotions,4.0,1.3k,3.8k,81,--,Chemicals | Chennai +163 other locations,NA
815,Decathlon,"Job Security, Skill Development, Company Culture","Promotions, Work Life Balance, Salary",3.7,1.3k,4.3k,119,1,Retail | Bengaluru +71 other locations,NA
816,Punjab National Bank,Job Security,,3.8,1.3k,3k,61,--,Banking | New Delhi +215 other locations,NA
817,Viraj Profiles,"Skill Development, Work Life Balance, Work Satisfaction",,4.0,1.3k,4.4k,100,--,Iron & Steel | Mumbai +28 other locations,NA
818,CenturyPly,Salary,Promotions,3.9,1.3k,4.3k,96,33,Furniture & Furnishing | Kolkata +146 other locations,NA
819,Spicejet,"Promotions, Salary, Job Security",,3.3,1.3k,5.1k,105,1,Aviation | New Delhi +60 other locations,NA
820,Atul,"Job Security, Work Life Balance, Company Culture",Promotions,3.9,1.3k,5.1k,101,2,Chemicals | Valsad +64 other locations,NA
821,Troikaa Pharmaceuticals,"Salary, Work Life Balance, Skill Development",,4.1,1.3k,3.8k,117,23,Pharma | Ahmedabad +106 other locations,NA
822,Fabindia,"Work Life Balance, Job Security, Skill Development","Promotions, Salary",3.7,1.3k,4.1k,61,48,Retail | New Delhi +82 other locations,NA
823,More Supermarket,"Job Security, Promotions, Company Culture",,3.7,1.3k,3.9k,93,32,Retail | Bengaluru +164 other locations,NA
824,Bluestock ™,"Work Life Balance, Skill Development, Company Culture",,4.5,1.3k,58,387,--,FinTech | Pune +44 other locations,NA
825,OM Logistics,"Job Security, Work Life Balance",Promotions,3.9,1.3k,3.8k,91,4,Logistics | New Delhi +124 other locations,NA
826,NetAmbit,"Salary, Work Life Balance, Skill Development",,4.0,1.3k,3.2k,170,5,BPO | Noida +153 other locations,NA
827,Mondelez International,"Salary, Company Culture, Work Life Balance",Promotions,4.1,1.3k,4.8k,75,89,Food Processing | Mumbai +200 other locations,NA
828,Astral Pipe,"Work Life Balance, Job Security",Promotions,3.9,1.3k,4.1k,95,49,Building Material | Ahmedabad +143 other locations,NA
829,Hindustan Construction Company,"Company Culture, Job Security, Skill Development",,4.3,1.3k,3.2k,94,5,Engineering & Construction | Mumbai +93 other locations,NA
830,Luminous Power Technologies,"Work Life Balance, Job Security, Company Culture",Promotions,4.1,1.3k,4k,99,25,Consumer Electronics & Appliances | Gurugram +133 other locations,NA
831,Pantaloons,"Job Security, Company Culture, Skill Development",,4.1,1.3k,3k,69,--,Retail | Mumbai +156 other locations,NA
832,OpenText Technologies,"Promotions, Job Security, Work Satisfaction",,3.3,1.3k,12.1k,196,9,Software Product | Bengaluru +14 other locations,NA
833,Ion Exchange India,"Work Life Balance, Job Security","Promotions, Salary",3.8,1.3k,5.2k,98,53,Waste Management | Mumbai +126 other locations,NA
834,SK Finance Limited,Promotions,,3.8,1.3k,3.5k,87,--,NBFC | Jaipur +274 other locations,NA
835,Globant,Work Life Balance,"Promotions, Job Security, Work Satisfaction",3.4,1.3k,10.3k,205,64,IT Services & Consulting | Pune +17 other locations,NA
836,Jakson Group,"Work Life Balance, Salary, Company Culture",,4.1,1.3k,3.9k,106,16,Power | Noida +103 other locations,NA
837,Samsung Research,"Promotions, Work Satisfaction, Skill Development",,3.0,1.3k,9.7k,150,2,IT Services & Consulting | Bengaluru +21 other locations,NA
838,ICICI Prudential Mutual Fund,"Skill Development, Work Life Balance, Job Security","Promotions, Salary",3.9,1.3k,5.6k,88,--,Financial Services | Mumbai +170 other locations,NA
839,Centre for Development of Advanced Computing,"Work Life Balance, Job Security","Promotions, Salary, Company Culture",3.7,1.3k,6.9k,126,--,IT Services & Consulting | Pune +41 other locations,NA
840,Sigma Electric Manufacturing Corporation,"Company Culture, Work Life Balance, Job Security",Promotions,4.0,1.3k,2.8k,78,12,Industrial Machinery | Pune +23 other locations,NA
841,NxtWave,"Job Security, Promotions, Work Life Balance",,3.6,1.3k,3.2k,289,86,EdTech | Hyderabad +54 other locations,NA
842,Vestas,"Company Culture, Work Life Balance, Work Satisfaction","Promotions, Job Security",4.1,1.3k,5.4k,99,11,Power | Chennai +51 other locations,NA
843,AGS Transact Technologies,"Promotions, Salary, Job Security",,2.8,1.3k,3.8k,43,--,FinTech | Mumbai +123 other locations,NA
844,Panasonic,"Work Life Balance, Company Culture, Job Security",Promotions,4.0,1.3k,4.8k,51,19,Consumer Electronics & Appliances | Gurugram +124 other locations,NA
845,Royal Migration Solutions,"Company Culture, Work Life Balance, Work Satisfaction",,4.9,1.3k,5,1,--,Other | Dubai +12 other locations,NA
846,Apex Group,"Promotions, Job Security, Company Culture",,2.7,1.3k,8.1k,185,310,Financial Services | Pune +28 other locations,NA
847,ANZ Banking Group,"Work Life Balance, Company Culture","Promotions, Skill Development, Work Satisfaction",3.8,1.3k,8.3k,107,22,Banking | Bengaluru +17 other locations,NA
848,Aarvee Associates,"Promotions, Company Culture, Skill Development",,3.7,1.3k,3.4k,100,--,Engineering & Construction | Hyderabad +178 other locations,NA
849,T-Systems ICT India,Work Life Balance,Promotions,3.7,1.3k,8.9k,112,5,IT Services & Consulting | Pune +16 other locations,NA
850,Electronics Corporation of India Limited,"Work Life Balance, Company Culture, Work Satisfaction",,4.2,1.3k,3.2k,61,--,Electronics Manufacturing | Hyderabad +57 other locations,NA
851,Tenneco,"Promotions, Company Culture, Work Satisfaction",,3.6,1.3k,5.3k,72,14,Auto Components | Pune +45 other locations,NA
852,Automotive Manufacturers,Promotions,,3.8,1.3k,5.2k,104,43,Automobile | Hyderabad +149 other locations,NA
853,Dell EMC,Work Life Balance,Promotions,3.8,1.2k,8.6k,74,3,IT Services & Consulting | Bengaluru +53 other locations,NA
854,Godrej Consumer Products,"Work Life Balance, Company Culture, Job Security",Promotions,4.0,1.2k,4.8k,62,--,FMCG | Mumbai +149 other locations,NA
855,PNC Infratech,Promotions,,3.8,1.2k,3.4k,83,--,Engineering & Construction | Agra +96 other locations,NA
856,Intertek,"Promotions, Salary",,3.7,1.2k,4k,83,75,"Testing, Inspection and Certification (TIC) | New Delhi +116 other locations",NA
857,Fresenius Kabi,"Work Life Balance, Company Culture, Job Security","Promotions, Salary",4.0,1.2k,4.1k,58,26,Pharma | Pune +65 other locations,NA
858,SKF,"Company Culture, Work Life Balance, Skill Development",Promotions,4.0,1.2k,4.6k,75,47,Auto Components | Pune +70 other locations,NA
859,Spandana Sphoorty Financial,"Company Culture, Work Satisfaction, Job Security",,3.7,1.2k,2.4k,52,10,NBFC | Hyderabad +358 other locations,NA
860,iSON Xperiences,"Promotions, Salary, Company Culture",,3.2,1.2k,3.3k,79,8,BPO | Chennai +43 other locations,NA
861,Jindal X,"Job Security, Promotions, Work Satisfaction",,3.5,1.2k,2.8k,113,3,BPO | New Delhi +22 other locations,NA
862,KIMS Hospital,"Promotions, Salary",,3.8,1.2k,3.7k,62,8,Healthcare | Hyderabad +60 other locations,NA
863,Prodapt,"Promotions, Salary, Work Satisfaction",,3.5,1.2k,9.9k,117,61,IT Services & Consulting | Chennai +16 other locations,NA
864,H.G. Infra Engineering,"Salary, Skill Development, Company Culture",Job Security,4.0,1.2k,3.2k,109,--,Engineering & Construction | Jaipur +99 other locations,NA
865,Synchrony,"Job Security, Company Culture, Work Life Balance",Promotions,4.3,1.2k,5.5k,93,17,Financial Services | Hyderabad +9 other locations,NA
866,Mu Sigma,"Work Life Balance, Job Security, Company Culture",,2.5,1.2k,6.8k,250,--,Analytics & KPO | Bengaluru +16 other locations,NA
867,Dassault Systemes,"Job Security, Work Life Balance, Company Culture","Promotions, Salary, Skill Development",3.7,1.2k,7.3k,187,2,Software Product | Pune +13 other locations,NA
868,Zoho,"Job Security, Company Culture, Work Life Balance",,4.1,1.2k,9.9k,585,--,Software Product | Chennai +37 other locations,NA
869,Oil And Natural Gas Corporation,"Work Life Balance, Work Satisfaction, Job Security",,4.3,1.2k,3.1k,80,--,Oil & Gas | Mumbai +84 other locations,NA
870,Kalpataru Limited,"Job Security, Work Life Balance, Skill Development",,4.2,1.2k,4.5k,269,19,Real Estate | Mumbai +83 other locations,NA
871,Rockman Industries,"Job Security, Skill Development, Salary",,3.8,1.2k,3.8k,94,17,Auto Components | Haridwar +41 other locations,NA
872,AIIMS,"Skill Development, Work Satisfaction, Work Life Balance",Promotions,4.1,1.2k,4.6k,67,--,Education & Training | New Delhi +76 other locations,NA
873,Shriram Pistons & Rings,"Job Security, Company Culture, Work Life Balance",Promotions,4.0,1.2k,4.5k,76,1,Auto Components | Bhiwadi +62 other locations,NA
874,Rupeek,"Work Life Balance, Company Culture, Work Satisfaction",,4.1,1.2k,3.3k,133,22,FinTech | Bengaluru +55 other locations,NA
875,Wind World,"Work Life Balance, Job Security, Work Satisfaction","Promotions, Salary",4.0,1.2k,3.3k,88,2,Power | Jaisalmer +84 other locations,NA
876,DP World,Salary,Promotions,3.8,1.2k,5.1k,99,99,Logistics | Mumbai +84 other locations,NA
877,Parexel International,"Promotions, Salary",,3.8,1.2k,6k,87,1,Clinical Research | Hyderabad +25 other locations,NA
878,Fidelity Investments,"Company Culture, Work Life Balance, Job Security",Promotions,4.1,1.2k,8.1k,128,1,Financial Services | Bengaluru +19 other locations,NA
879,Diageo,"Work Life Balance, Company Culture, Salary","Promotions, Job Security",3.8,1.2k,6.4k,93,66,Beverage | Bengaluru +99 other locations,NA
880,Qualcomm,Salary,"Promotions, Work Life Balance, Work Satisfaction",3.7,1.2k,15.1k,299,47,Semiconductors | Hyderabad +18 other locations,NA
881,DLF,"Salary, Work Life Balance",Promotions,3.9,1.2k,4.9k,98,2,Real Estate | Gurugram +35 other locations,NA
882,EbixCash Limited,Work Life Balance,"Promotions, Salary, Skill Development",3.6,1.2k,5.1k,110,--,Software Product | Noida +85 other locations,NA
883,Colliers India,"Work Life Balance, Salary",Promotions,3.9,1.2k,4.9k,96,86,Real Estate | Bengaluru +48 other locations,NA
884,Indostar Capital Finance Limited,"Company Culture, Work Life Balance, Work Satisfaction",,4.3,1.2k,2.1k,199,1,NBFC | Mumbai +328 other locations,NA
885,DENSO,"Job Security, Company Culture, Work Life Balance",,4.1,1.2k,3.8k,85,1,Auto Components | Gurugram +39 other locations,NA
886,Best Sellers,"Company Culture, Work Life Balance, Skill Development",Promotions,4.1,1.2k,3k,33,3,Retail | Mumbai +92 other locations,NA
887,Nielsen,"Promotions, Job Security, Skill Development",,3.1,1.2k,6.6k,157,1,Analytics & KPO | Bengaluru +74 other locations,NA
888,JTEKT,"Company Culture, Job Security, Skill Development",Promotions,4.1,1.2k,4.4k,95,4,Auto Components | Gurugram +30 other locations,NA
889,ExcelR,"Promotions, Salary",,3.7,1.2k,1.1k,109,48,Education & Training | Bengaluru +25 other locations,NA
890,PHN Technology,"Skill Development, Company Culture, Work Life Balance",,4.3,1.2k,372,42,2,EdTech | Pune +32 other locations,NA
891,Kirloskar Oil Engines,"Work Life Balance, Company Culture, Job Security",Promotions,4.1,1.2k,4.1k,64,10,Industrial Machinery | Pune +107 other locations,NA
892,Ahluwalia Contracts India,"Work Life Balance, Job Security, Salary",,4.0,1.2k,3.5k,77,20,Engineering & Construction | New Delhi +55 other locations,NA
893,Intel,"Work Life Balance, Company Culture, Work Satisfaction","Job Security, Promotions",4.1,1.2k,9.3k,242,--,Semiconductors | Bengaluru +38 other locations,NA
894,Fidelity National Financial,Job Security,"Promotions, Work Satisfaction, Skill Development",3.7,1.2k,6.1k,61,2,Financial Services | Bengaluru +15 other locations,NA
895,Strides Pharma,Skill Development,"Job Security, Promotions",3.8,1.2k,4.4k,79,--,Pharma | Bengaluru +43 other locations,NA
896,Genius HRTech,Work Life Balance,Promotions,3.8,1.2k,3.9k,73,--,Recruitment | Kolkata +108 other locations,NA
897,ACG Worldwide,"Promotions, Work Satisfaction",,3.8,1.2k,3.9k,86,62,Pharma | Mumbai +31 other locations,NA
898,JK Lakshmi Cement,"Job Security, Promotions, Work Satisfaction",,3.7,1.2k,3.7k,81,--,Building Material | New Delhi +141 other locations,NA
899,Leadec India,"Work Life Balance, Company Culture, Work Satisfaction",,4.1,1.2k,3.5k,152,15,Facility Management Services | Pune +80 other locations,NA
900,Baazar Retail Private Limited,"Company Culture, Work Life Balance, Job Security",,4.5,1.2k,1.5k,85,--,Retail | Kolkata +109 other locations,NA
901,FOCUS EDUMATICS,"Job Security, Promotions, Company Culture",,2.9,1.2k,3k,126,--,EdTech | Coimbatore +35 other locations,NA
902,Thyrocare Technologies,Promotions,,3.7,1.2k,4.4k,88,16,Healthcare | Mumbai +77 other locations,NA
903,Electronica Finance,"Salary, Work Life Balance, Skill Development",,4.1,1.2k,2.9k,141,25,NBFC | Pune +173 other locations,NA
904,Innova Solutions,"Promotions, Job Security, Skill Development",,3.3,1.2k,8.2k,104,68,IT Services & Consulting | Hyderabad +37 other locations,NA
905,PayPal,"Salary, Work Life Balance, Company Culture","Job Security, Promotions, Skill Development",3.7,1.2k,10k,243,--,FinTech | Bengaluru +15 other locations,NA
906,Zetwerk,"Salary, Company Culture, Work Life Balance",Promotions,4.0,1.2k,4.1k,117,37,Industrial Machinery | Bengaluru +122 other locations,NA
907,Federal Bank,"Salary, Job Security","Promotions, Work Life Balance, Work Satisfaction",3.6,1.2k,5.6k,120,--,Banking | Mumbai +153 other locations,NA
908,HFCL Limited,Work Life Balance,"Promotions, Salary",3.8,1.2k,4.1k,86,6,Telecom | Hyderabad +112 other locations,NA
909,Barclays Shared Services,Job Security,"Promotions, Skill Development",3.8,1.2k,4.7k,38,812,Financial Services | Chennai +17 other locations,NA
910,Salesforce,"Salary, Work Life Balance, Company Culture","Job Security, Promotions",3.9,1.2k,14k,251,329,Software Product | Hyderabad +39 other locations,NA
911,Sri Chaitanya Techno Schools,"Promotions, Salary, Company Culture",,3.5,1.2k,3.5k,76,2,Education & Training | Bengaluru +169 other locations,NA
912,Prism Johnson,"Promotions, Company Culture, Work Satisfaction",,3.7,1.2k,4.5k,71,19,Building Material | Mumbai +146 other locations,NA
913,Meril,Job Security,"Promotions, Salary, Work Satisfaction",3.6,1.2k,5k,88,20,Medical Equipment | Vapi +84 other locations,NA
914,Podar International School,"Skill Development, Company Culture, Work Life Balance",,4.1,1.2k,3.2k,81,4,Education & Training | Mumbai +125 other locations,NA
915,The Jaypee Group,"Job Security, Work Life Balance","Promotions, Salary",3.8,1.2k,3.4k,51,11,Engineering & Construction | Noida +106 other locations,NA
916,Coca-Cola Company,"Skill Development, Work Life Balance, Company Culture",Promotions,4.0,1.2k,3.3k,106,2,Beverage | Bengaluru +208 other locations,NA
917,Aptiv,"Promotions, Company Culture, Work Satisfaction",,3.4,1.2k,8.4k,123,5,Auto Components | Bengaluru +26 other locations,NA
918,Aparna Constructions and Estates,"Job Security, Skill Development, Salary",Promotions,3.9,1.2k,4k,113,48,Real Estate | Hyderabad +22 other locations,NA
919,Ocwen Financial Solutions,"Company Culture, Work Life Balance","Promotions, Skill Development, Salary",3.8,1.2k,4.3k,53,24,Financial Services | Bengaluru +9 other locations,NA
920,Schaeffler India,"Job Security, Work Life Balance, Company Culture",Promotions,4.1,1.2k,5.6k,66,9,Auto Components | Vadodara +28 other locations,NA
921,Johnson Lifts,"Job Security, Work Life Balance",Promotions,3.8,1.1k,3.7k,50,11,Industrial Machinery | Chennai +75 other locations,NA
922,Indira IVF Hospital,"Company Culture, Work Life Balance, Skill Development",Promotions,3.9,1.1k,3k,77,36,Healthcare | Mumbai +105 other locations,NA
923,Birla Corporation,"Work Life Balance, Job Security, Company Culture",,4.1,1.1k,3.7k,75,12,Building Material | Satna +145 other locations,NA
924,Apollo Health and Lifestyle Limited,"Job Security, Company Culture, Work Life Balance",,4.3,1.1k,3.4k,118,50,Healthcare | Hyderabad +94 other locations,NA
925,Nilkamal,"Promotions, Skill Development, Work Satisfaction",,3.7,1.1k,3.7k,82,12,Furniture & Furnishing | Mumbai +112 other locations,NA
926,MDIndia Health Insurance TPA,"Promotions, Salary",,3.6,1.1k,3.8k,70,39,Insurance | Pune +93 other locations,NA
927,Balkrishna Industries,"Salary, Job Security, Work Life Balance",,4.0,1.1k,4.2k,66,--,Auto Components | Bhuj +35 other locations,NA
928,London Stock Exchange Group,Work Life Balance,"Promotions, Skill Development, Work Satisfaction",3.7,1.1k,11k,158,3,Financial Services | Bengaluru +11 other locations,NA
929,Edelweiss,"Promotions, Work Satisfaction",,3.6,1.1k,5.6k,63,--,Financial Services | Mumbai +113 other locations,NA
930,CaratLane - A Tata Product,"Skill Development, Company Culture, Job Security",Promotions,4.0,1.1k,3k,68,9,Jewellery | Chennai +87 other locations,NA
931,Dhoot Transmission,"Promotions, Salary, Work Satisfaction",,3.7,1.1k,3.9k,69,11,Auto Components | Chhatrapati Sambhajinagar +43 other locations,NA
932,Dishtv,"Promotions, Job Security, Skill Development",,3.4,1.1k,3.3k,77,13,Broadcasting | Noida +150 other locations,NA
933,Motilal Oswal Home Finance,"Skill Development, Company Culture, Work Life Balance",,4.3,1.1k,1.4k,126,--,NBFC | Mumbai +130 other locations,NA
934,Bajaj Motors,"Work Life Balance, Skill Development, Company Culture",,3.9,1.1k,3.4k,69,13,Auto Components | Gurugram +90 other locations,NA
935,Imperial Auto Industries,"Promotions, Salary, Company Culture",,3.8,1.1k,4.8k,79,16,Auto Components | Faridabad +37 other locations,NA
936,Biocon Biologics,"Promotions, Work Satisfaction, Salary",,3.7,1.1k,6.8k,109,2,Biotechnology | Bengaluru +27 other locations,NA
937,Edelweiss Life Insurance,"Work Satisfaction, Job Security, Promotions",,3.7,1.1k,3.6k,59,43,Insurance | Mumbai +124 other locations,NA
938,Deccan Fine Chemicals,"Company Culture, Promotions, Work Satisfaction",,3.6,1.1k,5.1k,107,6,Agro Chemicals | Tuni +31 other locations,NA
939,INDO-MIM,"Job Security, Work Life Balance, Skill Development",Promotions,4.0,1.1k,4.3k,78,2,Metals & Mining | Bengaluru +35 other locations,NA
940,IIFL Home Finance,Promotions,,3.8,1.1k,2.8k,58,1.5k,NBFC | Gurugram +263 other locations,NA
941,Barbeque Nation,"Company Culture, Job Security, Skill Development",,3.9,1.1k,2.7k,50,19,Hospitality | Bengaluru +83 other locations,NA
942,Piaggio,"Promotions, Job Security, Company Culture",,3.6,1.1k,3.9k,74,39,Automobile | Pune +84 other locations,NA
943,Kohler,"Promotions, Job Security, Work Satisfaction",,3.7,1.1k,5.1k,78,--,Building Material | Pune +52 other locations,NA
944,Jacobs Engineering Group,"Company Culture, Work Life Balance, Job Security",Promotions,4.2,1.1k,5.2k,91,18,Engineering & Construction | Mumbai +41 other locations,NA
945,Onward Technologies Inc,"Job Security, Promotions, Skill Development",,2.8,1.1k,6.1k,93,33,IT Services & Consulting | Pune +63 other locations,NA
946,Jabil Circuit India,"Company Culture, Skill Development, Work Life Balance",Promotions,4.0,1.1k,4.3k,66,75,Electronics Manufacturing | Pune +30 other locations,NA
947,Navitasys India,"Job Security, Salary, Company Culture",,4.1,1.1k,2.7k,143,5,Electronics Manufacturing | Bawal +28 other locations,NA
948,Advantmed,"Company Culture, Skill Development, Work Life Balance",,4.1,1.1k,2.7k,170,29,Healthcare | Ahmedabad +16 other locations,NA
949,Wonder Home Finance,"Company Culture, Work Life Balance, Work Satisfaction",,4.6,1.1k,751,192,4,NBFC | Jaipur +120 other locations,NA
950,Wistron,"Job Security, Company Culture, Work Life Balance",Promotions,4.0,1.1k,5.1k,93,--,Electronics Manufacturing | Bengaluru +22 other locations,NA
951,Unicharm,Salary,Promotions,3.9,1.1k,2.8k,65,2,FMCG | Gurugram +191 other locations,NA
952,Stanza Living,"Job Security, Promotions, Company Culture",,3.1,1.1k,3.6k,102,16,Internet | Bengaluru +36 other locations,NA
953,Asirvad Microfinance,"Promotions, Salary",,3.8,1.1k,2.2k,48,--,NBFC | Chennai +318 other locations,NA
954,V2 Retail,"Job Security, Company Culture, Work Life Balance",,3.4,1.1k,2.6k,90,45,Retail | New Delhi +135 other locations,NA
955,Air India Sats Airport Services,"Promotions, Salary, Work Satisfaction",,3.6,1.1k,2.5k,67,--,Aviation | New Delhi +46 other locations,NA
956,TK Elevator,Promotions,,3.8,1.1k,4.2k,66,10,Industrial Machinery | Pune +80 other locations,NA
957,Sundaram Finance,"Job Security, Company Culture, Work Life Balance","Promotions, Salary",3.9,1.1k,3k,46,15,NBFC | Chennai +249 other locations,NA
958,Hyundai Mobis,"Salary, Job Security","Promotions, Company Culture, Work Satisfaction",3.7,1.1k,5.1k,80,11,Auto Components | Chennai +47 other locations,NA
959,MAHLE ANAND Filter Systems,"Job Security, Company Culture, Work Life Balance",Promotions,4.0,1.1k,3.5k,42,--,Auto Components | Pune +40 other locations,NA
960,1point1 Solutions,"Promotions, Salary, Work Satisfaction",,3.5,1.1k,3.1k,84,88,BPO | Bengaluru +18 other locations,NA
961,Sri Chaitanya Educational Institutions,"Promotions, Company Culture, Salary",,3.6,1.1k,3k,52,2,Education & Training | Hyderabad +103 other locations,NA
962,MG Motor,Promotions,,3.9,1.1k,4.8k,80,7,Automobile | Vadodara +100 other locations,NA
963,VMware Software,"Salary, Company Culture, Work Life Balance",,4.4,1.1k,8.9k,146,21,Software Product | Bengaluru +17 other locations,NA
964,Hikal,"Job Security, Work Life Balance","Promotions, Salary",3.8,1.1k,4.7k,76,63,Pharma | Bengaluru +22 other locations,NA
965,Svatantra Microfin,"Company Culture, Skill Development, Job Security",,3.9,1.1k,2.3k,46,6,NBFC | Mumbai +335 other locations,NA
966,Saipem,"Job Security, Work Life Balance, Company Culture",Promotions,4.2,1.1k,3.3k,55,20,Engineering & Construction | Chennai +42 other locations,NA
967,Zydus Wellness,"Salary, Work Life Balance, Job Security",,4.1,1.1k,2.7k,105,5,FMCG | Ahmedabad +129 other locations,NA
968,Kirloskar Brothers,Work Life Balance,"Promotions, Job Security",3.8,1.1k,4.4k,93,59,Industrial Machinery | Pune +73 other locations,NA
969,Syngenta,"Work Life Balance, Company Culture, Skill Development",Promotions,4.2,1.1k,3.7k,81,18,Agriculture | Pune +173 other locations,NA
970,Northcorp Software,"Work Life Balance, Work Satisfaction, Job Security",,4.9,1.1k,218,865,6,IT Services & Consulting | Gurugram +7 other locations,NA
971,Knorr-Bremse,"Promotions, Job Security, Skill Development",,3.3,1.1k,5.1k,71,5,Auto Components | Pune +33 other locations,NA
972,ICON Plc,"Work Life Balance, Company Culture, Job Security",Promotions,4.0,1.1k,4.4k,137,5,Clinical Research | Chennai +23 other locations,NA
973,Tube Investments of India,Job Security,"Promotions, Company Culture, Work Satisfaction",3.8,1.1k,3.6k,70,22,Engineering & Construction | Chennai +64 other locations,NA
974,Godrej Agrovet,"Job Security, Company Culture",Promotions,3.9,1.1k,3.5k,63,2,Agriculture | Mumbai +145 other locations,NA
975,Vedanta Aluminium,"Salary, Job Security","Company Culture, Work Satisfaction, Promotions",3.8,1.1k,4.5k,69,--,Metals & Mining | Jharsuguda +46 other locations,NA
976,Aarvi Encon,Salary,"Promotions, Job Security",3.9,1.1k,3k,83,--,Recruitment | Mumbai +132 other locations,NA
977,Xyz Company,"Company Culture, Work Life Balance, Job Security",,3.8,1.1k,46.9k,533,--,Financial Services | Bengaluru +91 other locations,NA
978,HPCL-Mittal Energy Limited,"Work Life Balance, Job Security, Company Culture",Promotions,4.3,1.1k,4.6k,47,--,Petrochemicals | Bathinda +29 other locations,NA
979,CALIBEHR,"Company Culture, Work Life Balance, Skill Development",Promotions,4.0,1.1k,2.7k,69,14,IT Services & Consulting | Mumbai +183 other locations,NA
980,Adani Ports and SEZ,"Promotions, Job Security, Company Culture",,3.6,1.1k,3.9k,76,--,Ports & Shipping | Mundra +60 other locations,NA
981,Metropolis Healthcare,"Work Life Balance, Skill Development",Promotions,3.9,1.1k,3.6k,68,15,Healthcare | Mumbai +104 other locations,NA
982,Vayona Energy,"Work Life Balance, Salary",Promotions,4.0,1.1k,4.9k,60,2,Power | Bengaluru +68 other locations,NA
983,Jet Airways,"Work Satisfaction, Company Culture, Work Life Balance",,4.6,1.1k,1.9k,24,--,Aviation | Mumbai +44 other locations,NA
984,GAIL,"Company Culture, Work Life Balance, Skill Development",,4.4,1.1k,3.2k,81,--,Oil & Gas | New Delhi +104 other locations,NA
985,Gmmco,"Skill Development, Job Security, Work Life Balance",Promotions,4.0,1.1k,2.8k,53,7,Industrial Machinery | Chennai +90 other locations,NA
986,TKIL,"Company Culture, Work Life Balance, Job Security",Promotions,4.1,1.1k,4.5k,75,5,Industrial Machinery | Pune +65 other locations,NA
987,Unity Small Finance Bank,"Promotions, Job Security, Company Culture",,3.6,1.1k,4.2k,80,30,Banking | Mumbai +149 other locations,NA
988,Tata Capital Housing Finance,"Skill Development, Job Security, Salary",Promotions,3.9,1.1k,3.2k,50,--,NBFC | Mumbai +169 other locations,NA
989,Power Grid Corporation of India,"Company Culture, Salary, Work Life Balance",,4.3,1.1k,2k,78,--,Power | Gurugram +235 other locations,NA
990,Hinduja Housing Finance,"Promotions, Company Culture, Work Satisfaction",,3.7,1.1k,2.9k,48,31,NBFC | New Delhi +214 other locations,NA
991,Pernod Ricard,Salary,"Promotions, Job Security, Work Satisfaction",3.5,1.1k,4.6k,62,6,Beverage | Gurugram +120 other locations,NA
992,Nexa,"Skill Development, Work Life Balance","Promotions, Job Security, Salary",3.9,1.1k,2.5k,41,--,Automobile | New Delhi +215 other locations,NA
993,Bajaj Capital Insurance Broking Limited,"Skill Development, Company Culture, Work Life Balance",,4.4,1.1k,1.3k,227,--,Insurance | New Delhi +141 other locations,NA
994,Klm Axiva Finvest,"Company Culture, Work Life Balance, Work Satisfaction",,4.4,1.1k,782,438,5,NBFC | Bengaluru +158 other locations,NA
995,Dana Anand,"Company Culture, Job Security, Skill Development",Promotions,4.0,1.1k,2.9k,55,--,Auto Components | Pune +49 other locations,NA
996,Aspire Systems,"Job Security, Company Culture, Work Life Balance","Promotions, Salary",3.8,1.1k,9.9k,129,121,IT Services & Consulting | Chennai +23 other locations,NA
997,Thermo Fisher Scientific,"Work Life Balance, Job Security",Promotions,3.8,1.1k,6.7k,108,234,Biotechnology | Bengaluru +36 other locations,NA
998,Amazon Sellers Services,"Salary, Company Culture, Skill Development",Promotions,4.0,1.1k,2.5k,132,--,Internet | Bengaluru +68 other locations,NA
999,Greenko Group,"Job Security, Work Life Balance",Promotions,3.9,1k,3.8k,72,3,Power | Hyderabad +82 other locations,NA
1000,Zf Rane Automotive,"Skill Development, Job Security",Promotions,3.9,1k,3.9k,65,6,Auto Components | Chennai +50 other locations,NA
1001,Hindustan Zinc,Salary,"Company Culture, Work Life Balance, Work Satisfaction",3.7,1k,4.4k,54,11,Metals & Mining | Udaipur +36 other locations,NA
1002,SLMG Beverages,"Work Life Balance, Skill Development",Promotions,3.9,1k,3.4k,68,--,Beverage | Lucknow +95 other locations,NA
1003,TÜV NORD,"Promotions, Company Culture, Job Security",,3.7,1k,4k,79,24,"Testing, Inspection and Certification (TIC) | Pune +87 other locations",NA
1004,Spencer's Retail,Promotions,,3.8,1k,2.8k,67,7,Retail | Kolkata +63 other locations,NA
1005,Bharat Sanchar Nigam,"Work Life Balance, Job Security","Promotions, Salary",3.9,1k,2.6k,48,--,Telecom | Bengaluru +240 other locations,NA
1006,Fractal Analytics,"Company Culture, Job Security, Work Life Balance",Promotions,4.0,1k,11.1k,230,190,Analytics & KPO | Bengaluru +19 other locations,NA
1007,GlobalData,"Promotions, Salary, Skill Development",,3.3,1k,5.6k,93,29,Analytics & KPO | Hyderabad +21 other locations,NA
1008,Nippon Life India Asset Management,"Work Life Balance, Company Culture, Job Security",,4.6,1k,1.6k,158,57,Financial Services | Mumbai +189 other locations,NA
1009,Netcracker Technology,"Promotions, Job Security, Skill Development",,2.9,1k,9.3k,145,1,IT Services & Consulting | Hyderabad +12 other locations,NA
1010,Crompton Greaves Consumer Electricals,Salary,"Promotions, Company Culture, Work Satisfaction",3.7,1k,3.9k,57,34,Consumer Electronics & Appliances | Mumbai +108 other locations,NA
1011,QX Global Group,"Promotions, Work Satisfaction, Job Security",,3.1,1k,4.5k,160,15,BPO | Ahmedabad +19 other locations,NA
1012,Encora,"Promotions, Job Security, Company Culture",,3.4,1k,8.4k,112,25,IT Services & Consulting | Bengaluru +19 other locations,NA
1013,Innodata India Private Limited,"Promotions, Job Security, Skill Development",,3.6,1k,3k,103,38,IT Services & Consulting | Noida +23 other locations,NA
1014,Kinara Capital,"Company Culture, Work Life Balance, Salary",,4.2,1k,2.2k,93,33,NBFC | Bengaluru +115 other locations,NA
1015,Gharda Chemicals Limited,"Job Security, Work Life Balance, Skill Development",Promotions,4.0,1k,4.6k,82,66,Agro Chemicals | Mumbai +73 other locations,NA
1016,Wheels,"Job Security, Skill Development","Promotions, Salary",3.9,1k,5.1k,72,4,Auto Components | Chennai +47 other locations,NA
1017,Hitachi Energy,"Job Security, Work Life Balance, Company Culture",Promotions,4.0,1k,7.6k,121,103,Power | Chennai +37 other locations,NA
1018,Malabar Gold and Diamonds,"Job Security, Company Culture, Skill Development",,4.1,1k,2.7k,102,51,Jewellery | Hyderabad +132 other locations,NA
1019,ValueMomentum,"Promotions, Company Culture, Work Satisfaction",,3.2,1k,8.8k,95,10,IT Services & Consulting | Hyderabad +11 other locations,NA
1020,Otis Elevator,"Work Life Balance, Job Security, Company Culture",Promotions,4.1,1k,4.1k,64,98,Industrial Machinery | Bengaluru +71 other locations,NA
1021,BirlaNu,Promotions,,3.9,1k,2.9k,74,37,Building Material | Hyderabad +110 other locations,NA
1022,Allianz Technology,"Work Life Balance, Company Culture, Job Security",Promotions,4.0,1k,6.8k,73,5,IT Services & Consulting | Pune +14 other locations,NA
1023,Shyam Steel Group,"Promotions, Work Satisfaction, Company Culture",,3.5,1k,3.7k,84,12,Iron & Steel | Kolkata +86 other locations,NA
1024,Ceasefire Industries,"Promotions, Work Satisfaction, Job Security",,3.1,1k,2.4k,121,7,Industrial Machinery | New Delhi +76 other locations,NA
1025,Lakshmi Machine Works,Job Security,Promotions,3.8,1k,4.3k,61,57,Industrial Machinery | Coimbatore +30 other locations,NA
1026,GVPR Engineers,"Work Life Balance, Salary","Promotions, Job Security, Skill Development",3.8,1k,3k,74,19,Engineering & Construction | Hyderabad +93 other locations,NA
1027,Amara Raja Group,"Job Security, Skill Development, Company Culture",Promotions,4.1,1k,3.5k,75,--,Auto Components | Tirupati +80 other locations,NA
1028,IB Group,"Promotions, Company Culture, Work Satisfaction",,3.7,1k,3.4k,80,--,Food Processing | Rajnandgaon +151 other locations,NA
1029,NBC Bearings,"Job Security, Work Life Balance, Company Culture",Promotions,3.9,1k,3.7k,111,1,Auto Components | Jaipur +28 other locations,NA
1030,iQor Global Services,"Promotions, Job Security, Skill Development",,3.3,1k,2.6k,47,45,BPO | Noida +50 other locations,NA
1031,Uber,"Work Life Balance, Company Culture, Salary",Promotions,4.1,1k,8.5k,175,61,Internet | Hyderabad +52 other locations,NA
1032,Vertiv,Job Security,Promotions,3.9,1k,4.6k,58,117,Electronics Manufacturing | Pune +54 other locations,NA
1033,ALLEN Career Institute,Work Life Balance,Promotions,3.8,1k,4.3k,72,41,Education & Training | Kota +71 other locations,NA
1034,SitusAMC,"Promotions, Company Culture, Work Satisfaction",,3.2,1k,5.4k,73,--,Financial Services | Bengaluru +18 other locations,NA
1035,Atlas Copco,"Job Security, Company Culture, Work Life Balance",Promotions,4.1,1k,5.4k,101,5,Industrial Machinery | Pune +59 other locations,NA
1036,Hitachi Payment Services,"Promotions, Job Security, Salary",,3.6,1k,3.4k,56,--,FinTech | Mumbai +87 other locations,NA
1037,Vistaar Finance,"Salary, Work Life Balance",,3.9,1k,2k,34,17,NBFC | Bengaluru +202 other locations,NA
1038,Fortrea Development India Private Limited,"Work Life Balance, Company Culture",Promotions,3.9,1k,5k,87,63,Clinical Research | Bengaluru +11 other locations,NA
1039,Incheon Motors,"Company Culture, Job Security, Skill Development",,4.7,1k,338,297,6,Automobile | Kochi +16 other locations,NA
1040,Suzuki Motorcycle,"Job Security, Work Life Balance, Company Culture",Promotions,4.0,1k,3.9k,51,--,Automobile | Gurugram +120 other locations,NA
1041,Temenos,"Promotions, Job Security, Skill Development",,3.1,1k,8.8k,96,12,Software Product | Chennai +11 other locations,NA
1042,Sahara India Pariwar,"Promotions, Salary",,3.8,1k,2.5k,29,--,Broadcasting | Lucknow +245 other locations,NA
1043,Tata Cummins,"Company Culture, Work Life Balance, Work Satisfaction",Promotions,4.4,1k,1.4k,88,--,Auto Components | Jamshedpur +44 other locations,NA
1044,Perfetti Van Melle,"Company Culture, Work Life Balance, Work Satisfaction",Promotions,4.2,1k,2.9k,37,21,FMCG | Gurugram +162 other locations,NA
1045,MakeMyTrip,"Promotions, Work Satisfaction, Salary",,3.4,1k,7.5k,142,42,Internet | Gurugram +46 other locations,NA
1046,Visionet Systems,"Promotions, Salary, Company Culture",,3.4,1k,5.8k,79,39,IT Services & Consulting | Bengaluru +17 other locations,NA
1047,Lemon Tree Hotels,"Job Security, Company Culture, Work Life Balance",,4.0,1k,2.8k,62,2,Hospitality | New Delhi +79 other locations,NA
1048,Secure Meters,"Job Security, Company Culture, Work Life Balance","Promotions, Salary",3.9,1k,4.6k,83,49,Electronics Manufacturing | Udaipur +73 other locations,NA
1049,Syrma SGS Technologies,"Job Security, Company Culture, Work Life Balance",Promotions,4.0,1k,3.4k,71,--,Electronics Manufacturing | Chennai +23 other locations,NA
1050,United Breweries,"Promotions, Job Security, Company Culture",,3.3,1k,3.4k,56,39,Beverage | Bengaluru +105 other locations,NA
1051,Thomas Cook,"Job Security, Company Culture, Skill Development",Promotions,4.0,1k,3.6k,92,--,Travel & Tourism | Mumbai +80 other locations,NA
1052,Pristyn Care,"Work Life Balance, Job Security, Work Satisfaction",,3.1,1k,4.2k,85,6,Internet | Gurugram +34 other locations,NA
1053,Comviva Technology,"Promotions, Work Satisfaction, Salary",,2.8,1k,6.2k,85,136,Software Product | Gurugram +19 other locations,NA
1054,SYSKA LED Lights,"Job Security, Promotions, Salary",,2.9,1k,2.3k,58,--,Consumer Electronics & Appliances | Pune +154 other locations,NA
1055,TradeIndia (Infocom Network Private Limited),"Promotions, Work Satisfaction, Company Culture",,3.4,1k,4.4k,86,22,Internet | New Delhi +42 other locations,NA
1056,Bounteous x Accolite,"Promotions, Work Satisfaction, Job Security",,3.2,1k,8.2k,245,163,IT Services & Consulting | Bengaluru +15 other locations,NA
1057,eClinicalWorks,Job Security,"Promotions, Skill Development, Work Satisfaction",3.6,1k,5k,78,10,Software Product | Mumbai +20 other locations,NA
1058,Vaco Binary Semantics,"Promotions, Skill Development, Work Satisfaction",,3.1,1k,5.3k,95,11,IT Services & Consulting | Gurugram +49 other locations,NA
1059,Birla Opus,"Skill Development, Company Culture, Work Life Balance",Promotions,4.1,1k,2.4k,95,--,Chemicals | Mumbai +275 other locations,NA
1060,AstraZeneca,"Work Life Balance, Salary, Company Culture",Promotions,3.9,999,7.4k,68,1,Pharma | Chennai +49 other locations,NA
1061,MasterCard,"Company Culture, Work Life Balance, Salary",Promotions,3.8,999,12.6k,169,343,FinTech | Pune +16 other locations,NA
1062,Westside,"Job Security, Skill Development","Promotions, Work Life Balance",3.8,998,2k,57,--,Retail | Mumbai +108 other locations,NA
1063,Škoda Auto Volkswagen,"Work Life Balance, Company Culture",Promotions,4.0,999,4.7k,49,16,Automobile | Pune +48 other locations,NA
1064,Colgate Palmolive,"Company Culture, Work Life Balance, Job Security",Promotions,4.0,998,4.3k,86,22,FMCG | Mumbai +120 other locations,NA
1065,Collins Aerospace,"Work Life Balance, Job Security","Promotions, Work Satisfaction, Skill Development",3.8,996,7.7k,85,--,Defence & Aerospace | Bengaluru +12 other locations,NA
1066,BDR Pharmaceuticals International,"Company Culture, Job Security, Skill Development",,4.1,1k,2k,148,7,Pharma | Vadodara +29 other locations,NA
1067,Mastek,"Promotions, Salary, Work Satisfaction",,3.5,994,6.6k,133,26,IT Services & Consulting | Mumbai +23 other locations,NA
1068,Siemens Energy,"Work Life Balance, Job Security, Company Culture",Promotions,4.1,994,6k,100,--,Power | Pune +50 other locations,NA
1069,Star Cement,"Job Security, Work Life Balance, Company Culture",Promotions,4.0,992,3.2k,88,2,Building Material | Guwahati +79 other locations,NA
1070,Cult.fit,"Promotions, Job Security, Work Satisfaction",,3.6,993,4.2k,82,189,Fitness & Wellness | Bengaluru +42 other locations,NA
1071,Amazon Web Services,Salary,"Job Security, Promotions, Work Satisfaction",3.8,990,6.8k,193,--,IT Services & Consulting | Bengaluru +62 other locations,NA
1072,CarDekho Group,"Promotions, Job Security, Work Satisfaction",,3.6,991,5k,86,35,Internet | Gurugram +81 other locations,NA
1073,Arohan Financial Services,Salary,Promotions,3.8,991,2.1k,40,9,NBFC | Kolkata +237 other locations,NA
1074,JW Marriott,"Job Security, Skill Development, Company Culture",,4.2,987,2k,49,--,Hospitality | Mumbai +41 other locations,NA
1075,Aparajitha Corporate Services,Skill Development,"Promotions, Salary",3.8,987,3.1k,53,5,Legal | Madurai +97 other locations,NA
1076,Xebia,"Job Security, Promotions, Work Satisfaction",,3.0,987,6.4k,96,31,IT Services & Consulting | Gurugram +23 other locations,NA
1077,Mahindra Automotives,"Job Security, Skill Development",Promotions,3.8,986,5.1k,48,--,Automobile | Pune +131 other locations,NA
1078,Merino Industries,"Promotions, Job Security",,3.8,986,3.5k,76,14,Building Material | New Delhi +82 other locations,NA
1079,Rebel Foods,"Promotions, Work Satisfaction, Work Life Balance",,3.7,985,3.4k,76,23,Hospitality | Mumbai +79 other locations,NA
1080,Everest Industries,Work Life Balance,Promotions,3.8,986,3.2k,61,3,Building Material | Mumbai +98 other locations,NA
1081,Tiger Analytics,"Skill Development, Salary",Promotions,3.7,986,10k,253,43,IT Services & Consulting | Bengaluru +17 other locations,NA
1082,C&S Electric,"Job Security, Work Life Balance",Promotions,3.9,984,3.8k,67,6,Electrical Equipment | Noida +57 other locations,NA
1083,Skipper,Promotions,,3.9,984,3.1k,78,9,Industrial Machinery | Kolkata +92 other locations,NA
1084,Softenger,"Company Culture, Work Life Balance, Work Satisfaction",Promotions,4.0,981,2.7k,73,7,IT Services & Consulting | Pune +32 other locations,NA
1085,Pizza Hut,"Skill Development, Job Security, Company Culture",,4.0,979,2k,50,--,Hospitality | New Delhi +128 other locations,NA
1086,Lumina Datamatics,"Promotions, Salary, Skill Development",,3.2,978,4.6k,64,43,IT Services & Consulting | Mumbai +20 other locations,NA
1087,Lowe's,"Company Culture, Work Life Balance, Job Security",Promotions,4.1,977,10.2k,152,54,Retail | Bengaluru +9 other locations,NA
1088,Barclays Global Service Centre,"Company Culture, Work Life Balance","Promotions, Skill Development",3.9,976,7.9k,101,--,IT Services & Consulting | Pune +13 other locations,NA
1089,Entain,Work Life Balance,"Promotions, Job Security, Skill Development",3.6,976,7.3k,142,--,IT Services & Consulting | Hyderabad +13 other locations,NA
1090,Capacit'e Infraprojects,"Promotions, Company Culture, Work Life Balance",,3.7,977,3.3k,78,7,Engineering & Construction | Mumbai +35 other locations,NA
1091,General Mills,"Company Culture, Work Life Balance, Job Security",Promotions,4.1,974,5.2k,84,12,Food Processing | Mumbai +54 other locations,NA
1092,TechnipFMC,"Company Culture, Work Life Balance, Job Security",Promotions,3.9,974,4.9k,84,31,Engineering & Construction | Hyderabad +43 other locations,NA
1093,Quantiphi Analytics Solutions Private Limited,"Job Security, Work Life Balance, Promotions",,3.1,974,7.5k,209,58,IT Services & Consulting | Bengaluru +18 other locations,NA
1094,J B Chemicals And Pharmaceuticals,Promotions,,3.8,974,3.3k,63,9,Pharma | Mumbai +96 other locations,NA
1095,Wonder Cement,"Salary, Company Culture, Work Life Balance",,4.2,972,3.6k,62,94,Building Material | Nimbahera +110 other locations,NA
1096,Natco Pharma,"Work Life Balance, Job Security, Salary","Promotions, Skill Development",4.0,970,3.5k,56,1,Pharma | Hyderabad +65 other locations,NA
1097,VeeTechnologies,"Job Security, Company Culture, Work Life Balance",,3.9,971,4.4k,119,11,IT Services & Consulting | Bengaluru +40 other locations,NA
1098,JSW Group,Job Security,Promotions,3.8,969,4.3k,130,--,Iron & Steel | Mumbai +97 other locations,NA
1099,Napino Auto & Electronics,Promotions,,3.8,969,4k,67,1,Auto Components | Gurugram +25 other locations,NA
1100,Altisource,"Promotions, Job Security, Skill Development",,3.5,970,3.6k,45,17,Real Estate | Bengaluru +9 other locations,NA
1101,Hiranandani Financial Services,"Company Culture, Work Life Balance, Skill Development",,4.4,969,996,207,42,NBFC | Mumbai +135 other locations,NA
1102,Technip Energies,"Company Culture, Work Life Balance, Job Security",Promotions,4.0,969,5.3k,93,15,Engineering & Construction | Noida +42 other locations,NA
1103,VIP Industries,"Promotions, Company Culture, Job Security",,3.7,968,3k,51,35,Retail | Mumbai +96 other locations,NA
1104,Motherson Sumi Wiring,Job Security,"Company Culture, Work Satisfaction, Work Life Balance",3.7,968,3.9k,101,--,Electrical Equipment | Noida +43 other locations,NA
1105,Kendriya Vidyalaya Sangathan,"Work Life Balance, Skill Development, Company Culture","Promotions, Job Security",4.3,967,1.7k,65,--,Education & Training | New Delhi +233 other locations,NA
1106,Pricol,"Skill Development, Company Culture, Work Life Balance",Promotions,3.9,967,4.3k,54,9,Auto Components | Coimbatore +34 other locations,NA
1107,National Payments Corporation of India,"Job Security, Skill Development, Work Life Balance",,4.0,966,4.2k,103,19,FinTech | Mumbai +11 other locations,NA
1108,Yokohama Off-Highway Tires,"Promotions, Work Satisfaction, Salary",,3.6,965,4.1k,71,5,Auto Components | Bharuch +38 other locations,NA
1109,Marsh McLennan,"Work Life Balance, Job Security, Company Culture",Promotions,3.8,964,8.4k,53,3,Management Consulting | Mumbai +24 other locations,NA
1110,Jyothy Labs,"Salary, Company Culture, Job Security",Promotions,4.0,964,2.1k,54,13,FMCG | Mumbai +196 other locations,NA
1111,Guidehouse,Salary,"Promotions, Work Satisfaction, Skill Development",3.6,963,5.6k,78,148,Management Consulting | Chennai +19 other locations,NA
1112,Financial Software & Systems,"Promotions, Salary, Work Satisfaction",,3.6,963,5.2k,74,9,Software Product | Chennai +35 other locations,NA
1113,Salcomp Manufacturing,"Job Security, Work Life Balance, Skill Development",Promotions,4.0,962,4.5k,88,5,Electronics Manufacturing | Chennai +28 other locations,NA
1114,LOREAL,Salary,Promotions,3.8,961,3.9k,67,39,Beauty & Personal Care | Mumbai +99 other locations,NA
1115,Shriram General Insurance,"Promotions, Salary, Company Culture",,3.6,961,2.9k,42,24,Insurance | Jaipur +200 other locations,NA
1116,Astral Adhesives,Salary,Promotions,3.9,959,2.3k,57,--,Chemicals | Ahmedabad +162 other locations,NA
1117,KEI Industries,"Salary, Work Life Balance, Job Security",,4.2,955,3.2k,69,4,Electrical Equipment | New Delhi +104 other locations,NA
1118,Gannon Dunkerley & Co.,"Salary, Promotions, Company Culture",,3.3,954,2k,44,1,Engineering & Construction | Kolkata +81 other locations,NA
1119,Pramerica Life Insurance,Work Life Balance,"Promotions, Work Satisfaction, Job Security",3.7,953,2.5k,42,17,Insurance | Gurugram +126 other locations,NA
1120,Nasser S. Al Hajri Corporation,Job Security,"Company Culture, Promotions, Salary",3.6,952,1.8k,42,--,Engineering & Construction | Chennai +55 other locations,NA
1121,Defence Research & Development Organisation,"Work Life Balance, Company Culture, Work Satisfaction",,4.5,952,3.9k,78,--,Defence & Aerospace | Hyderabad +58 other locations,NA
1122,Mando Automotive,"Job Security, Skill Development, Company Culture",Promotions,4.0,950,4.3k,55,--,Auto Components | Chennai +21 other locations,NA
1123,Psp Projects,"Skill Development, Salary",Promotions,3.9,950,3k,78,6,Engineering & Construction | Ahmedabad +56 other locations,NA
1124,Episource,"Company Culture, Job Security, Skill Development","Promotions, Salary",3.9,949,3.1k,227,--,IT Services & Consulting | Chennai +19 other locations,NA
1125,ICCS,"Promotions, Job Security, Company Culture",,3.0,947,2.9k,67,3,BPO | Noida +31 other locations,NA
1126,Amphenol Interconnect,"Work Life Balance, Company Culture, Work Satisfaction",,4.2,944,3.7k,51,9,Electrical Equipment | Pune +19 other locations,NA
1127,Signify,"Promotions, Work Satisfaction, Job Security",,3.4,944,4.5k,63,34,Consumer Electronics & Appliances | Bengaluru +84 other locations,NA
1128,Jubilant Pharmova,Promotions,,3.7,943,3.4k,62,16,Pharma | Noida +60 other locations,NA
1129,Petrofac,"Salary, Company Culture, Work Life Balance",Job Security,4.2,941,2.4k,47,--,Oil & Gas | Chennai +42 other locations,NA
1130,SFO Technologies,"Promotions, Salary, Company Culture",,3.4,942,4.8k,48,53,Electronics Manufacturing | Bengaluru +16 other locations,NA
1131,Adani Enterprises,"Promotions, Work Satisfaction, Company Culture",,3.6,941,4.7k,106,12,Metals & Mining | Ahmedabad +76 other locations,NA
1132,KMV Projects Limited,"Salary, Company Culture, Job Security",,4.2,940,2.3k,62,2,Engineering & Construction | Hyderabad +71 other locations,NA
1133,Xceedance,"Promotions, Work Satisfaction, Salary",,3.6,940,6.5k,134,9,IT Services & Consulting | Gurugram +14 other locations,NA
1134,Reliance Power,"Job Security, Work Life Balance, Company Culture",,4.1,939,3.3k,67,6,Power | Singrauli +43 other locations,NA
1135,Cohance Lifesciences,Promotions,,3.8,939,3.2k,42,9,Pharma | Hyderabad +24 other locations,NA
1136,FLSmidth,Work Life Balance,"Job Security, Promotions, Skill Development",3.6,938,4.2k,46,6,Industrial Machinery | Chennai +25 other locations,NA
1137,Tikona Infinet,"Promotions, Salary, Job Security",,3.4,938,2.7k,33,5,Telecom | Mumbai +45 other locations,NA
1138,Velocis Systems,"Work Life Balance, Job Security",Promotions,3.8,937,5.2k,67,14,IT Services & Consulting | New Delhi +52 other locations,NA
1139,Timken,Promotions,,3.9,936,4.2k,58,4,Industrial Machinery | Jamshedpur +44 other locations,NA
1140,Jaro Education,Salary,"Work Life Balance, Company Culture, Work Satisfaction",3.2,939,2.3k,111,28,Education & Training | Mumbai +24 other locations,NA
1141,Aristo Pharmaceuticals,"Work Life Balance, Job Security, Company Culture",Promotions,4.0,936,2.5k,54,4,Pharma | Mumbai +109 other locations,NA
1142,Hathway,"Promotions, Job Security, Skill Development",,3.3,934,3.5k,48,5,Telecom | Mumbai +58 other locations,NA
1143,Knight Frank,"Company Culture, Work Life Balance, Work Satisfaction",Promotions,4.0,934,3.4k,59,--,Real Estate | Mumbai +51 other locations,NA
1144,Bhanzu,,,3.8,933,1.2k,192,1,EdTech | Bengaluru +14 other locations,NA
1145,Godfrey Phillips India,"Work Life Balance, Job Security, Company Culture",Promotions,4.0,930,3.2k,43,4,FMCG | New Delhi +125 other locations,NA
1146,Navayuga Engineering Company,Job Security,Promotions,3.9,930,2.4k,64,7,Engineering & Construction | Hyderabad +73 other locations,NA
1147,JSW Paints,Promotions,,3.8,927,3.3k,101,2,Chemicals | Mumbai +170 other locations,NA
1148,Tafe Motors & Tractors,"Company Culture, Work Life Balance, Job Security","Promotions, Salary",3.9,928,3k,60,--,Industrial Machinery | Bhopal +73 other locations,NA
1149,FastInfo,"Company Culture, Skill Development, Work Life Balance",,4.2,927,896,108,1,Internet | Kolkata +8 other locations,NA
1150,Bayer,"Work Life Balance, Company Culture, Work Satisfaction",Promotions,4.0,925,4.4k,59,--,Pharma | Bengaluru +117 other locations,NA
1151,Volvo,"Work Life Balance, Job Security, Company Culture","Promotions, Salary",4.0,925,5.5k,81,10,Automobile | Bengaluru +40 other locations,NA
1152,Naukri,"Job Security, Company Culture, Work Life Balance",,4.1,926,3.2k,223,92,Internet | Noida +71 other locations,NA
1153,Apotex Research,Work Life Balance,"Promotions, Job Security, Skill Development",3.7,923,2.8k,37,29,Pharma | Bengaluru +14 other locations,NA
1154,Aircel,"Company Culture, Work Life Balance, Work Satisfaction",,4.4,922,1.2k,9,--,Telecom | New Delhi +113 other locations,NA
1155,Sandhar Technologies,"Promotions, Company Culture, Work Satisfaction",,3.7,921,3.5k,56,11,Auto Components | Gurugram +32 other locations,NA
1156,CIEL HR,"Work Life Balance, Company Culture",Promotions,3.9,921,3.2k,73,--,Recruitment | Bengaluru +111 other locations,NA
1157,Medhaj Techno Concept,"Work Life Balance, Company Culture, Work Satisfaction","Promotions, Job Security",4.0,919,2k,59,--,Management Consulting | Lucknow +152 other locations,NA
1158,LanceSoft,"Promotions, Job Security, Work Satisfaction",,3.2,920,5.5k,70,24,Recruitment | Hyderabad +30 other locations,NA
1159,GE Healthcare,"Company Culture, Work Life Balance, Job Security",Promotions,3.9,918,6.1k,86,148,Medical Equipment | Bengaluru +35 other locations,NA
1160,Medha Servo Drives,"Job Security, Skill Development, Company Culture",,4.2,917,3.1k,92,13,Electrical Equipment | Hyderabad +55 other locations,NA
1161,Sundaram Clayton,"Skill Development, Salary","Promotions, Job Security",3.9,916,2.8k,36,8,Auto Components | Chennai +30 other locations,NA
1162,Schlumberger,"Work Life Balance, Company Culture","Promotions, Job Security, Skill Development",3.8,916,5.5k,156,57,Oil & Gas | Pune +37 other locations,NA
1163,Netscribes,"Promotions, Job Security, Salary",,2.7,916,3k,94,35,Analytics & KPO | Kolkata +17 other locations,NA
1164,Intellipaat Software Solutions,"Skill Development, Salary, Company Culture",,3.9,916,2k,204,1,EdTech | Bengaluru +17 other locations,NA
1165,Experis IT,"Promotions, Job Security, Skill Development",,3.0,916,3.7k,69,1,Recruitment | Bengaluru +34 other locations,NA
1166,OCS Group,"Company Culture, Work Life Balance, Skill Development",,4.1,915,2.6k,60,15,Facility Management Services | Mumbai +57 other locations,NA
1167,Nityo Infotech,"Promotions, Job Security, Skill Development",,3.3,913,5k,97,43,IT Services & Consulting | Bengaluru +32 other locations,NA
1168,Test Yantra Software Solutions,"Promotions, Company Culture, Job Security",,3.0,913,25.8k,149,10,IT Services & Consulting | Bengaluru +19 other locations,NA
1169,Deepak Fertilisers and Petrochemicals,"Job Security, Work Life Balance, Company Culture",,4.1,913,3.5k,49,18,Chemicals | Mumbai +58 other locations,NA
1170,Nirma,"Job Security, Work Life Balance, Work Satisfaction",Promotions,4.2,912,3.1k,54,27,FMCG | Bhavnagar +67 other locations,NA
1171,SKH Metals,"Company Culture, Work Life Balance, Skill Development",,4.0,911,2.8k,81,6,Auto Components | Gurugram +27 other locations,NA
1172,Aviva Life Insurance India,"Job Security, Promotions, Company Culture",,3.5,911,2.6k,36,20,Insurance | Gurugram +123 other locations,NA
1173,Steag Energy Services,"Job Security, Work Life Balance, Work Satisfaction",,4.3,911,2.8k,50,7,Power | Jharsuguda +65 other locations,NA
1174,Target,"Work Life Balance, Company Culture, Job Security",Promotions,4.0,910,7.1k,143,93,Retail | Bengaluru +17 other locations,NA
1175,Re Sustainability Limited,Job Security,Promotions,3.8,909,3.1k,61,59,Waste Management | Hyderabad +84 other locations,NA
1176,Neel Metal Products,"Job Security, Skill Development, Work Life Balance",Promotions,4.0,910,2.7k,56,--,Auto Components | Gurugram +38 other locations,NA
1177,"Commonwealth Bank of Australia, India","Promotions, Work Satisfaction, Job Security",,2.8,909,7.9k,115,9,Financial Services | Bengaluru +14 other locations,NA
1178,HomeLane,"Job Security, Promotions, Work Life Balance",,3.3,909,4.3k,95,97,Architecture & Interior Design | Bengaluru +36 other locations,NA
1179,Regulated Council of Immigration Consultants,"Company Culture, Work Life Balance, Work Satisfaction",,4.9,909,--,--,--,Other | Dubai +5 other locations,NA
1180,Ashirvad Pipes,Salary,Promotions,3.8,905,2.9k,70,14,Building Material | Bengaluru +108 other locations,NA
1181,HT Media,"Promotions, Work Satisfaction, Skill Development",,3.1,902,4.8k,61,--,Media & Entertainment | New Delhi +43 other locations,NA
1182,Egis India Consulting Engineers,"Work Life Balance, Company Culture, Work Satisfaction",,4.3,902,2.4k,57,5,Engineering & Construction | Gurugram +111 other locations,NA
1183,Alok Industries,"Promotions, Salary, Company Culture",,3.5,901,3.3k,54,14,Fashion & Textile | Dadra & Nagar Haveli +34 other locations,NA
1184,Bosch Chassis Systems,"Company Culture, Work Life Balance, Work Satisfaction",Promotions,4.1,900,2.7k,47,--,Auto Components | Pune +25 other locations,NA
1185,Yashoda Hospitals,"Promotions, Salary",,3.9,899,3.4k,68,21,Healthcare | Hyderabad +30 other locations,NA
1186,Michelin,"Work Life Balance, Job Security, Company Culture","Promotions, Work Satisfaction, Salary",3.7,898,5k,67,25,Auto Components | Pune +46 other locations,NA
1187,Greenlam Industries,"Salary, Work Life Balance, Job Security",,4.1,897,3.1k,64,12,Furniture & Furnishing | New Delhi +119 other locations,NA
1188,Vijay Sales,"Job Security, Salary, Company Culture",Promotions,4.1,896,2.8k,67,3,Retail | Mumbai +51 other locations,NA
1189,Volkswagen,"Work Life Balance, Company Culture, Job Security",Promotions,4.1,894,3k,53,--,Automobile | Pune +102 other locations,NA
1190,Orient Electric,"Promotions, Job Security",,3.7,892,3.4k,64,11,Consumer Electronics & Appliances | New Delhi +87 other locations,NA
1191,Vedanta Resources,"Salary, Job Security","Company Culture, Promotions, Work Life Balance",3.7,892,4.9k,94,--,Metals & Mining | Jharsuguda +72 other locations,NA
1192,Musashi Auto Parts,Promotions,,3.8,892,2.9k,43,--,Auto Components | Bengaluru +26 other locations,NA
1193,M3M India,"Salary, Work Life Balance, Company Culture",,4.0,891,3.3k,65,--,Real Estate | Gurugram +11 other locations,NA
1194,MAS Financial Services Ltd,"Promotions, Work Satisfaction, Job Security",,3.7,892,2.3k,55,44,NBFC | Ahmedabad +144 other locations,NA
1195,Sona Comstar,"Company Culture, Work Life Balance, Job Security",Promotions,4.0,890,4k,80,1,Auto Components | Gurugram +26 other locations,NA
1196,Updater Services,"Promotions, Company Culture, Job Security",,3.7,888,2.9k,48,28,Facility Management Services | Chennai +100 other locations,NA
1197,ACL Digital,"Promotions, Job Security, Skill Development",,3.6,887,6.6k,91,93,IT Services & Consulting | Bengaluru +27 other locations,NA
1198,Wakefit,"Salary, Work Life Balance, Skill Development",Promotions,4.0,887,3k,81,23,Furniture & Furnishing | Bengaluru +58 other locations,NA
1199,AJIO,"Promotions, Company Culture, Work Satisfaction",,3.6,886,2.7k,65,--,Internet | Bengaluru +199 other locations,NA
1200,TNQ Tech Private Limited,"Promotions, Salary, Work Satisfaction",,3.5,884,4k,66,23,Printing & Publishing | Chennai +13 other locations,NA
1201,Marks & Spencer,"Job Security, Work Life Balance",Promotions,3.9,884,3.1k,36,43,Retail | New Delhi +61 other locations,NA
1202,Zudio,"Job Security, Skill Development, Salary",,3.9,883,2k,54,--,Retail | New Delhi +139 other locations,NA
1203,BGR Energy Systems,Work Life Balance,"Promotions, Salary",3.9,883,3.2k,47,--,Engineering & Construction | Chennai +53 other locations,NA
1204,Carborundum Universal Limited,"Promotions, Work Satisfaction",,3.7,881,3.6k,39,--,Industrial Machinery | Chennai +132 other locations,NA
1205,Satya MicroCapital,Salary,"Work Life Balance, Job Security, Promotions",3.7,880,2.2k,68,5,NBFC | New Delhi +190 other locations,NA
1206,RAMTeCH Software Solutions,Job Security,"Promotions, Company Culture, Salary",3.7,879,3.4k,46,10,IT Services & Consulting | Hyderabad +35 other locations,NA
1207,Tata Chemicals,"Job Security, Work Life Balance, Company Culture",Promotions,3.9,878,2.8k,77,3,Chemicals | Jamnagar +84 other locations,NA
1208,Simplilearn,Promotions,,3.8,878,4.7k,144,27,EdTech | Bengaluru +10 other locations,NA
1209,Centum Electronics,"Promotions, Salary, Company Culture",,3.5,877,3.7k,30,6,Electronics Manufacturing | Bengaluru +18 other locations,NA
1210,Ageas Federal Life Insurance,"Promotions, Work Satisfaction, Job Security",,3.4,875,2.3k,57,25,Insurance | Mumbai +124 other locations,NA
1211,H&M,"Work Life Balance, Job Security, Company Culture",Promotions,3.8,874,3.1k,119,37,Fashion & Textile | Bengaluru +57 other locations,NA
1212,Nibav Lifts,"Salary, Skill Development, Work Life Balance",,4.0,874,1.7k,103,154,Industrial Machinery | Chennai +41 other locations,NA
1213,Acme Cleantech Solutions,"Salary, Work Life Balance",Promotions,4.0,874,2.7k,84,14,Power | Gurugram +102 other locations,NA
1214,Epsilon,Work Life Balance,"Promotions, Work Satisfaction, Skill Development",3.6,872,7.4k,107,110,Marketing & Advertising | Bengaluru +16 other locations,NA
1215,Apar Industries,"Work Life Balance, Job Security, Salary",,4.1,872,3.4k,61,2,Semiconductors | Mumbai +71 other locations,NA
1216,WSP,"Work Life Balance, Company Culture, Job Security",Promotions,4.2,872,4k,108,48,Management Consulting | Bengaluru +32 other locations,NA
1217,Ups Logistics,"Promotions, Skill Development, Work Satisfaction",,3.6,873,4.5k,87,181,Logistics | Pune +38 other locations,NA
1218,Magna International,Work Life Balance,Promotions,3.8,872,5.7k,54,47,Auto Components | Pune +22 other locations,NA
1219,Next Education India,"Promotions, Job Security, Company Culture",,3.2,870,2.7k,50,27,EdTech | Hyderabad +95 other locations,NA
1220,Tata Starbucks,"Job Security, Company Culture, Work Life Balance",Promotions,4.1,869,1.9k,62,394,Hospitality | Mumbai +58 other locations,NA
1221,Athena BPO,"Promotions, Salary, Work Satisfaction",,3.3,869,2.8k,57,3,BPO | Mumbai +37 other locations,NA
1222,Torry Harris Integration Solutions,"Work Life Balance, Skill Development",Promotions,4.1,870,4.6k,190,32,IT Services & Consulting | Bengaluru +10 other locations,NA
1223,Silaris Informations,"Promotions, Salary, Company Culture",,3.0,869,2.9k,61,14,BPO | New Delhi +22 other locations,NA
1224,Shilpa Medicare,"Company Culture, Job Security, Promotions",,3.5,868,3.9k,64,5,Pharma | Hyderabad +30 other locations,NA
1225,Truhome Finance,"Promotions, Work Satisfaction",,3.7,868,2.6k,61,33,Financial Services | Mumbai +162 other locations,NA
1226,IDEMIA,Work Life Balance,"Promotions, Salary",3.8,870,3.7k,62,15,Electronics Manufacturing | Noida +54 other locations,NA
1227,C.R.I. Pumps,Promotions,,3.9,867,2.8k,34,6,Industrial Machinery | Coimbatore +70 other locations,NA
1228,Future Focus Infotech,"Promotions, Job Security, Skill Development",,3.4,866,4.1k,58,--,IT Services & Consulting | Bengaluru +58 other locations,NA
1229,Wipro PARI,"Promotions, Company Culture, Work Life Balance",,3.3,866,3.7k,65,29,Industrial Automation | Pune +27 other locations,NA
1230,Nlb Services,"Promotions, Job Security, Work Satisfaction",,3.6,867,3.1k,36,1,Recruitment | Noida +20 other locations,NA
1231,Panacea Biotec,"Promotions, Job Security, Work Satisfaction",,3.6,865,2.8k,67,7,Biotechnology | Baddi +72 other locations,NA
1232,Parag Milk Foods,"Work Life Balance, Company Culture, Skill Development",Promotions,3.9,864,2.6k,81,2,Food Processing | Mumbai +90 other locations,NA
1233,Parekh Integrated Services,"Work Life Balance, Job Security, Company Culture",Promotions,4.0,862,2.7k,42,17,Logistics | Mumbai +75 other locations,NA
1234,Fedbank Financial Services,"Work Life Balance, Salary, Company Culture",,4.0,863,3.1k,47,7,NBFC | Mumbai +164 other locations,NA
1235,Ather Energy,"Company Culture, Work Life Balance, Skill Development",Promotions,4.1,861,4.5k,75,4,Automobile | Bengaluru +72 other locations,NA
1236,National Health Mission,"Promotions, Salary, Job Security",,3.4,861,2.2k,35,--,Healthcare | Guwahati +281 other locations,NA
1237,MOURI Tech,"Job Security, Promotions, Salary",,3.6,860,6.4k,75,118,IT Services & Consulting | Hyderabad +10 other locations,NA
1238,LEAD School,"Job Security, Promotions, Company Culture",,3.2,858,3.3k,95,8,EdTech | Mumbai +103 other locations,NA
1239,Alorica,"Promotions, Company Culture, Work Life Balance",,3.0,862,3.3k,94,66,BPO | Bengaluru +15 other locations,NA
1240,India Shelter Finance Corporation,"Skill Development, Salary",,3.8,857,2.3k,37,5,NBFC | Gurugram +185 other locations,NA
1241,Precision Infomatic M Pvt Ltd,Job Security,"Promotions, Salary",3.8,857,2.8k,56,8,IT Services & Consulting | Chennai +90 other locations,NA
1242,Bechtel,"Salary, Company Culture, Work Life Balance","Job Security, Promotions",3.9,856,3.8k,74,22,Engineering & Construction | Gurugram +31 other locations,NA
1243,Tata Hitachi Construction Machinery,"Job Security, Work Life Balance, Company Culture",Promotions,4.0,855,3.1k,66,12,Industrial Machinery | Kharagpur +76 other locations,NA
1244,Rico Auto Industries,Promotions,,3.8,855,3.5k,62,9,Auto Components | Gurugram +32 other locations,NA
1245,Nexdigm,"Promotions, Salary",,3.7,855,3.4k,69,48,Management Consulting | Pune +13 other locations,NA
1246,Impact Infotech Pvt. Ltd.,"Promotions, Job Security, Salary",,3.4,853,2.8k,58,--,IT Services & Consulting | Mumbai +76 other locations,NA
1247,Rohan Builders,"Company Culture, Job Security, Skill Development",,4.1,853,2.4k,63,88,Real Estate | Pune +67 other locations,NA
1248,Shaktiman Tirth Agro Technology,"Job Security, Work Life Balance, Salary",Promotions,3.9,852,3k,64,1,Industrial Machinery | Rajkot +67 other locations,NA
1249,Porter,"Promotions, Job Security, Skill Development",,3.5,851,3.8k,103,120,Internet | Bengaluru +32 other locations,NA
1250,KGISL,"Promotions, Salary, Company Culture",,3.1,850,5.4k,93,27,IT Services & Consulting | Coimbatore +21 other locations,NA
1251,Swaraj Tractors,"Job Security, Company Culture, Work Life Balance",Promotions,4.0,851,2.9k,40,--,Automobile | Sahibzada Ajit Singh Nagar +107 other locations,NA
1252,enGen Global,"Work Life Balance, Company Culture, Job Security",Promotions,3.9,851,5.8k,75,34,IT Services & Consulting | Chennai +6 other locations,NA
1253,Tata Power Solar,"Job Security, Skill Development, Company Culture",Promotions,4.1,851,3.2k,85,--,Power | Bengaluru +90 other locations,NA
1254,Casagrand,Job Security,"Promotions, Salary",3.8,848,4.4k,74,93,Real Estate | Chennai +19 other locations,NA
1255,Jaya Hind Industries,"Promotions, Job Security, Company Culture",,3.7,846,2.7k,64,2,Auto Components | Pune +37 other locations,NA
1256,Mahindra First Choice,Work Life Balance,Promotions,3.8,846,3k,41,4,Internet | Mumbai +118 other locations,NA
1257,Clarivate,"Work Life Balance, Company Culture","Promotions, Skill Development, Salary",3.7,846,6.7k,95,74,Analytics & KPO | Bengaluru +17 other locations,NA
1258,Serco,"Work Satisfaction, Company Culture, Skill Development",Promotions,4.2,843,1.2k,33,--,Analytics & KPO | Mumbai +41 other locations,NA
1259,Metso,"Company Culture, Work Life Balance, Job Security",Promotions,4.1,844,3.2k,82,5,Metals & Mining | Alwar +47 other locations,NA
1260,Royal Sundaram General Insurance,Work Life Balance,"Promotions, Skill Development, Salary",3.7,842,2.9k,24,14,Insurance | Chennai +107 other locations,NA
1261,Victora Auto Private Limited,"Work Life Balance, Job Security, Skill Development",Promotions,3.9,842,3.3k,49,--,Auto Components | Faridabad +31 other locations,NA
1262,UKG,"Job Security, Promotions, Work Satisfaction",,3.0,841,6.3k,126,7,Software Product | Noida +12 other locations,NA
1263,Mahindra Tractors,"Company Culture, Skill Development, Work Life Balance",Promotions,4.1,840,2.6k,57,--,Automobile | Nagpur +125 other locations,NA
1264,Guardian India,"Company Culture, Work Life Balance, Job Security",Promotions,3.8,840,4.5k,64,2,Insurance | Chennai +13 other locations,NA
1265,Union Bank of India,Job Security,"Promotions, Work Satisfaction",3.8,839,2.8k,41,--,Banking | Mumbai +149 other locations,NA
1266,Sanden Vikas,"Company Culture, Work Life Balance, Skill Development",Promotions,4.0,839,2.7k,58,9,Auto Components | Faridabad +33 other locations,NA
1267,Duck Creek Technologies,"Company Culture, Work Life Balance, Work Satisfaction",,4.5,839,1.3k,87,8,Software Product | Mumbai +9 other locations,NA
1268,AuthBridge Research Services,"Promotions, Job Security, Skill Development",,3.2,838,3.2k,51,8,IT Services & Consulting | Gurugram +21 other locations,NA
1269,IBS Software Services,Job Security,"Promotions, Salary, Work Satisfaction",3.5,837,6.6k,121,54,Software Product | Kochi +19 other locations,NA
1270,Fareportal,"Promotions, Company Culture, Job Security",,3.0,837,3.6k,46,10,Internet | Gurugram +14 other locations,NA
1271,Sutherland Healthcare Solutions,Job Security,"Promotions, Salary, Skill Development",3.7,837,4.1k,49,--,Analytics & KPO | Hyderabad +14 other locations,NA
1272,Bank of India,"Job Security, Company Culture, Salary",,3.9,834,2.7k,56,--,Banking | Mumbai +184 other locations,NA
1273,HP India,Work Life Balance,"Promotions, Salary",3.8,834,5.9k,164,1,Consumer Electronics & Appliances | Bengaluru +63 other locations,NA
1274,FIITJEE,"Promotions, Salary, Skill Development",,3.2,834,2k,56,--,Education & Training | New Delhi +47 other locations,NA
1275,Greaves Cotton,"Work Life Balance, Company Culture",Promotions,4.0,832,2.9k,32,7,Auto Components | Chhatrapati Sambhajinagar +50 other locations,NA
1276,Luxoft,Work Life Balance,"Promotions, Job Security",3.6,832,5.2k,138,281,IT Services & Consulting | Bengaluru +22 other locations,NA
1277,Arvind Lifestyle Brands,"Company Culture, Work Life Balance, Skill Development",Promotions,4.0,832,1.9k,22,35,Fashion & Textile | Bengaluru +86 other locations,NA
1278,Rockwell Automation,Work Life Balance,Promotions,3.7,831,5.8k,89,391,Industrial Automation | Pune +22 other locations,NA
1279,Eris Lifesciences,"Company Culture, Work Life Balance, Work Satisfaction",,3.6,832,2.4k,47,7,Pharma | Ahmedabad +92 other locations,NA
1280,Lumen Technologies,"Work Life Balance, Company Culture, Job Security",Promotions,3.9,830,4k,56,10,Hardware & Networking | Bengaluru +14 other locations,NA
1281,Encore Capital Group,"Company Culture, Work Life Balance","Promotions, Salary",3.9,829,1.8k,48,7,Financial Services | Gurugram +8 other locations,NA
1282,Ford Business Solutions,"Company Culture, Work Life Balance, Salary",Promotions,4.1,829,4.1k,54,11,IT Services & Consulting | Chennai +51 other locations,NA
1283,Medusind Solutions,"Promotions, Skill Development, Salary",,3.4,827,3k,36,28,IT Services & Consulting | Chennai +11 other locations,NA
1284,Consolidated Contractors,"Skill Development, Work Satisfaction, Job Security",,4.3,827,1.3k,38,--,Engineering & Construction | Mumbai +55 other locations,NA
1285,Feedback Infrastructure Services,"Promotions, Job Security, Salary",,3.4,826,2.4k,47,9,Engineering & Construction | Gurugram +128 other locations,NA
1286,Baxter International,"Work Life Balance, Company Culture, Salary","Promotions, Job Security, Skill Development",3.8,827,3.7k,53,49,Healthcare | Bengaluru +32 other locations,NA
1287,Artech Infosystems,"Promotions, Job Security, Company Culture",,3.3,826,3.9k,83,--,Recruitment | Bengaluru +21 other locations,NA
1288,eTeam,"Promotions, Job Security, Work Satisfaction",,3.2,825,3.7k,53,--,Recruitment | Bengaluru +20 other locations,NA
1289,Teamware Solutions,"Work Life Balance, Company Culture, Salary",,4.2,823,3.2k,71,1,Recruitment | Hyderabad +24 other locations,NA
1290,Ramco Systems,Job Security,"Promotions, Salary",3.8,823,5.3k,73,3,Software Product | Chennai +28 other locations,NA
1291,Poly Medicure,"Job Security, Company Culture, Promotions",,3.5,821,3k,81,11,Medical Equipment | Faridabad +46 other locations,NA
1292,Y-Axis Overseas Careers,"Skill Development, Work Life Balance, Company Culture",,4.2,821,1.5k,152,20,Other | Hyderabad +17 other locations,NA
1293,Five-Star Business Finance,"Job Security, Work Life Balance, Company Culture",,4.1,822,2.1k,31,2,NBFC | Chennai +249 other locations,NA
1294,BDO,"Promotions, Salary, Company Culture",,3.2,821,5.9k,59,3,Accounting & Auditing | Mumbai +34 other locations,NA
1295,Shivalik Small Finance Bank,"Skill Development, Company Culture, Work Life Balance",,4.1,819,1.7k,99,--,Banking | Noida +42 other locations,NA
1296,Rodic Consultants,"Work Life Balance, Company Culture, Work Satisfaction",,4.2,818,1.9k,47,15,Engineering & Construction | New Delhi +134 other locations,NA
1297,Punj Lloyd,"Work Life Balance, Company Culture, Work Satisfaction",Promotions,3.9,817,1.6k,20,--,Engineering & Construction | Gurugram +70 other locations,NA
1298,Bpo Convergence,"Promotions, Salary, Company Culture",,3.4,818,2.1k,67,1,BPO | Hyderabad +36 other locations,NA
1299,Rashmi Group,"Company Culture, Work Satisfaction, Promotions",,3.5,816,3.2k,54,2,Iron & Steel | Kharagpur +31 other locations,NA
1300,RR kabel,"Work Life Balance, Job Security, Company Culture",,4.1,817,2.9k,72,1,Electrical Equipment | Vadodara +115 other locations,NA
1301,DBG Technology,"Promotions, Company Culture, Work Satisfaction",,3.7,816,2.2k,87,1,Electronics Manufacturing | Rewari +25 other locations,NA
1302,Principal Global Services,"Job Security, Work Life Balance","Promotions, Work Satisfaction, Skill Development",3.6,815,6.1k,86,30,Insurance | Pune +11 other locations,NA
1303,Linde India,"Company Culture, Work Life Balance, Job Security",Promotions,3.9,815,3.7k,58,--,Chemicals | Vadodara +56 other locations,NA
1304,Huhtamaki,"Work Life Balance, Skill Development, Company Culture",Promotions,3.9,813,2.7k,27,7,Packaging | Mumbai +44 other locations,NA
1305,Qinecsa Solutions,"Job Security, Promotions, Company Culture",,2.7,813,2.9k,63,1,Clinical Research | Mysuru +18 other locations,NA
1306,K Raheja Corp,"Work Life Balance, Company Culture, Job Security",Promotions,4.2,814,3.2k,71,42,Real Estate | Mumbai +16 other locations,NA
1307,Sunbeam Auto,"Work Life Balance, Skill Development",Promotions,3.9,813,2.9k,54,--,Auto Components | Gurugram +30 other locations,NA
1308,Integra Software Services,Job Security,"Promotions, Salary, Work Life Balance",3.7,813,3.1k,41,18,IT Services & Consulting | Puducherry +19 other locations,NA
1309,Freshworks,"Job Security, Promotions, Work Satisfaction",,3.4,813,7.3k,183,7,Software Product | Chennai +46 other locations,NA
1310,Zydus Healthcare,"Salary, Company Culture, Work Life Balance",,4.0,813,2.2k,70,--,Pharma | Mumbai +108 other locations,NA
1311,Waaree Energies,"Salary, Job Security, Work Life Balance",,4.0,812,3.4k,77,26,Power | Surat +54 other locations,NA
1312,Advik Hi Tech,Skill Development,"Promotions, Salary",3.7,811,3.1k,60,7,Auto Components | Pune +30 other locations,NA
1313,Syneos Health,"Promotions, Skill Development, Work Satisfaction",,3.6,811,3.8k,62,66,Clinical Research | Gurugram +17 other locations,NA
1314,Praj Industries,"Company Culture, Work Life Balance, Job Security",Promotions,4.0,809,3.3k,46,2,Biotechnology | Pune +46 other locations,NA
1315,Bill Gosling Outsourcing India,"Promotions, Job Security, Skill Development",,3.5,808,2.9k,51,60,Gurugram +13 other locations,NA
1316,Prama Hikvision India,"Promotions, Work Satisfaction, Company Culture",,3.5,808,3.1k,67,18,Electronics Manufacturing | Mumbai +56 other locations,NA
1317,Investors Clinic,Salary,,3.6,807,1.6k,76,27,Real Estate | Noida +36 other locations,NA
1318,Qualitest,Work Life Balance,"Promotions, Job Security, Salary",3.6,808,6.9k,92,113,IT Services & Consulting | Bengaluru +22 other locations,NA
1319,Vastu Housing Finance,"Work Life Balance, Company Culture, Skill Development",,4.2,807,2.2k,57,11,NBFC | Mumbai +174 other locations,NA
1320,Vijaya Diagnostic Centre,Skill Development,Promotions,3.8,806,2.2k,47,15,Healthcare | Hyderabad +40 other locations,NA
1321,JK Paper,Job Security,"Promotions, Salary",3.8,804,2.8k,66,16,Pulp & Paper | Rayagada +52 other locations,NA
1322,Patel Infrastructure Limited,"Company Culture, Work Life Balance, Work Satisfaction",,4.3,802,2.1k,87,13,Engineering & Construction | Vadodara +60 other locations,NA
1323,Fluor Corporation,"Work Life Balance, Salary, Company Culture",Job Security,4.1,802,1.7k,32,121,Engineering & Construction | Gurugram +24 other locations,NA
1324,Eveready Industries,"Salary, Company Culture, Work Life Balance",Promotions,3.9,799,2.5k,44,1,Consumer Electronics & Appliances | Kolkata +111 other locations,NA
1325,RenewBuy,"Job Security, Promotions, Skill Development",,3.3,799,2.9k,64,--,Internet | Gurugram +108 other locations,NA
1326,Dineshchandra R. Agrawal Infracon,"Salary, Work Life Balance, Job Security",,4.0,799,2.6k,60,30,Engineering & Construction | Ahmedabad +82 other locations,NA
1327,Ramkrishna Forgings,"Promotions, Company Culture, Work Satisfaction",,3.4,798,3k,66,4,Auto Components | Jamshedpur +28 other locations,NA
1328,PUMA,"Company Culture, Skill Development, Work Life Balance",,4.1,798,2.5k,71,13,Fashion & Textile | Bengaluru +100 other locations,NA
1329,Chennai Radha Engineering Works,"Job Security, Skill Development, Work Life Balance","Promotions, Salary",3.9,797,2.3k,38,11,Engineering & Construction | Chennai +58 other locations,NA
1330,Aequs,"Promotions, Job Security, Company Culture",,3.4,797,3.5k,57,18,Defence & Aerospace | Belagavi +13 other locations,NA
1331,Zidio Development,"Work Life Balance, Skill Development, Company Culture",,4.4,796,106,173,--,IT Services & Consulting | Bengaluru +35 other locations,NA
1332,THE LEELA PALACES HOTELS & RESORTS,"Job Security, Skill Development, Company Culture",,4.0,796,2.3k,41,--,Hospitality | New Delhi +33 other locations,NA
1333,Border Security Force,"Job Security, Salary, Company Culture",,4.4,796,1.4k,17,--,Law Enforcement & Security | New Delhi +112 other locations,NA
1334,IFFCO,"Work Life Balance, Job Security, Salary",,4.1,795,1.9k,56,--,Agro Chemicals | New Delhi +118 other locations,NA
1335,Prince Pipes & Fittings,"Salary, Company Culture, Work Life Balance",,4.2,795,2.5k,55,12,Building Material | Mumbai +86 other locations,NA
1336,Ugro Capital,Salary,"Job Security, Promotions",3.7,795,2.8k,48,101,NBFC | Mumbai +169 other locations,NA
1337,Reliance BP Mobility,"Promotions, Work Satisfaction, Company Culture",,3.6,795,2.9k,77,29,Oil & Gas | Mumbai +105 other locations,NA
1338,Hitachi,"Company Culture, Work Life Balance, Work Satisfaction",Promotions,3.9,793,4.8k,96,2,Industrial Machinery | Bengaluru +88 other locations,NA
1339,Wipro Consumer Care & Lighting,"Promotions, Work Satisfaction, Salary",,3.7,793,3.7k,76,13,FMCG | Bengaluru +118 other locations,NA
1340,Intex Technologies,"Promotions, Job Security, Company Culture",,3.7,793,1.5k,18,5,Consumer Electronics & Appliances | New Delhi +77 other locations,NA
1341,Somany Ceramics,"Work Life Balance, Job Security, Company Culture",,4.2,793,2.7k,28,13,Building Material | New Delhi +87 other locations,NA
1342,Amber Enterprises India,Skill Development,Promotions,3.9,793,3k,60,26,Electronics Manufacturing | Gurugram +44 other locations,NA
1343,Novac Technology Solutions,Job Security,"Promotions, Salary, Work Satisfaction",3.5,793,5.4k,76,27,Software Product | Chennai +24 other locations,NA
1344,Credence Resource Management,"Promotions, Company Culture, Skill Development",,3.0,792,3.2k,36,87,BPO | Pune +9 other locations,NA
1345,Ascendion,"Promotions, Job Security, Work Satisfaction",,3.2,792,4.1k,123,110,IT Services & Consulting | Bengaluru +16 other locations,NA
1346,Universal Sompo General Insurance,"Work Life Balance, Company Culture, Work Satisfaction",,4.4,791,2.2k,155,10,Insurance | Mumbai +126 other locations,NA
1347,Franklin Templeton Investments,"Work Life Balance, Company Culture","Promotions, Skill Development, Salary",3.8,791,3.9k,33,80,Financial Services | Hyderabad +33 other locations,NA
1348,Rallis India,"Job Security, Work Life Balance, Company Culture",Promotions,4.0,791,2.5k,46,12,Agro Chemicals | Ankleshwar +120 other locations,NA
1349,Maveric Systems,"Promotions, Salary, Work Satisfaction",,3.3,791,7.3k,132,2,IT Services & Consulting | Chennai +11 other locations,NA
1350,Radical Minds,"Promotions, Job Security, Salary",,2.9,790,2.7k,68,26,BPO | Gurugram +13 other locations,NA
1351,Zuventus Healthcare,Salary,Promotions,3.9,790,2.3k,62,--,Pharma | Mumbai +99 other locations,NA
1352,Engineers India,"Work Life Balance, Company Culture, Work Satisfaction",,4.2,790,3.4k,91,10,Engineering & Construction | New Delhi +84 other locations,NA
1353,AISIN,"Work Life Balance, Company Culture, Job Security",,4.1,789,2.7k,57,8,Auto Components | Rohtak +27 other locations,NA
1354,Indo Autotech,"Salary, Skill Development",,3.9,788,2.8k,54,--,Auto Components | Faridabad +34 other locations,NA
1355,Careernet,"Promotions, Work Satisfaction, Skill Development",,3.5,787,4.6k,49,--,Recruitment | Bengaluru +24 other locations,NA
1356,Nippon Koei India,"Company Culture, Work Life Balance, Work Satisfaction",,4.7,787,1.3k,165,6,Engineering & Construction | New Delhi +70 other locations,NA
1357,Ask Automotive,"Work Life Balance, Job Security, Company Culture",,4.2,788,3k,37,--,Auto Components | Gurugram +29 other locations,NA
1358,Microtek International,"Promotions, Salary, Company Culture",,3.7,786,2.7k,53,4,Consumer Electronics & Appliances | New Delhi +119 other locations,NA
1359,Cigniti Technologies,Promotions,,3.8,785,6.7k,86,--,IT Services & Consulting | Hyderabad +9 other locations,NA
1360,Jai Balaji Group,"Promotions, Salary, Company Culture",,3.2,785,3.1k,54,--,Iron & Steel | Durgapur +41 other locations,NA
1361,Action Construction Equipment,"Promotions, Job Security, Skill Development",,3.7,787,2.8k,74,--,Industrial Machinery | Faridabad +59 other locations,NA
1362,Travel Food Services Ltd,"Job Security, Work Life Balance, Company Culture",,4.0,784,2.1k,47,1,Hospitality | Mumbai +35 other locations,NA
1363,Hilti,"Promotions, Work Satisfaction, Job Security",,3.4,784,3.7k,73,11,Industrial Machinery | Gurugram +48 other locations,NA
1364,NTT,"Work Life Balance, Job Security, Skill Development",Promotions,3.8,783,4.9k,72,--,IT Services & Consulting | Mumbai +43 other locations,NA
1365,Denave,"Promotions, Job Security, Skill Development",,3.5,782,2.8k,47,6,Marketing & Advertising | Noida +71 other locations,NA
1366,Petpooja,"Company Culture, Work Life Balance, Skill Development",,4.0,782,1.7k,87,39,Software Product | Ahmedabad +76 other locations,NA
1367,Edubridge Learning,"Skill Development, Company Culture, Work Life Balance",,3.9,782,1.3k,67,16,EdTech | Mumbai +63 other locations,NA
1368,Skill Lync,"Job Security, Promotions, Work Satisfaction",,3.1,780,3.5k,92,--,EdTech | Chennai +17 other locations,NA
1369,First Advantage,"Promotions, Skill Development, Work Satisfaction",,3.5,780,4.7k,32,70,Recruitment | Bengaluru +12 other locations,NA
1370,Allied Digital Services,"Promotions, Skill Development, Work Satisfaction",,3.1,781,3.4k,68,11,IT Services & Consulting | Mumbai +57 other locations,NA
1371,Axtria,"Work Satisfaction, Company Culture, Work Life Balance",,2.8,780,7.6k,135,133,Software Product | Gurugram +8 other locations,NA
1372,Progressive Infotech,"Promotions, Company Culture, Salary",,3.3,778,2.7k,43,4,IT Services & Consulting | Noida +68 other locations,NA
1373,Toyo Engineering,"Company Culture, Job Security, Skill Development",Promotions,4.0,778,3.7k,61,1,Engineering & Construction | Mumbai +45 other locations,NA
1374,Hitachi Digital Services,"Promotions, Work Satisfaction, Company Culture",,3.5,777,2.1k,69,206,IT Services & Consulting | Hyderabad +16 other locations,NA
1375,Creative Synergies Group,"Work Life Balance, Salary, Company Culture",Job Security,3.9,777,2.3k,30,13,IT Services & Consulting | Bengaluru +9 other locations,NA
1376,Fleetguard Filters Private Limited,"Company Culture, Work Life Balance, Job Security",,4.3,777,2.7k,52,15,Auto Components | Pune +85 other locations,NA
1377,Pratap Technocrats,"Promotions, Salary",,3.8,777,1.9k,35,--,Telecom | Ahmedabad +121 other locations,NA
1378,People Tech Group,"Job Security, Promotions, Salary",,2.3,776,5.4k,86,28,IT Services & Consulting | Hyderabad +13 other locations,NA
1379,Reliance Smart,"Job Security, Company Culture, Skill Development",Promotions,4.1,775,2.2k,35,--,Retail | Hyderabad +251 other locations,NA
1380,Ksb Pumps,Job Security,Promotions,3.7,774,3.3k,57,90,Industrial Machinery | Pune +38 other locations,NA
1381,Lenovo,"Work Life Balance, Company Culture, Work Satisfaction",Promotions,4.0,773,4.1k,57,7,Consumer Electronics & Appliances | Bengaluru +83 other locations,NA
1382,Lea Associates South Asia,"Work Life Balance, Company Culture, Work Satisfaction",,4.3,772,1.9k,34,--,Engineering & Construction | New Delhi +142 other locations,NA
1383,Forever Living Products,"Company Culture, Skill Development, Work Life Balance",,4.3,772,1.6k,77,--,Fitness & Wellness | Mumbai +95 other locations,NA
1384,JM Financial,Work Life Balance,"Promotions, Skill Development",3.8,771,3.9k,60,17,Financial Services | Mumbai +71 other locations,NA
1385,Forvia Hella,Work Life Balance,"Promotions, Skill Development",3.8,770,3.4k,51,84,Auto Components | Pune +32 other locations,NA
1386,JioStar,"Promotions, Job Security, Work Satisfaction",,3.5,770,4.8k,64,229,Media & Entertainment | Mumbai +42 other locations,NA
1387,Fidelity International,"Promotions, Work Satisfaction, Job Security",,3.6,771,5.8k,61,53,Financial Services | Gurugram +14 other locations,NA
1388,Alivus Life Sciences,Job Security,"Promotions, Work Satisfaction",3.8,769,4.1k,42,6,Pharma | Ankleshwar +22 other locations,NA
1389,Neurealm,"Promotions, Job Security, Work Satisfaction",,3.4,769,6.5k,102,25,IT Services & Consulting | Chennai +18 other locations,NA
1390,Wapcos,"Promotions, Job Security, Salary",,3.2,768,2.3k,40,--,Engineering & Construction | New Delhi +148 other locations,NA
1391,Bses Rajdhani Power,"Job Security, Work Life Balance","Promotions, Salary",3.8,768,2.7k,60,3,Power | New Delhi +22 other locations,NA
1392,Bunge India,"Work Life Balance, Job Security, Salary",Promotions,3.9,768,3.2k,50,323,Food Processing | Sahibzada Ajit Singh Nagar +70 other locations,NA
1393,Central Industrial Security Force,"Job Security, Salary, Skill Development",Promotions,4.3,768,1.9k,24,--,Law Enforcement & Security | New Delhi +89 other locations,NA
1394,Quatrro Business Support Services,"Promotions, Skill Development, Work Satisfaction",,3.3,769,2.6k,62,3,Recruitment | Gurugram +14 other locations,NA
1395,ManipalCigna Health Insurance,Promotions,,3.7,767,2.9k,45,23,Insurance | Mumbai +135 other locations,NA
1396,Creambell,Salary,Promotions,3.9,768,2.1k,44,5,Food Processing | New Delhi +105 other locations,NA
1397,VA Tech Wabag,Job Security,Promotions,3.8,767,3k,59,15,Waste Management | Chennai +54 other locations,NA
1398,Amadeus,"Work Life Balance, Job Security","Promotions, Skill Development, Work Satisfaction",3.7,766,7.4k,128,18,Software Product | Bengaluru +14 other locations,NA
1399,Wabtec,"Work Life Balance, Job Security",Promotions,3.9,766,4.1k,62,5,Auto Components | Bengaluru +32 other locations,NA
1400,Assystem,"Promotions, Job Security, Company Culture",,3.3,764,2.1k,50,108,Engineering & Construction | Chennai +68 other locations,NA
1401,BNP Paribas India Solutions,"Job Security, Work Life Balance","Promotions, Salary, Work Satisfaction",3.6,764,6.4k,80,--,IT Services & Consulting | Mumbai +9 other locations,NA
1402,Orion Edutech,"Promotions, Job Security, Salary",,3.3,761,1.4k,23,--,EdTech | Kolkata +115 other locations,NA
1403,Times Internet,"Promotions, Skill Development, Work Satisfaction",,3.5,761,5.5k,74,9,Internet | Noida +24 other locations,NA
1404,Wipro Infrastructure Engineering,"Promotions, Salary, Company Culture",,3.7,762,3.9k,63,15,Industrial Machinery | Bengaluru +37 other locations,NA
1405,Celebal Technologies,"Job Security, Promotions, Company Culture",,3.0,760,4.5k,141,21,IT Services & Consulting | Jaipur +23 other locations,NA
1406,HSBC Software Development,"Work Life Balance, Company Culture, Job Security",Promotions,4.1,759,8.1k,28,--,Software Product | Pune +8 other locations,NA
1407,Better.com,Salary,"Job Security, Promotions, Skill Development",3.0,758,3.9k,56,8,Financial Services | Gurugram +9 other locations,NA
1408,Padget Electronics,Promotions,,3.7,759,2.8k,81,--,Electronics Manufacturing | Noida +17 other locations,NA
1409,McDermott International,"Company Culture, Work Life Balance, Salary",,4.2,759,3.6k,64,60,Engineering & Construction | Chennai +33 other locations,NA
1410,Zee Entertainment Enterprises,"Promotions, Job Security, Work Satisfaction",,3.4,758,4.4k,55,42,Media & Entertainment | Mumbai +35 other locations,NA
1411,Protiviti,"Work Satisfaction, Promotions, Company Culture",,3.0,757,5.3k,73,--,Management Consulting | Gurugram +28 other locations,NA
1412,TO THE NEW,"Promotions, Work Satisfaction, Salary",,3.6,757,5.8k,154,50,IT Services & Consulting | Noida +20 other locations,NA
1413,Brane Enterprises,"Job Security, Company Culture, Work Satisfaction",,2.1,757,3.6k,150,--,Software Product | Hyderabad +12 other locations,NA
1414,National Informatics Centre,Work Life Balance,"Promotions, Job Security, Company Culture",3.9,756,4.2k,42,--,Government | New Delhi +77 other locations,NA
1415,India Japan Lighting,"Company Culture, Job Security, Work Life Balance",,4.1,754,2.6k,66,10,Auto Components | Chennai +29 other locations,NA
1416,CMS Computers Limited (INDIA),"Promotions, Salary, Work Satisfaction",,3.6,753,3.2k,42,6,IT Services & Consulting | New Delhi +78 other locations,NA
1417,Ameriprise Financial,"Work Life Balance, Job Security","Promotions, Skill Development, Work Satisfaction",3.7,753,5.2k,75,3,Financial Services | Gurugram +11 other locations,NA
1418,Dunzo,"Job Security, Promotions, Skill Development",,3.5,753,3.2k,71,--,Internet | Bengaluru +21 other locations,NA
1419,UnitedLex,"Promotions, Job Security, Salary",,2.7,753,3.7k,72,50,Analytics & KPO | New Delhi +13 other locations,NA
1420,Samsung E&A,"Salary, Job Security, Work Life Balance",,3.9,752,2.3k,72,--,Engineering & Construction | Noida +47 other locations,NA
1421,Exicom,"Work Life Balance, Company Culture, Job Security",Promotions,4.0,751,3k,59,4,Semiconductors | Gurugram +31 other locations,NA
1422,BCD Travel,"Job Security, Company Culture, Work Life Balance",,4.3,751,1.7k,148,34,Travel & Tourism | Bengaluru +11 other locations,NA
1423,Veradigm,Work Life Balance,"Promotions, Job Security, Skill Development",3.7,751,3.6k,43,64,Software Product | Pune +9 other locations,NA
1424,Finolex Cables,Job Security,"Promotions, Salary, Skill Development",3.7,751,2.6k,44,12,Electrical Equipment | Pune +76 other locations,NA
1425,Sharda Motor Industries,Promotions,,3.7,751,2.9k,54,18,Auto Components | Chennai +27 other locations,NA
1426,Aurigo Software Technologies,"Company Culture, Work Life Balance, Work Satisfaction",,4.6,751,1k,36,22,Software Product | Bengaluru +6 other locations,NA
1427,Vaaman Engineers,Promotions,,3.8,750,2.3k,73,9,Engineering & Construction | Jharsuguda +46 other locations,NA
1428,India Cements,"Work Life Balance, Job Security",Promotions,3.8,749,2.8k,52,8,Building Material | Chennai +93 other locations,NA
1429,1 India Family Mart,"Company Culture, Work Life Balance, Work Satisfaction",,4.6,749,1.5k,39,1,Retail | New Delhi +98 other locations,NA
1430,Transrail Lighting,"Job Security, Salary, Work Life Balance",,4.0,750,2.6k,60,1,Engineering & Construction | Mumbai +98 other locations,NA
1431,Mindsprint,"Promotions, Work Satisfaction, Company Culture",,3.5,749,4.3k,70,23,IT Services & Consulting | Chennai +10 other locations,NA
1432,Steel Authority Of India,"Job Security, Work Life Balance, Company Culture",,4.1,749,2.2k,49,--,Iron & Steel | Bokaro +54 other locations,NA
1433,Mott MacDonald,"Work Life Balance, Company Culture, Salary",Promotions,4.0,748,2.8k,57,179,Management Consulting | Mumbai +49 other locations,NA
1434,CADD Centre Training Services,"Skill Development, Work Life Balance","Promotions, Salary",4.0,747,2k,38,5,Education & Training | Chennai +132 other locations,NA
1435,Religare,"Promotions, Skill Development, Salary",,3.6,747,2.6k,34,167,Financial Services | New Delhi +98 other locations,NA
1436,Hapag-Lloyd,"Company Culture, Job Security, Work Life Balance","Promotions, Salary",3.8,747,3.2k,30,7,Ports & Shipping | Chennai +16 other locations,NA
1437,LifeCell International,"Job Security, Promotions, Work Satisfaction",,3.4,746,2.8k,52,40,Biotechnology | Chennai +76 other locations,NA
1438,Livguard,Promotions,,3.9,745,2.4k,45,--,Electronics Manufacturing | Gurugram +86 other locations,NA
1439,Integreon,"Promotions, Work Satisfaction, Salary",,3.2,746,4.1k,57,36,BPO | Mumbai +12 other locations,NA
1440,Bitwise Solutions,Work Life Balance,"Promotions, Job Security, Salary",3.7,746,4.4k,57,2,IT Services & Consulting | Pune +9 other locations,NA
1441,Neuland Laboratories,"Company Culture, Work Life Balance, Salary","Job Security, Promotions",4.0,744,3k,53,13,Pharma | Hyderabad +7 other locations,NA
1442,Primus Global Technologies,"Promotions, Job Security, Skill Development",,3.7,744,3.1k,24,--,IT Services & Consulting | Bengaluru +27 other locations,NA
1443,EMERSON PROCESS MANAGEMENT,"Company Culture, Work Life Balance, Job Security",Promotions,4.1,743,4.5k,66,--,Industrial Automation | Pune +31 other locations,NA
1444,ESL Steel,"Skill Development, Salary",Promotions,3.8,744,2.1k,37,--,Iron & Steel | Bokaro +25 other locations,NA
1445,Writer Information Management Services,"Promotions, Salary, Work Satisfaction",,3.1,743,2.8k,39,--,BPO | Mumbai +70 other locations,NA
1446,Isuzu Motors,"Company Culture, Job Security, Work Life Balance",Promotions,4.1,743,3k,56,1,Automobile | Chennai +39 other locations,NA
1447,Stellantis,"Promotions, Job Security, Company Culture",,3.4,741,5.1k,66,--,Automobile | Chennai +17 other locations,NA
1448,SLK Global Services,"Company Culture, Job Security, Skill Development","Promotions, Salary",4.0,740,2.5k,34,--,BPO | Bengaluru +9 other locations,NA
1449,RITES,"Work Life Balance, Work Satisfaction, Skill Development",Promotions,3.9,740,2.5k,40,3,Engineering & Construction | Gurugram +90 other locations,NA
1450,Greenply,Salary,"Work Satisfaction, Job Security, Promotions",3.8,741,2.4k,57,8,Building Material | Kolkata +97 other locations,NA
1451,Google Operations Center,Work Life Balance,"Promotions, Work Satisfaction, Job Security",3.5,740,4.2k,102,--,BPO | Hyderabad +14 other locations,NA
1452,Sterling Tools,"Company Culture, Work Life Balance, Work Satisfaction",,4.5,743,1.2k,233,13,Auto Components | Faridabad +16 other locations,NA
1453,Smollan Group,"Company Culture, Work Life Balance","Promotions, Salary",3.9,739,1.8k,48,20,Marketing & Advertising | Mumbai +143 other locations,NA
1454,Galfar,"Work Life Balance, Job Security, Skill Development",Promotions,3.9,739,1.8k,32,--,Engineering & Construction | Muscat +39 other locations,NA
1455,Boeing,Work Life Balance,Promotions,3.8,738,7k,102,2,Aviation | Bengaluru +13 other locations,NA
1456,Deepak Nitrite,"Job Security, Work Life Balance",Promotions,3.9,738,3.1k,52,32,Chemicals | Vadodara +20 other locations,NA
1457,Rackspace,"Work Life Balance, Salary","Promotions, Job Security",3.7,739,4.4k,85,29,IT Services & Consulting | Gurugram +15 other locations,NA
1458,Care Hospital,"Skill Development, Company Culture, Work Life Balance",,4.1,738,2.2k,35,86,Healthcare | Hyderabad +43 other locations,NA
1459,Volkswagen Group Digital Solutions [India],"Work Life Balance, Job Security, Company Culture",Promotions,3.9,737,4.8k,81,70,IT Services & Consulting | Pune +15 other locations,NA
1460,Mswipe Technologies,"Promotions, Job Security, Company Culture",,3.2,736,2.4k,35,4,FinTech | Mumbai +97 other locations,NA
1461,OLX India,Salary,"Job Security, Promotions",3.7,735,3.2k,68,7,Internet | Gurugram +57 other locations,NA
1462,Sun Life Financial,"Job Security, Work Life Balance, Company Culture","Promotions, Skill Development",3.8,735,4.2k,53,158,Financial Services | Gurugram +12 other locations,NA
1463,The Akshaya Patra Foundation,"Company Culture, Work Life Balance, Work Satisfaction",,4.4,733,2k,61,13,Non-Profit | Bengaluru +68 other locations,NA
1464,Indusind Marketing & Financial Services,"Promotions, Salary",,3.7,731,1.5k,32,--,Financial Services | Chennai +274 other locations,NA
1465,ASG Eye Hospital,"Promotions, Company Culture, Work Satisfaction",,3.5,731,1.8k,62,65,Healthcare | Jaipur +76 other locations,NA
1466,Electrosteel Casting,Job Security,"Promotions, Salary, Skill Development",3.6,731,2.8k,57,1,Building Material | Kolkata +29 other locations,NA
1467,GirnarSoft,"Promotions, Job Security, Skill Development",,3.6,731,3.3k,35,8,IT Services & Consulting | Gurugram +53 other locations,NA
1468,LG Soft India,"Promotions, Company Culture, Work Satisfaction",,2.7,732,4.6k,113,--,IT Services & Consulting | Bengaluru +15 other locations,NA
1469,Evision Technoserve,"Company Culture, Work Life Balance, Work Satisfaction",,4.8,731,214,318,--,IT Services & Consulting | Pune +44 other locations,NA
1470,V-Trans,Job Security,Promotions,3.8,729,1.9k,34,--,Logistics | Mumbai +94 other locations,NA
1471,Redcliffe Labs,"Work Life Balance, Work Satisfaction, Skill Development",,4.0,729,1.9k,70,18,Healthcare | New Delhi +83 other locations,NA
1472,Delta Electronics,"Job Security, Work Life Balance",Promotions,3.8,730,3.7k,68,9,Electronics Manufacturing | Bengaluru +45 other locations,NA
1473,Eugia Pharma Specialities,"Job Security, Salary, Work Life Balance",Promotions,4.0,731,2.8k,46,--,Pharma | Hyderabad +18 other locations,NA
1474,Sterlite Power,"Salary, Company Culture, Work Life Balance",,4.1,729,3.2k,39,33,Power | New Delhi +84 other locations,NA
1475,B. G. Shirke Construction Technology,"Job Security, Company Culture, Work Life Balance",,4.2,728,2.7k,43,1,Engineering & Construction | Pune +26 other locations,NA
1476,McKinsey & Company,"Company Culture, Salary",Promotions,3.8,726,8.6k,250,11,Management Consulting | Gurugram +25 other locations,NA
1477,BDO India LLP,"Promotions, Company Culture, Work Satisfaction",,3.2,725,3.8k,92,90,Accounting & Auditing | Mumbai +36 other locations,NA
1478,Lavender Technology,"Company Culture, Promotions, Skill Development",,4.9,724,19,4,--,IT Services & Consulting | Bengaluru +8 other locations,NA
1479,Vertex Customer Solutions,"Salary, Work Satisfaction, Promotions",,3.5,724,1.1k,16,--,IT Services & Consulting | Chennai +33 other locations,NA
1480,Trianz,"Job Security, Promotions, Work Satisfaction",,3.6,723,4.8k,61,5,IT Services & Consulting | Hyderabad +9 other locations,NA
1481,Turtlemint,"Promotions, Job Security",,3.7,723,2.6k,58,6,Internet | Mumbai +115 other locations,NA
1482,Adidas,"Work Life Balance, Salary","Promotions, Job Security",3.9,722,3.9k,83,35,Fashion & Textile | Gurugram +69 other locations,NA
1483,Mitsubishi Electric India,"Work Life Balance, Company Culture, Job Security",Promotions,4.2,723,3k,47,8,Electronics Manufacturing | Pune +52 other locations,NA
1484,Molex,"Company Culture, Work Life Balance",Promotions,3.8,722,3.9k,70,--,Electronics Manufacturing | Bengaluru +17 other locations,NA
1485,Ag Industries,"Work Life Balance, Work Satisfaction, Job Security","Promotions, Salary",3.9,721,2.8k,57,10,Auto Components | Gurugram +32 other locations,NA
1486,Home First Finance Company India,Salary,"Work Life Balance, Promotions, Work Satisfaction",3.5,721,2.6k,66,305,NBFC | Mumbai +105 other locations,NA
1487,Expleo Solutions,"Promotions, Job Security, Salary",,3.5,722,4.9k,75,--,IT Services & Consulting | Chennai +15 other locations,NA
1488,R.V.R. PROJECTS,Salary,Promotions,3.9,720,1.8k,69,12,Engineering & Construction | Hyderabad +69 other locations,NA
1489,AI Airport Services,"Promotions, Company Culture, Work Satisfaction",,3.3,720,1.6k,46,--,Aviation | Mumbai +60 other locations,NA
1490,TDK India Private Limited,"Work Life Balance, Job Security, Skill Development",Promotions,3.9,719,2.3k,46,27,Semiconductors | Nashik +26 other locations,NA
1491,Nvidia,"Promotions, Work Satisfaction, Skill Development",,3.5,720,5.4k,132,258,Hardware & Networking | Pune +19 other locations,NA
1492,Koch Business Solutions,"Job Security, Promotions, Company Culture",,3.1,719,5.1k,68,1,IT Services & Consulting | Bengaluru +11 other locations,NA
1493,DuPont,"Company Culture, Work Life Balance, Job Security",Promotions,4.2,719,3k,45,12,Waste Management | Hyderabad +46 other locations,NA
1494,JSW Energy,"Job Security, Work Life Balance, Salary",Promotions,4.1,717,3.7k,58,--,Power | Mumbai +79 other locations,NA
1495,Bristlecone,Work Life Balance,"Promotions, Work Satisfaction, Skill Development",3.7,717,6.1k,72,135,IT Services & Consulting | Bengaluru +14 other locations,NA
1496,Tavant Technologies,"Work Life Balance, Company Culture",Promotions,3.8,716,6.3k,81,62,IT Services & Consulting | Bengaluru +13 other locations,NA
1497,Shalby Hospitals,"Skill Development, Company Culture, Work Life Balance",,4.2,715,2.1k,108,52,Healthcare | Ahmedabad +23 other locations,NA
1498,Bikanervala,Promotions,,3.9,715,2k,30,--,FMCG | New Delhi +70 other locations,NA
1499,ffreedom app,"Job Security, Work Satisfaction, Promotions",,3.5,714,1.5k,64,--,Internet | Bengaluru +26 other locations,NA
1500,Genus Power Infrastructures,"Job Security, Work Life Balance, Skill Development","Promotions, Salary",3.9,714,2.9k,70,--,Electronics Manufacturing | Jaipur +86 other locations,NA
1501,Razorpay,"Promotions, Work Satisfaction, Job Security",,3.4,715,6.6k,177,60,FinTech | Bengaluru +27 other locations,NA
1502,BSH Home Appliances Group,Work Life Balance,Promotions,3.8,714,2.5k,39,3,Consumer Electronics & Appliances | Bengaluru +60 other locations,NA
1503,Eastman Auto and Power Limited,"Company Culture, Work Life Balance, Salary",,3.9,715,2.1k,95,13,Electronics Manufacturing | Gurugram +71 other locations,NA
1504,Biba Apparels,"Promotions, Company Culture, Work Satisfaction",,3.5,712,2.2k,50,--,Fashion & Textile | New Delhi +97 other locations,NA
1505,URC Construction,"Company Culture, Promotions, Work Life Balance",,3.6,712,2.5k,75,3,Engineering & Construction | Chennai +51 other locations,NA
1506,NecLife,Job Security,"Promotions, Salary, Company Culture",3.6,714,2.3k,62,2,Pharma | Chandigarh +30 other locations,NA
1507,uFaber,"Promotions, Job Security, Salary",,2.2,711,1.4k,54,--,Education & Training | Mumbai +24 other locations,NA
1508,Medreich,Job Security,,3.9,709,3k,62,4,Pharma | Bengaluru +14 other locations,NA
1509,Rentokil Pest Control,"Promotions, Work Satisfaction, Salary",,3.6,709,2k,43,309,Facility Management Services | Mumbai +111 other locations,NA
1510,Gartner,"Work Life Balance, Company Culture","Promotions, Skill Development",3.8,708,6.7k,99,40,Management Consulting | Gurugram +18 other locations,NA
1511,XcelServ Solutions,"Company Culture, Work Life Balance, Work Satisfaction",,4.4,707,419,11,--,IT Services & Consulting | New Delhi +33 other locations,NA
1512,Bahwan CyberTek,"Promotions, Job Security, Skill Development",,3.3,708,4.9k,53,70,IT Services & Consulting | Chennai +21 other locations,NA
1513,Diebold Nixdorf,"Promotions, Skill Development, Work Satisfaction",,3.6,706,3.6k,55,27,Software Product | Hyderabad +45 other locations,NA
1514,Thriveni Earthmovers,"Job Security, Skill Development, Salary",,3.9,707,2.5k,63,--,Metals & Mining | Jamshedpur +47 other locations,NA
1515,Goodyear,"Promotions, Company Culture, Work Satisfaction",,3.5,706,2.6k,74,8,Auto Components | Chhatrapati Sambhajinagar +66 other locations,NA
1516,ReSource Pro,"Work Satisfaction, Promotions",,3.7,705,3.7k,133,42,BPO | Bengaluru +9 other locations,NA
1517,Cotiviti,"Promotions, Skill Development, Work Satisfaction",,3.5,705,4.7k,90,31,Analytics & KPO | Hyderabad +10 other locations,NA
1518,Tredence,"Promotions, Work Life Balance, Work Satisfaction",,3.3,706,6.7k,151,103,IT Services & Consulting | Bengaluru +9 other locations,NA
1519,Visteon,"Work Life Balance, Promotions, Company Culture",,3.2,704,4.7k,62,41,Auto Components | Chennai +21 other locations,NA
1520,KreditBee,"Promotions, Work Satisfaction, Skill Development",,3.5,704,3.4k,59,30,Internet | Bengaluru +26 other locations,NA
1521,bp,"Work Life Balance, Salary","Promotions, Work Satisfaction, Skill Development",3.8,703,4.6k,93,24,Oil & Gas | Pune +14 other locations,NA
1522,Amrit Cement,"Work Life Balance, Skill Development",,3.9,702,1.5k,84,21,Building Material | Guwahati +49 other locations,NA
1523,Raychem RPG,"Promotions, Work Satisfaction, Job Security",,3.7,703,2.5k,33,--,Electrical Equipment | Mumbai +34 other locations,NA
1524,Wow Momo Foods,"Job Security, Company Culture, Skill Development",,4.1,701,1.9k,92,4,Hospitality | Kolkata +66 other locations,NA
1525,Kissht Finance,"Work Life Balance, Salary, Company Culture",,3.9,702,2.1k,83,17,FinTech | Mumbai +95 other locations,NA
1526,Infor Global Solution,"Work Life Balance, Job Security, Company Culture","Promotions, Skill Development, Salary",3.9,702,6.8k,84,8,Software Product | Hyderabad +9 other locations,NA
1527,Lovely Professional University,"Promotions, Work Satisfaction, Company Culture",,3.3,701,2k,63,4,Education & Training | Jalandhar +30 other locations,NA
1528,Ness Digital Engineering,"Promotions, Job Security, Work Satisfaction",,3.2,701,5.6k,73,41,IT Services & Consulting | Bengaluru +11 other locations,NA
1529,Apple,"Company Culture, Work Life Balance, Skill Development",,4.3,701,5.5k,169,216,Consumer Electronics & Appliances | Bengaluru +107 other locations,NA
1530,Wolters Kluwer,"Work Life Balance, Job Security","Promotions, Skill Development",3.8,699,5.1k,96,1,Software Product | Pune +16 other locations,NA
1531,Mynd Solutions Private,"Promotions, Salary",,3.7,700,3.2k,36,--,BPO | Gurugram +33 other locations,NA
1532,Ramky Infrastructure,"Job Security, Salary, Company Culture",,4.2,699,1.9k,54,2,Engineering & Construction | Hyderabad +51 other locations,NA
1533,Central Bank of India,"Skill Development, Work Life Balance",Promotions,3.9,700,1.6k,46,--,Banking | Mumbai +209 other locations,NA
1534,PrimEra Medical Technologies,"Promotions, Company Culture, Skill Development",,3.5,698,3.9k,72,29,IT Services & Consulting | Hyderabad +14 other locations,NA
1535,HRH Next Services,"Salary, Promotions, Company Culture",,2.9,697,2k,53,8,BPO | Hyderabad +23 other locations,NA
1536,Moglix,"Job Security, Promotions, Work Satisfaction",,3.3,696,3.7k,69,33,Internet | Noida +39 other locations,NA
1537,Patel Engineering,"Job Security, Work Life Balance, Work Satisfaction",,4.1,697,2.3k,47,--,Engineering & Construction | Mumbai +70 other locations,NA
1538,Kaar Tech,"Job Security, Skill Development, Company Culture",,4.3,696,2.1k,235,4,IT Services & Consulting | Chennai +12 other locations,NA
1539,Vindhya Telelinks,"Salary, Work Life Balance","Promotions, Skill Development",4.0,694,2.1k,49,--,Hardware & Networking | Rewa +94 other locations,NA
1540,Asb International,Job Security,"Promotions, Work Satisfaction, Company Culture",3.6,695,2.7k,35,--,Industrial Machinery | Mumbai +23 other locations,NA
1541,Sykes Business Services Of India,"Promotions, Salary, Company Culture",,3.4,693,2.6k,53,24,BPO | Hyderabad +15 other locations,NA
1542,TCNS Clothing Company,"Skill Development, Work Life Balance, Company Culture",Promotions,4.1,693,1.6k,27,2,Fashion & Textile | New Delhi +110 other locations,NA
1543,LEAP India Limited,"Salary, Company Culture, Work Life Balance",,4.6,693,1.3k,32,4,Packaging | Mumbai +47 other locations,NA
1544,Csc E Governance Services,"Promotions, Salary, Company Culture",,3.8,692,1.7k,47,14,Government | New Delhi +202 other locations,NA
1545,CtrlS,Salary,"Promotions, Company Culture, Work Satisfaction",3.6,692,3.2k,57,7,IT Services & Consulting | Hyderabad +17 other locations,NA
1546,TTK Prestige,Job Security,Promotions,3.8,693,2.5k,52,18,Consumer Electronics & Appliances | Bengaluru +83 other locations,NA
1547,Radico Khaitan,"Job Security, Work Life Balance, Skill Development",,4.0,692,2.1k,67,--,Beverage | Rampur +81 other locations,NA
1548,Jubilant Ingrevia,"Promotions, Skill Development",,3.7,691,2.9k,52,--,Chemicals | Bharuch +33 other locations,NA
1549,Bharat Serums and Vaccines,"Company Culture, Work Life Balance",Promotions,4.0,691,2.3k,31,9,Pharma | Mumbai +66 other locations,NA
1550,Transsion,"Work Life Balance, Company Culture, Work Satisfaction",Promotions,4.0,691,2.6k,39,3,Consumer Electronics & Appliances | Noida +65 other locations,NA
1551,Technotask Business Solutions,"Promotions, Salary, Job Security",,3.5,691,2k,63,3,BPO | Bhopal +21 other locations,NA
1552,HSBC Bank,"Company Culture, Work Life Balance, Job Security",Promotions,4.0,690,2.9k,44,2,Banking | Hyderabad +37 other locations,NA
1553,Flash Electronics,"Promotions, Salary, Work Satisfaction",,3.5,690,2.5k,36,--,Electronics Manufacturing | Pune +22 other locations,NA
1554,Samunnati,"Company Culture, Work Life Balance, Work Satisfaction",,4.5,690,926,84,--,NBFC | Chennai +61 other locations,NA
1555,Wuerth,"Promotions, Work Satisfaction, Skill Development",,3.5,689,2.4k,46,16,Industrial Machinery | Pune +65 other locations,NA
1556,Micro Turners,Skill Development,Promotions,3.8,689,2.2k,35,1,Auto Components | Baddi +42 other locations,NA
1557,Writer Corporation,"Promotions, Salary, Work Satisfaction",,3.4,690,2.1k,36,43,Logistics | Mumbai +83 other locations,NA
1558,Nephroplus,Skill Development,"Promotions, Salary",3.8,689,3.1k,53,90,Healthcare | Hyderabad +113 other locations,NA
1559,North East Small Finance Bank,"Promotions, Job Security, Company Culture",,3.5,689,1.8k,29,--,Banking | Guwahati +92 other locations,NA
1560,NSB Bpo Solutions,"Promotions, Salary, Job Security",,2.8,688,1.7k,36,1,BPO | Noida +83 other locations,NA
1561,IHG,"Promotions, Skill Development, Salary",,3.5,688,2.7k,40,75,Hospitality | New Delhi +46 other locations,NA
1562,Dodla Dairy,"Job Security, Company Culture, Work Life Balance",,4.2,688,2k,46,11,Food Processing | Hyderabad +73 other locations,NA
1563,Progressive Infovision,Work Life Balance,"Promotions, Salary",3.8,687,1.1k,54,--,Recruitment | New Delhi +78 other locations,NA
1564,PPG Asian Paints,"Job Security, Salary","Promotions, Work Satisfaction",3.8,687,2.9k,45,4,Chemicals | Mumbai +59 other locations,NA
1565,Nomura Holdings,Job Security,"Promotions, Work Satisfaction, Salary",3.7,687,6.9k,81,286,Investment Banking / Venture Capital / Private Equity | Mumbai +11 other locations,NA
1566,Lohia Corp,"Skill Development, Job Security, Company Culture",Promotions,4.0,687,2.5k,80,1,Industrial Machinery | Kanpur +21 other locations,NA
1567,Leverage Edu,"Salary, Company Culture, Skill Development",,4.1,686,1.8k,69,40,EdTech | Noida +22 other locations,NA
1568,Vizag Steel,"Work Life Balance, Job Security, Work Satisfaction",Promotions,4.0,686,1.7k,36,--,Iron & Steel | Visakhapatnam +29 other locations,NA
1569,Autoliv,"Job Security, Company Culture, Salary",Promotions,3.9,685,2.8k,42,--,Auto Components | Bengaluru +23 other locations,NA
1570,BDO RISE Private Limited,"Promotions, Salary",,3.6,686,3.1k,91,9,Accounting & Auditing | Bengaluru +9 other locations,NA
1571,Titan Eye Plus,"Skill Development, Company Culture, Work Life Balance",Promotions,4.1,685,1.4k,39,1,Other | Kolkata +131 other locations,NA
1572,Embibe,"Job Security, Promotions, Company Culture",,3.4,684,2.6k,61,--,EdTech | Bengaluru +19 other locations,NA
1573,TransUnion,"Promotions, Job Security, Skill Development",,3.6,684,6.3k,104,33,Financial Services | Chennai +10 other locations,NA
1574,Cohesity,"Work Life Balance, Company Culture, Salary","Promotions, Job Security",3.9,684,5.1k,87,39,Software Product | Pune +47 other locations,NA
1575,Emami Agrotech,"Work Life Balance, Job Security",Promotions,3.9,684,2.5k,44,12,Food Processing | Kolkata +67 other locations,NA
1576,Kurlon,"Work Life Balance, Company Culture, Work Satisfaction",,4.3,683,2.1k,37,8,Furniture & Furnishing | Bengaluru +88 other locations,NA
1577,Caparo Engineering India,"Work Life Balance, Work Satisfaction, Job Security",Promotions,4.0,683,2.5k,35,--,Auto Components | Chennai +34 other locations,NA
1578,Toppr,"Job Security, Promotions, Work Life Balance",,3.4,682,3.1k,66,--,EdTech | Mumbai +42 other locations,NA
1579,Quislex Legal Services,"Company Culture, Work Life Balance, Work Satisfaction",,4.1,683,1.8k,39,--,Legal | Hyderabad +11 other locations,NA
1580,Orient Cement,"Company Culture, Work Life Balance, Work Satisfaction",,4.4,682,2.4k,48,6,Building Material | Hyderabad +71 other locations,NA
1581,Neeyamo Enterprise Solutions,"Promotions, Salary, Work Life Balance",,3.5,682,4k,71,5,Pune +10 other locations,NA
1582,Keventer,"Promotions, Salary",,3.8,683,2.2k,35,3,FMCG | Kolkata +65 other locations,NA
1583,Teamlease Digital,"Promotions, Job Security, Skill Development",,3.3,682,3.2k,39,--,Recruitment | Bengaluru +68 other locations,NA
1584,BASF,"Work Life Balance, Company Culture, Work Satisfaction",Promotions,4.2,681,2.4k,35,6,Chemicals | Mumbai +96 other locations,NA
1585,Office Beacon,"Company Culture, Job Security, Skill Development",,4.6,681,889,68,4,BPO | Vadodara +20 other locations,NA
1586,Doosan Power Systems,"Work Life Balance, Work Satisfaction, Company Culture",Promotions,4.3,681,2.5k,44,--,Power | Gurugram +31 other locations,NA
1587,Bayer Crop Science Vegetable Seeds,"Work Life Balance, Company Culture, Work Satisfaction",Promotions,4.2,682,967,38,--,Bengaluru +140 other locations,NA
1588,YOKOGAWA,Job Security,"Promotions, Salary",3.8,682,3.8k,60,71,Industrial Automation | Bengaluru +25 other locations,NA
1589,ChannelPlay,"Company Culture, Work Life Balance, Skill Development",Promotions,3.9,680,1.9k,31,4,Marketing & Advertising | Gurugram +93 other locations,NA
1590,Bisk Farm,"Company Culture, Work Life Balance, Job Security",Promotions,4.0,680,1.6k,30,19,Food Processing | Kolkata +138 other locations,NA
1591,VRL Logistics,"Promotions, Job Security, Skill Development",,3.7,680,1.7k,25,--,Logistics | Bengaluru +119 other locations,NA
1592,Elite Elevators,"Salary, Skill Development, Company Culture",,4.2,679,993,51,3,Industrial Machinery | Chennai +41 other locations,NA
1593,Surya Roshni,"Work Life Balance, Job Security, Company Culture",,4.1,679,2.3k,23,11,Building Material | New Delhi +75 other locations,NA
1594,TVS Electronics,Work Life Balance,"Promotions, Salary",3.8,681,2.3k,33,11,Electronics Manufacturing | Chennai +72 other locations,NA
1595,Rane NSK Steering Systems,"Skill Development, Company Culture, Work Life Balance",Promotions,4.0,679,2k,41,--,Auto Components | Chennai +26 other locations,NA
1596,SG Analytics,"Promotions, Work Satisfaction, Job Security",,2.6,680,3.7k,82,18,Analytics & KPO | Pune +12 other locations,NA
1597,Blue Yonder,"Promotions, Salary, Work Satisfaction",,3.6,679,7.4k,72,153,Software Product | Bengaluru +14 other locations,NA
1598,Medtronic,"Company Culture, Work Life Balance, Salary",Promotions,3.9,679,4.6k,81,135,Medical Equipment | Hyderabad +46 other locations,NA
1599,Bridgestone - Global Capability Center,"Work Life Balance, Company Culture, Job Security",Promotions,4.0,678,2.8k,49,10,Auto Components | Pune +61 other locations,NA
1600,Livpure,Promotions,,3.8,678,2.3k,41,15,Consumer Electronics & Appliances | Gurugram +82 other locations,NA
1601,Orient Technologies,"Promotions, Salary, Work Satisfaction",,3.7,678,3k,49,7,IT Services & Consulting | Mumbai +50 other locations,NA
1602,Capco Technologies,"Work Life Balance, Company Culture","Promotions, Job Security",3.8,678,5.1k,93,160,IT Services & Consulting | Bengaluru +18 other locations,NA
1603,Solv,Salary,"Job Security, Work Satisfaction, Promotions",3.5,677,1.7k,46,--,Internet | Bengaluru +142 other locations,NA
1604,Testbook.com,"Job Security, Promotions, Work Life Balance",,3.3,677,4.5k,111,1,EdTech | Noida +30 other locations,NA
1605,InternEzy,"Company Culture, Work Life Balance, Work Satisfaction",,4.9,676,5,126,4,EdTech | Chennai +6 other locations,NA
1606,Wissen Infotech,"Job Security, Promotions, Work Satisfaction",,3.6,677,4.9k,64,78,IT Services & Consulting | Bengaluru +15 other locations,NA
1607,Lionbridge Technologies,Work Life Balance,"Promotions, Skill Development, Salary",3.5,676,3.8k,51,1,Content Development | Mumbai +14 other locations,NA
1608,Quess IT Staffing Solutions,"Promotions, Work Satisfaction, Job Security",,3.2,674,1.6k,45,--,Bengaluru +55 other locations,NA
1609,Dhanuka Agritech,Promotions,,3.7,674,1.8k,50,1,Agro Chemicals | Gurugram +110 other locations,NA
1610,MPS Limited,"Promotions, Salary, Skill Development",,3.5,674,3k,38,24,Content Development | Dehradun +24 other locations,NA
1611,R.S. Infraprojects,"Job Security, Work Life Balance, Company Culture",Promotions,4.0,673,1.7k,38,2,Engineering & Construction | Noida +98 other locations,NA
1612,Redington,"Job Security, Company Culture, Work Life Balance",Promotions,4.0,672,3.1k,37,3,Hardware & Networking | Chennai +48 other locations,NA
1613,Osource Global,Job Security,"Promotions, Salary, Company Culture",3.5,671,2.7k,27,19,BPO | Mumbai +28 other locations,NA
1614,Mahindra Integrated Business Solutions,"Promotions, Work Satisfaction, Job Security",,3.4,672,2.6k,46,4,BPO | Mumbai +86 other locations,NA
1615,PCBL Chemical Limited,"Salary, Job Security",,3.9,670,2.6k,72,1,Petrochemicals | Vadodara +25 other locations,NA
1616,Tejas Networks,Promotions,,3.8,670,4k,91,--,Hardware & Networking | Bengaluru +35 other locations,NA
1617,CJ Darcl Logistics Limited,"Work Life Balance, Job Security, Company Culture",Promotions,4.0,670,1.9k,45,1,Logistics | Gurugram +83 other locations,NA
1618,Triveni Engineering & Industries,"Job Security, Work Life Balance, Salary",,4.2,669,2.5k,49,2,Food Processing | Noida +57 other locations,NA
1619,NextComm Corporation,"Work Life Balance, Company Culture, Work Satisfaction",,4.8,669,39,6,--,Software Product | Bengaluru +8 other locations,NA
1620,L&T Power,"Job Security, Skill Development",Promotions,3.9,669,3.4k,37,--,Power | Vadodara +98 other locations,NA
1621,Magic EdTech,"Promotions, Job Security, Salary",,3.5,668,3.7k,86,14,EdTech | Noida +11 other locations,NA
1622,Housing.com,Salary,"Promotions, Job Security, Work Satisfaction",3.5,668,3k,80,71,Internet | Gurugram +44 other locations,NA
1623,EPL Limited,"Job Security, Skill Development","Promotions, Salary",3.8,668,1.8k,30,5,Packaging | Mumbai +34 other locations,NA
1624,Vasudha Pharma Chem,"Company Culture, Work Life Balance, Job Security",Promotions,4.0,668,2.3k,37,3,Pharma | Visakhapatnam +9 other locations,NA
1625,Saint Gobain Glass,"Job Security, Company Culture, Skill Development","Promotions, Salary",3.9,667,2k,31,--,Building Material | Chennai +57 other locations,NA
1626,DAV Public School,"Skill Development, Salary",Promotions,4.0,667,1.2k,36,--,Education & Training | New Delhi +153 other locations,NA
1627,HCL Healthcare,"Company Culture, Work Life Balance, Work Satisfaction",,4.6,666,972,173,14,Healthcare | Noida +40 other locations,NA
1628,Government of India,"Job Security, Work Life Balance, Skill Development",,4.2,666,3.9k,67,--,Government | New Delhi +158 other locations,NA
1629,Corteva Agriscience,"Company Culture, Work Life Balance, Job Security",Promotions,4.3,666,2.6k,41,2,Agro Chemicals | Hyderabad +107 other locations,NA
1630,Future Supply Chain Solutions,"Company Culture, Work Satisfaction, Skill Development",,4.4,665,2.1k,22,--,Logistics | Nagpur +70 other locations,NA
1631,Snapdeal,"Company Culture, Work Life Balance","Promotions, Job Security, Salary",3.7,666,2.8k,77,36,Internet | Gurugram +31 other locations,NA
1632,JoulestoWatts Business Solutions,"Promotions, Company Culture, Job Security",,3.4,665,3.3k,79,--,IT Services & Consulting | Bengaluru +17 other locations,NA
1633,CSC,Work Life Balance,"Promotions, Salary, Skill Development",3.5,664,4.6k,66,52,Financial Services | Bengaluru +24 other locations,NA
1634,Ingram Micro,"Promotions, Work Satisfaction, Skill Development",,3.6,664,3.4k,33,--,IT Services & Consulting | Mumbai +47 other locations,NA
1635,SMC Global Securities,"Promotions, Work Satisfaction, Skill Development",,3.5,664,2.6k,59,21,Financial Services | New Delhi +90 other locations,NA
1636,Optimum Infosystem,"Job Security, Promotions, Skill Development",,3.2,664,3.5k,59,27,IT Services & Consulting | Chennai +16 other locations,NA
1637,Welspun World,"Promotions, Work Life Balance, Job Security",,3.6,663,2.5k,60,77,Building Material | Anjar +53 other locations,NA
1638,Magic Bus India Foundation,Skill Development,Promotions,3.9,664,1.7k,44,25,Non-Profit | Mumbai +78 other locations,NA
1639,ANAROCK Property Consultants,"Promotions, Job Security, Work Life Balance",,3.5,663,3.1k,66,59,Real Estate | Mumbai +31 other locations,NA
1640,Krsnaa Diagnostics,"Promotions, Salary, Company Culture",,3.6,661,1.6k,50,13,Healthcare | Pune +97 other locations,NA
1641,Omaxe,"Work Life Balance, Salary, Company Culture",,4.2,659,2.1k,41,6,Real Estate | New Delhi +24 other locations,NA
1642,Indorama,"Job Security, Company Culture, Work Life Balance",Promotions,3.9,659,2.2k,41,10,Agro Chemicals | Haldia +46 other locations,NA
1643,Licious,"Promotions, Job Security, Work Satisfaction",,3.6,660,3k,77,15,Internet | Bengaluru +38 other locations,NA
1644,PeopleStrong,"Promotions, Work Satisfaction, Salary",,3.4,658,3.2k,55,5,Recruitment | Gurugram +20 other locations,NA
1645,Epicenter Technologies,"Promotions, Salary, Work Satisfaction",,3.4,658,2.3k,43,4,BPO | Mumbai +8 other locations,NA
1646,Kutumbh Care,"Work Life Balance, Work Satisfaction, Company Culture",Promotions,4.0,658,1.6k,33,--,Recruitment | Noida +161 other locations,NA
1647,DeHaat,"Job Security, Promotions, Company Culture",,3.6,657,2.1k,68,5,Internet | Gurugram +116 other locations,NA
1648,BrightCHAMPS,"Work Life Balance, Company Culture, Work Satisfaction",,4.3,658,1.1k,98,7,EdTech | Bengaluru +28 other locations,NA
1649,My Home Industries,"Work Life Balance, Company Culture, Job Security",,4.0,657,2.3k,44,10,Building Material | Hyderabad +70 other locations,NA
1650,Centaur Pharmaceuticals,"Promotions, Company Culture, Work Satisfaction",,3.5,656,2.8k,35,3,Pharma | Pune +67 other locations,NA
1651,Narayana e-Techno School,"Promotions, Company Culture, Work Life Balance",,3.5,656,2k,54,--,Education & Training | Bengaluru +104 other locations,NA
1652,Healthians,"Work Life Balance, Work Satisfaction, Skill Development",,4.1,657,2k,146,--,Internet | Gurugram +48 other locations,NA
1653,Quality Austria Central Asia,"Promotions, Salary, Work Life Balance",,3.5,656,1.8k,31,21,Other | New Delhi +74 other locations,NA
1654,TCI Express,"Job Security, Work Life Balance, Skill Development",,3.9,655,1.9k,47,2,Logistics | New Delhi +77 other locations,NA
1655,Celebi Aviation Holding,"Job Security, Skill Development, Company Culture",Promotions,4.0,655,1.1k,37,--,Aviation | New Delhi +19 other locations,NA
1656,Cogoport,"Job Security, Company Culture, Work Satisfaction",,3.2,655,1.9k,56,--,Internet | Mumbai +13 other locations,NA
1657,TIAA Global Business Services,"Work Life Balance, Salary","Promotions, Work Satisfaction, Skill Development",3.7,653,4.9k,52,5,Financial Services | Pune +9 other locations,NA
1658,Sintex BAPL,Salary,"Job Security, Promotions, Work Satisfaction",3.5,652,2.4k,40,2,Petrochemicals | Ahmedabad +71 other locations,NA
1659,Tata Power Delhi Distribution,"Job Security, Work Life Balance","Promotions, Salary",3.8,653,2.8k,36,--,Power | New Delhi +31 other locations,NA
1660,BankBazaar,"Promotions, Work Satisfaction, Skill Development",,3.2,652,2.9k,62,23,FinTech | Chennai +15 other locations,NA
1661,Nihilent,"Promotions, Job Security, Company Culture",,3.1,653,4.9k,65,28,IT Services & Consulting | Pune +8 other locations,NA
1662,Qatar Airways,Salary,"Promotions, Company Culture, Work Life Balance",3.5,650,2k,72,25,Aviation | Ahmedabad +29 other locations,NA
1663,Surin Automotive,"Salary, Job Security, Skill Development",,3.9,651,2k,57,--,Industrial Machinery | Pune +22 other locations,NA
1664,Marlabs,"Job Security, Promotions, Salary",,3.5,651,5.1k,40,2,IT Services & Consulting | Bengaluru +12 other locations,NA
1665,Impetus Technologies,"Work Satisfaction, Promotions, Company Culture",,3.4,651,6.3k,113,57,IT Services & Consulting | Indore +14 other locations,NA
1666,Careon Healthcare Solutions,"Company Culture, Work Life Balance, Job Security",Promotions,3.9,651,2.9k,9,1,Medical Equipment | Bengaluru +14 other locations,NA
1667,Grihum Housing Finance,Salary,"Promotions, Work Satisfaction, Job Security",3.7,649,2.1k,32,3,NBFC | Pune +151 other locations,NA
1668,Carrier,Work Life Balance,"Promotions, Work Satisfaction, Skill Development",3.7,649,4.6k,55,1,Industrial Machinery | Hyderabad +52 other locations,NA
1669,Collegedunia,"Job Security, Promotions, Work Satisfaction",,3.2,649,3.3k,137,14,Internet | Gurugram +28 other locations,NA
1670,Revolut,"Job Security, Work Satisfaction, Company Culture",,2.6,649,3.2k,121,--,FinTech | Bengaluru +18 other locations,NA
1671,Corporate Infotech,"Promotions, Salary",,3.7,647,2.2k,86,2,IT Services & Consulting | New Delhi +54 other locations,NA
1672,NiCE,"Promotions, Work Satisfaction, Job Security",,3.5,647,4.5k,100,46,Software Product | Pune +15 other locations,NA
1673,Hetero Healthcare,"Promotions, Salary, Company Culture",,3.5,646,2.3k,37,9,Pharma | Hyderabad +83 other locations,NA
1674,Inspirisys Solution,"Promotions, Salary",,3.7,646,3.8k,64,67,IT Services & Consulting | Chennai +56 other locations,NA
1675,Videocon d2h,"Skill Development, Company Culture, Work Life Balance",,3.8,645,1.2k,31,--,Internet | New Delhi +118 other locations,NA
1676,ICA Edu Skills,"Work Life Balance, Skill Development","Promotions, Job Security, Salary",3.8,645,1.4k,42,12,Education & Training | Kolkata +119 other locations,NA
1677,TDS Lithium-Ion Battery,"Company Culture, Work Life Balance, Skill Development",,4.2,645,2.2k,95,--,Auto Components | Ahmedabad +20 other locations,NA
1678,Forbes Marshall,"Job Security, Company Culture, Skill Development",Promotions,3.9,645,2.7k,47,29,Industrial Machinery | Pune +24 other locations,NA
1679,Yatra,"Promotions, Work Satisfaction, Skill Development",,3.3,645,3.1k,37,1,Travel & Tourism | Gurugram +20 other locations,NA
1680,Times Group,Work Life Balance,"Promotions, Salary",3.8,644,4.7k,33,12,Printing & Publishing | Mumbai +47 other locations,NA
1681,Pennar Industries,"Promotions, Salary, Company Culture",,3.5,644,3.1k,37,6,Engineering & Construction | Hyderabad +31 other locations,NA
1682,Fiat India Automobiles,"Promotions, Company Culture, Work Life Balance",,3.6,644,2.3k,46,4,Automobile | Pune +23 other locations,NA
1683,Anudip Foundation,"Work Life Balance, Skill Development, Salary",,4.1,644,1.3k,212,16,Non-Profit | Kolkata +64 other locations,NA
1684,Talentpro,Promotions,,3.8,643,2.4k,33,23,Recruitment | Chennai +127 other locations,NA
1685,Uno Mindarika,"Job Security, Skill Development",Promotions,4.0,642,2k,50,--,Auto Components | Gurugram +27 other locations,NA
1686,3M,"Company Culture, Work Life Balance, Salary","Promotions, Job Security",4.0,642,3.3k,41,94,Electronics Manufacturing | Bengaluru +54 other locations,NA
1687,Ramboll,"Company Culture, Work Life Balance, Job Security",Promotions,3.9,642,3.2k,47,107,Engineering & Construction | Gurugram +32 other locations,NA
1688,Sandvik Asia,"Work Life Balance, Job Security, Salary",Promotions,4.0,641,1.6k,33,--,Industrial Machinery | Pune +37 other locations,NA
1689,Alshaya Group,"Promotions, Company Culture, Work Satisfaction",,3.7,642,2.3k,50,--,Retail | Bengaluru +29 other locations,NA
1690,MAQ Software,"Company Culture, Work Life Balance, Work Satisfaction",,3.2,641,4k,175,3,IT Services & Consulting | Noida +9 other locations,NA
1691,National Stock Exchange of India,Job Security,"Promotions, Work Satisfaction, Skill Development",3.6,642,4.5k,55,--,Financial Services | Mumbai +34 other locations,NA
1692,Vikram Solar,"Promotions, Company Culture, Work Satisfaction",,3.6,641,2.3k,41,6,Power | Kolkata +42 other locations,NA
1693,RealPage,"Promotions, Job Security, Work Satisfaction",,3.6,640,4.2k,78,8,Software Product | Hyderabad +8 other locations,NA
1694,FCC Clutch,"Work Life Balance, Job Security",Promotions,3.9,639,2.3k,45,--,Auto Components | Gurugram +26 other locations,NA
1695,Philips Innovation Campus,Work Life Balance,"Promotions, Job Security, Skill Development",3.7,638,4.6k,57,--,Software Product | Bengaluru +20 other locations,NA
1696,Sigma Engineered Solutions,"Company Culture, Skill Development, Work Life Balance","Promotions, Salary",3.9,638,2.5k,30,--,Industrial Machinery | Pune +16 other locations,NA
1697,Shriram Automall,"Company Culture, Work Life Balance, Job Security",,4.1,638,1.3k,52,1,Internet | New Delhi +109 other locations,NA
1698,Wissen Technology,Promotions,,3.7,637,5.3k,204,130,IT Services & Consulting | Bengaluru +9 other locations,NA
1699,Welspun Corp,Skill Development,Promotions,3.9,637,2.1k,35,14,Iron & Steel | Anjar +31 other locations,NA
1700,Gainwell Commosales,"Job Security, Company Culture, Skill Development",Promotions,4.0,637,2.3k,46,5,Industrial Machinery | Kolkata +82 other locations,NA
1701,Mount Litera Zee School,"Promotions, Salary, Job Security",,3.7,636,1.5k,41,16,Education & Training | Bengaluru +126 other locations,NA
1702,ExportersIndia,"Company Culture, Work Life Balance, Work Satisfaction",,4.9,636,130,32,--,Internet | New Delhi +2 other locations,NA
1703,GKN,Work Life Balance,Promotions,3.9,635,2.3k,38,41,Defence & Aerospace | Pune +30 other locations,NA
1704,Global Healthcare Billing Partners,"Company Culture, Promotions, Work Satisfaction",,3.3,634,3.7k,47,427,BPO | Chennai +15 other locations,NA
1705,TVS Eurogrip,"Promotions, Company Culture, Job Security",,3.7,635,2.1k,33,14,Auto Components | Madurai +83 other locations,NA
1706,Ebixcash Global Services,"Promotions, Salary, Job Security",,3.2,634,2.1k,58,--,BPO | Mumbai +41 other locations,NA
1707,Ferrero,"Salary, Skill Development, Job Security",Promotions,3.9,634,2.1k,31,7,Food Processing | Pune +104 other locations,NA
1708,The Lalit,"Promotions, Salary, Company Culture",,3.5,635,1.6k,26,13,Hospitality | New Delhi +32 other locations,NA
1709,UKB Electronics Limited,"Company Culture, Job Security, Work Life Balance",,3.6,634,2.3k,54,29,Electronics Manufacturing | Noida +24 other locations,NA
1710,Kaizen IT Services,"Work Life Balance, Company Culture, Work Satisfaction",Promotions,3.9,633,1.3k,38,--,IT Services & Consulting | Kolkata +93 other locations,NA
1711,NRB Bearings,"Work Life Balance, Job Security, Company Culture",Promotions,4.1,633,2.1k,53,48,Auto Components | Chhatrapati Sambhajinagar +21 other locations,NA
1712,Danfoss Industries,"Work Life Balance, Company Culture",Promotions,3.8,633,3.4k,44,9,Industrial Machinery | Chennai +21 other locations,NA
1713,Me n Moms,"Skill Development, Work Life Balance, Work Satisfaction",,4.2,633,1.1k,149,5,Retail | Mumbai +66 other locations,NA
1714,Geojit Financial Services,"Promotions, Work Satisfaction, Salary",,3.4,634,2.2k,54,6,Financial Services | Kochi +142 other locations,NA
1715,Chaitanya India Fin Credit,"Company Culture, Skill Development, Work Life Balance",,4.1,633,1.5k,37,--,NBFC | Bengaluru +176 other locations,NA
1716,Finova Capital,Salary,,3.8,632,1.5k,29,1,NBFC | Jaipur +185 other locations,NA
1717,B.L. Kashyap & Sons,"Job Security, Work Life Balance","Promotions, Salary",3.7,632,1.7k,68,18,Engineering & Construction | Bengaluru +25 other locations,NA
1718,Varthana,"Work Life Balance, Company Culture, Salary",,4.0,632,1.4k,46,4,NBFC | Bengaluru +80 other locations,NA
1719,NoBrokerHood,"Job Security, Work Satisfaction, Company Culture",,2.8,632,2.1k,67,2,Software Product | Bengaluru +33 other locations,NA
1720,Airports Authority of India,"Work Life Balance, Company Culture, Work Satisfaction",,4.3,631,1.8k,54,--,Aviation | New Delhi +91 other locations,NA
1721,Belstar Microfinance,"Company Culture, Work Life Balance, Work Satisfaction",Promotions,4.0,631,1.5k,41,--,NBFC | Chennai +224 other locations,NA
1722,Continental,Work Life Balance,"Promotions, Job Security, Work Satisfaction",3.6,631,3.6k,58,89,Auto Components | Bengaluru +50 other locations,NA
1723,Khazana Jewellery,"Company Culture, Skill Development, Salary",Promotions,3.9,631,1.7k,65,26,Jewellery | Chennai +50 other locations,NA
1724,ACKO,"Promotions, Work Satisfaction, Job Security",,3.4,630,3.1k,64,6,Insurance | Bengaluru +14 other locations,NA
1725,Electrotherm,"Job Security, Work Life Balance, Company Culture",,4.1,632,2.8k,40,9,Iron & Steel | Ahmedabad +41 other locations,NA
1726,Suroj Buildcon,"Company Culture, Job Security, Skill Development",,4.1,631,1.6k,37,3,Engineering & Construction | Pune +50 other locations,NA
1727,Monte Carlo,"Salary, Work Life Balance, Company Culture",,4.2,631,2.5k,36,5,Fashion & Textile | Ahmedabad +104 other locations,NA
1728,Avalon Technologies,"Job Security, Skill Development","Promotions, Salary, Company Culture",3.8,629,3.4k,43,12,Electronics Manufacturing | Chennai +17 other locations,NA
1729,Suraksha Diagnostic,Skill Development,"Promotions, Salary",3.7,628,1.6k,50,25,Healthcare | Kolkata +35 other locations,NA
1730,Turbo Energy,"Work Satisfaction, Skill Development, Company Culture",Promotions,4.1,628,2k,25,--,Auto Components | Chennai +25 other locations,NA
1731,Data Entry,"Company Culture, Work Satisfaction, Skill Development",,4.2,628,1.9k,132,--,BPO | New Delhi +109 other locations,NA
1732,Reliance Jewels,"Job Security, Skill Development, Company Culture",Promotions,3.9,628,1.3k,37,--,Jewellery | Mumbai +131 other locations,NA
1733,InsuranceDekho,"Promotions, Job Security, Work Life Balance",,3.5,629,2.2k,81,32,Internet | Gurugram +86 other locations,NA
1734,Kiya.ai,"Work Life Balance, Skill Development, Salary",,3.9,627,4.3k,51,124,IT Services & Consulting | Mumbai +18 other locations,NA
1735,Sl Lumax,"Work Life Balance, Promotions, Company Culture",,3.4,627,2.4k,31,3,Auto Components | Chennai +19 other locations,NA
1736,Sir H. N. Reliance Foundation Hospital and Research,"Job Security, Skill Development, Salary",,4.2,627,1.2k,169,37,Healthcare | Mumbai +10 other locations,NA
1737,NetConnectGlobal,"Promotions, Job Security, Skill Development",,3.1,626,2.7k,33,151,IT Services & Consulting | Bengaluru +44 other locations,NA
1738,Manjushree Technopack,"Promotions, Company Culture, Work Satisfaction",,3.6,626,2.8k,48,13,Bengaluru +35 other locations,NA
1739,South Indian Bank,"Salary, Job Security","Work Satisfaction, Work Life Balance, Company Culture",3.3,625,3.1k,49,--,Banking | Bengaluru +85 other locations,NA
1740,SOLAR INDUSTRIES INDIA,Job Security,"Promotions, Company Culture, Work Satisfaction",3.6,624,3k,74,11,Defence & Aerospace | Nagpur +39 other locations,NA
1741,Varun Motors,"Job Security, Skill Development","Promotions, Salary",3.8,624,2.2k,24,1,Automobile | Hyderabad +42 other locations,NA
1742,IDBI Intech Limited,"Promotions, Salary, Company Culture",,3.2,624,3.1k,55,--,IT Services & Consulting | Mumbai +28 other locations,NA
1743,Annalect,Work Life Balance,"Promotions, Job Security, Skill Development",3.4,624,4.3k,83,--,Marketing & Advertising | Bengaluru +15 other locations,NA
1744,Tecnimont,"Job Security, Salary",Promotions,3.9,624,2.8k,43,77,Engineering & Construction | Mumbai +29 other locations,NA
1745,Crowne Plaza,"Job Security, Company Culture, Work Life Balance",,4.1,623,1.3k,23,--,Hospitality | New Delhi +36 other locations,NA
1746,Sapphire Foods India,Skill Development,,3.8,623,2k,37,30,Hospitality | Mumbai +66 other locations,NA
1747,Serum Institute of India,"Job Security, Salary, Work Life Balance",Promotions,4.1,622,3.3k,42,4,Biotechnology | Pune +26 other locations,NA
1748,Suma Soft,"Promotions, Salary, Work Satisfaction",,3.5,622,3.2k,52,19,IT Services & Consulting | Pune +11 other locations,NA
1749,Motilal Oswal Wealth Management,"Skill Development, Company Culture, Work Life Balance",,4.4,621,403,42,26,Financial Services | Mumbai +26 other locations,NA
1750,Maharashtra Seamless,Job Security,"Promotions, Company Culture, Salary",3.5,621,2.2k,63,2,Building Material | Mumbai +25 other locations,NA
1751,Karvy Stock Broking,"Promotions, Work Life Balance, Company Culture",,3.6,620,1.5k,9,--,Hyderabad +106 other locations,NA
1752,Sasken,"Promotions, Job Security, Work Satisfaction",,3.6,621,4.3k,93,39,IT Services & Consulting | Bengaluru +12 other locations,NA
1753,IRB Infrastructure,"Work Life Balance, Salary",Promotions,3.9,621,1.4k,29,27,Engineering & Construction | Mumbai +72 other locations,NA
1754,Medcode,Skill Development,,3.8,619,439,13,17,IT Services & Consulting | Hyderabad +10 other locations,NA
1755,Trigent Software,"Job Security, Promotions, Skill Development",,3.3,619,3.9k,80,--,IT Services & Consulting | Bengaluru +29 other locations,NA
1756,Pyramid IT Consulting,"Job Security, Promotions, Work Satisfaction",,3.1,618,2.8k,28,1,Recruitment | Noida +25 other locations,NA
1757,Emids Technologies Limited,"Job Security, Promotions, Work Satisfaction",,3.6,619,5.1k,49,16,IT Services & Consulting | Bengaluru +9 other locations,NA
1758,Blackrock,"Promotions, Work Satisfaction, Skill Development",,3.5,619,7.3k,120,1,Financial Services | Gurugram +18 other locations,NA
1759,Vedanta Limited,Salary,"Company Culture, Work Life Balance, Work Satisfaction",3.7,617,2.6k,57,5,Metals & Mining | Lanjigarh +54 other locations,NA
1760,Nucleus Software Exports,Job Security,"Promotions, Work Satisfaction, Work Life Balance",3.4,617,4.3k,47,27,Software Product | Noida +12 other locations,NA
1761,Hamilton Housewares,Promotions,,3.8,617,2.7k,41,5,Consumer Electronics & Appliances | Mumbai +54 other locations,NA
1762,Okaya Power,Promotions,,3.8,616,2.2k,42,16,Electrical Equipment | New Delhi +87 other locations,NA
1763,CSM Technologies,"Work Life Balance, Job Security",,4.0,618,2.1k,35,17,IT Services & Consulting | Bhubaneswar +22 other locations,NA
1764,Aster Dm Healthcare,"Promotions, Salary, Company Culture",,3.7,617,3k,58,208,Healthcare | Bengaluru +39 other locations,NA
1765,Super Smelters,Skill Development,"Promotions, Salary",3.7,615,2.1k,42,3,Iron & Steel | Asansol +24 other locations,NA
1766,Central Reserve Police Force,"Job Security, Salary, Company Culture",,4.6,615,1.3k,9,--,Government | New Delhi +95 other locations,NA
1767,Royaloak Incorporation,"Company Culture, Job Security, Promotions",,3.6,615,1.6k,41,11,Furniture & Furnishing | Bengaluru +47 other locations,NA
1768,Action Tesa,"Job Security, Skill Development",Promotions,3.9,615,1.4k,111,5,Building Material | Sitarganj +62 other locations,NA
1769,Myk Laticrete,"Salary, Skill Development",Promotions,3.9,615,2.2k,26,4,Building Material | Hyderabad +88 other locations,NA
1770,HDFC Asset Management Company,"Job Security, Work Life Balance, Skill Development",Promotions,4.1,614,2.5k,46,--,Financial Services | Mumbai +140 other locations,NA
1771,Renovision Automation Services,"Promotions, Salary, Company Culture",,3.3,614,1.9k,26,22,IT Services & Consulting | New Delhi +71 other locations,NA
1772,Kajaria Ceramics,"Work Life Balance, Salary","Promotions, Skill Development",3.9,614,2.1k,32,--,Building Material | New Delhi +84 other locations,NA
1773,Schwing Stetter,Job Security,Promotions,3.9,615,2.6k,46,89,Industrial Machinery | Chennai +44 other locations,NA
1774,Shivam Autotech,Skill Development,"Promotions, Salary",3.6,613,2.3k,37,4,Auto Components | Gurugram +21 other locations,NA
1775,Finastra,Work Life Balance,"Promotions, Work Satisfaction, Job Security",3.7,613,4.6k,61,35,Software Product | Bengaluru +13 other locations,NA
1776,Einfochips,"Promotions, Salary, Work Satisfaction",,3.5,613,3.8k,77,156,IT Services & Consulting | Ahmedabad +13 other locations,NA
1777,Sapiens,"Promotions, Skill Development, Work Satisfaction",,3.1,613,5.5k,67,3,Software Product | Bengaluru +8 other locations,NA
1778,EaseMyTrip.com,"Work Life Balance, Company Culture, Work Satisfaction",,4.1,613,1.4k,70,67,Internet | New Delhi +10 other locations,NA
1779,Hitachi Systems Micro Clinic,"Work Life Balance, Job Security, Company Culture",Promotions,4.0,612,2.7k,32,--,IT Services & Consulting | Mumbai +78 other locations,NA
1780,Sintex Industries,"Job Security, Company Culture, Work Life Balance",Promotions,3.9,612,2k,25,13,Industrial Machinery | Ahmedabad +58 other locations,NA
1781,Dr. Batras' Positive Health Clinic,"Promotions, Salary",,3.8,612,1.1k,23,16,Healthcare | Mumbai +88 other locations,NA
1782,Becton Dickinson,"Company Culture, Work Life Balance, Job Security",Promotions,4.0,612,3.5k,37,77,Medical Equipment | Bengaluru +38 other locations,NA
1783,Vyapar,"Job Security, Promotions, Work Life Balance",,3.7,613,2.3k,79,134,Software Product | Bengaluru +40 other locations,NA
1784,Cashify,Work Life Balance,Promotions,3.8,611,2.7k,51,7,Internet | Gurugram +58 other locations,NA
1785,ThoughtWorks,"Work Life Balance, Company Culture, Skill Development",Promotions,3.9,611,7k,176,11,IT Services & Consulting | Bengaluru +11 other locations,NA
1786,Fiem Industries,Salary,"Job Security, Company Culture, Work Life Balance",3.7,611,2.7k,29,11,Auto Components | Hosur +29 other locations,NA
1787,Avaada Group,"Work Life Balance, Job Security, Salary",,4.3,611,2.2k,63,42,Power | Noida +69 other locations,NA
1788,Agrostar,"Company Culture, Skill Development, Salary",Job Security,4.0,610,1.5k,63,12,Internet | Pune +52 other locations,NA
1789,Mavenir Systems,"Promotions, Job Security, Company Culture",,3.3,610,3.6k,63,6,IT Services & Consulting | Bengaluru +19 other locations,NA
1790,Kirloskar Ferrous Industries,Job Security,"Promotions, Salary, Work Satisfaction",3.7,610,2.2k,33,2,Iron & Steel | Koppal +22 other locations,NA
1791,Family Health Plan,"Promotions, Salary, Skill Development",,3.7,610,2k,45,7,Insurance | Hyderabad +36 other locations,NA
1792,Gestamp,"Promotions, Company Culture, Work Satisfaction",,3.6,609,2.1k,23,--,Auto Components | Pune +14 other locations,NA
1793,Sudarshan Chemical Industries,Skill Development,Promotions,3.9,608,2.7k,35,16,Chemicals | Roha +25 other locations,NA
1794,Nspira Management Services,"Promotions, Work Satisfaction, Skill Development",,3.7,608,2.5k,38,22,Management Consulting | Hyderabad +59 other locations,NA
1795,Godrej Industries,"Job Security, Work Life Balance, Company Culture",Promotions,4.0,608,2.9k,60,112,Real Estate | Mumbai +68 other locations,NA
1796,AML RightSource,"Job Security, Company Culture, Work Satisfaction",,2.6,611,3.5k,61,35,IT Services & Consulting | New Delhi +9 other locations,NA
1797,Infinity Learn,"Salary, Company Culture, Work Life Balance",,4.2,608,2.1k,102,71,EdTech | Hyderabad +18 other locations,NA
1798,BMC Software,"Company Culture, Work Life Balance, Salary","Promotions, Job Security",4.0,607,3.9k,52,43,Software Product | Pune +10 other locations,NA
1799,Ongc Petro Additions,"Job Security, Work Life Balance, Company Culture",,4.0,608,3.3k,35,--,Petrochemicals | Bharuch +29 other locations,NA
1800,BT E Serv,"Work Life Balance, Company Culture, Job Security",Promotions,3.9,607,2.7k,54,--,BPO | Kolkata +6 other locations,NA
1801,Finolex Industries,Work Life Balance,"Promotions, Skill Development, Work Satisfaction",3.7,608,2.4k,48,--,Building Material | Pune +71 other locations,NA
1802,ITC Limited Foods Division,Job Security,"Promotions, Salary",3.9,606,2k,76,--,Food Processing | Bengaluru +74 other locations,NA
1803,Netmeds.com,"Work Life Balance, Salary","Promotions, Job Security",3.9,606,2.3k,49,--,Pharma | Chennai +125 other locations,NA
1804,Holiday Inn,"Job Security, Skill Development",,4.0,606,1.4k,18,2,Hospitality | New Delhi +61 other locations,NA
1805,Mrs Bector's Food Specialities,"Promotions, Company Culture",,3.8,606,1.9k,31,14,Food Processing | Greater Noida +88 other locations,NA
1806,Cyfuture,"Promotions, Salary, Company Culture",,3.0,606,2.7k,108,20,IT Services & Consulting | Noida +37 other locations,NA
1807,CSG International,"Promotions, Skill Development, Job Security",,3.4,605,4.3k,60,18,IT Services & Consulting | Bengaluru +13 other locations,NA
1808,Royal Caribbean International,"Salary, Company Culture, Skill Development",,4.2,605,715,32,1,Sports & Recreation | Mumbai +26 other locations,NA
1809,Hpl Electric & Power,Work Life Balance,"Promotions, Skill Development, Salary",3.7,605,2.2k,69,8,Electrical Equipment | Gurugram +70 other locations,NA
1810,Jain Irrigation Systems,"Promotions, Salary, Work Satisfaction",,3.6,604,1.9k,32,--,Agriculture | Jalgaon +89 other locations,NA
1811,MothersonSumi INfotech & Designs,Job Security,"Promotions, Skill Development, Salary",3.4,604,3.6k,37,13,IT Services & Consulting | Noida +18 other locations,NA
1812,Varindera Constructions,"Salary, Company Culture, Work Satisfaction",,4.4,604,1.4k,51,11,Engineering & Construction | New Delhi +27 other locations,NA
1813,Rocket India,"Job Security, Company Culture, Work Life Balance","Promotions, Salary",4.0,604,3.6k,114,31,Financial Services | Chennai +11 other locations,NA
1814,Grab A Grub Services,Work Life Balance,"Promotions, Job Security",3.9,604,1.9k,36,--,Logistics | Mumbai +115 other locations,NA
1815,HashedIn by Deloitte,"Job Security, Company Culture, Skill Development",Promotions,3.8,602,5.8k,146,3,IT Services & Consulting | Bengaluru +16 other locations,NA
1816,Jayaswal Neco Industries,"Job Security, Work Life Balance, Skill Development",,4.1,602,2.1k,37,12,Iron & Steel | Raipur +31 other locations,NA
1817,Carnival Cruise Lines,"Company Culture, Job Security, Work Life Balance",,4.2,602,682,23,--,Sports & Recreation | Mumbai +31 other locations,NA
1818,Sterling Oil Exploration & Energy Production,"Promotions, Work Life Balance, Job Security",,3.5,603,1.3k,70,--,Oil & Gas | Lagos +23 other locations,NA
1819,Dhani Services,"Job Security, Promotions, Company Culture",,3.7,601,1.2k,22,--,Mumbai +80 other locations,NA
1820,Bharat Biotech International,"Promotions, Company Culture, Work Satisfaction",,3.1,601,2.3k,64,9,Biotechnology | Hyderabad +29 other locations,NA
1821,DHL Global Forwarding,"Company Culture, Work Life Balance, Job Security",Promotions,3.9,601,3.1k,39,--,Logistics | Chennai +21 other locations,NA
1822,Toyoda Gosei Minda,"Job Security, Company Culture, Work Life Balance",,4.2,601,1.8k,33,--,Auto Components | Neemrana +24 other locations,NA
1823,Polaris Consulting,"Work Life Balance, Job Security, Skill Development",,4.2,601,2.7k,33,1,IT Services & Consulting | Hyderabad +18 other locations,NA
1824,Blackberrys,"Job Security, Promotions",,3.7,601,1.8k,33,6,Fashion & Textile | Gurugram +93 other locations,NA
1825,Anmol Industries,Work Life Balance,Promotions,3.9,601,1.8k,65,--,FMCG | Kolkata +88 other locations,NA
1826,VDA Infosolutions,"Work Life Balance, Job Security",Promotions,3.8,600,1.9k,55,2,IT Services & Consulting | Pune +34 other locations,NA
1827,IKEA,"Work Life Balance, Company Culture, Salary",Promotions,4.0,601,2.2k,50,--,Retail | Bengaluru +24 other locations,NA
1828,Heidelberg Cement,"Work Life Balance, Job Security, Company Culture",Promotions,4.0,600,1.9k,36,1,Building Material | Damoh +79 other locations,NA
1829,Jubilant Agri and Consumer Products,"Salary, Work Life Balance, Job Security",Promotions,3.9,599,1.9k,38,--,Chemicals | Gurugram +114 other locations,NA
1830,Eli Lilly and Company,"Promotions, Work Satisfaction, Company Culture",,3.3,597,4.8k,82,6,Pharma | Bengaluru +19 other locations,NA
1831,APL Apollo Tubes,"Work Life Balance, Work Satisfaction, Job Security",,4.1,597,2k,54,8,Iron & Steel | Raipur +48 other locations,NA
1832,Ofbusiness,"Job Security, Work Life Balance, Company Culture",,3.0,598,2.6k,51,76,Internet | Gurugram +42 other locations,NA
1833,Vedang Cellular Services,Salary,"Job Security, Promotions",3.8,596,1.7k,30,12,Telecom | Mumbai +69 other locations,NA
1834,Lulu International Shopping Mall,"Promotions, Salary",,3.7,595,2.5k,43,2,Retail | Bengaluru +42 other locations,NA
1835,Consulting Engineers Group,"Work Life Balance, Company Culture, Work Satisfaction",Promotions,4.0,594,1.7k,48,--,Engineering & Construction | Jaipur +71 other locations,NA
1836,United Colors of Benetton,"Company Culture, Work Life Balance, Skill Development",,4.4,594,1.4k,24,4,Fashion & Textile | Gurugram +74 other locations,NA
1837,Ugam Solution,Job Security,"Promotions, Salary, Work Satisfaction",3.6,594,3.5k,51,--,IT Services & Consulting | Mumbai +14 other locations,NA
1838,Columbia Asia,"Company Culture, Skill Development, Work Life Balance",,4.6,594,1.4k,19,--,Healthcare | Bengaluru +18 other locations,NA
1839,EdgeVerve Systems,Job Security,"Promotions, Salary, Work Satisfaction",3.2,594,4.2k,68,25,Software Product | Bengaluru +15 other locations,NA
1840,Medley Pharmaceuticals,Work Life Balance,"Promotions, Skill Development, Salary",3.9,593,1.8k,38,20,Pharma | Mumbai +76 other locations,NA
1841,SIS Prosegur Holdings,"Promotions, Salary, Work Satisfaction",,3.4,593,1.5k,20,6,Law Enforcement & Security | New Delhi +94 other locations,NA
1842,Maxicus,"Company Culture, Work Life Balance, Job Security",,4.0,593,716,135,--,BPO | Vadodara +15 other locations,NA
1843,DealShare,"Job Security, Company Culture, Promotions",,3.5,593,2.6k,42,--,Internet | Bengaluru +43 other locations,NA
1844,The Saraswat Co-operative Bank,"Promotions, Salary, Work Satisfaction",,3.2,592,3k,28,5,Banking | Mumbai +35 other locations,NA
1845,Bridge & Roof Co,"Promotions, Company Culture, Work Life Balance",,3.4,592,2.5k,27,--,Engineering & Construction | Kolkata +64 other locations,NA
1846,Sanghi Industries,"Skill Development, Work Life Balance, Work Satisfaction",Promotions,4.0,592,2.2k,77,--,Building Material | Ahmedabad +29 other locations,NA
1847,Perficient,"Job Security, Promotions",,3.7,593,4.5k,48,21,IT Services & Consulting | Chennai +11 other locations,NA
1848,Pathkind Diagnostics Private Limited,"Skill Development, Company Culture, Work Life Balance",Promotions,3.9,592,1.8k,54,14,Healthcare | New Delhi +98 other locations,NA
1849,ShareChat,Salary,"Job Security, Promotions",3.6,591,2.6k,87,10,Internet | Bengaluru +39 other locations,NA
1850,Inspira Enterprise India Limited,"Promotions, Company Culture, Work Satisfaction",,3.6,592,3.5k,51,3,IT Services & Consulting | Mumbai +35 other locations,NA
1851,IDP Education Limited,"Promotions, Job Security, Work Satisfaction",,3.6,591,2.5k,69,7,Education & Training | Chennai +50 other locations,NA
1852,Excitel Broadband,"Promotions, Job Security, Work Satisfaction",,3.6,591,2k,58,3,Telecom | New Delhi +43 other locations,NA
1853,Accion Labs,"Promotions, Job Security, Work Satisfaction",,3.5,591,4.8k,83,45,IT Services & Consulting | Bengaluru +13 other locations,NA
1854,Vadilal Industries,"Job Security, Work Life Balance, Company Culture",,4.1,590,1.7k,38,9,FMCG | Ahmedabad +84 other locations,NA
1855,HLL Lifecare,"Promotions, Salary, Job Security",,3.8,590,1.8k,45,--,Healthcare | Thiruvananthapuram +113 other locations,NA
1856,Orra Fine Jewellery,Salary,"Company Culture, Work Satisfaction, Job Security",3.5,588,1.7k,51,24,Jewellery | Mumbai +51 other locations,NA
1857,Affinity Express,"Promotions, Work Satisfaction, Company Culture",,2.8,587,2.4k,39,3,Marketing & Advertising | Pune +12 other locations,NA
1858,Cvent,"Promotions, Work Satisfaction, Salary",,3.2,587,4.8k,102,69,Software Product | Gurugram +9 other locations,NA
1859,Kellogg,"Company Culture, Work Life Balance, Job Security",Promotions,4.2,587,2.2k,31,4,FMCG | Mumbai +84 other locations,NA
1860,Saudi Aramco,"Work Life Balance, Salary, Company Culture",,4.5,587,1.4k,61,--,Oil & Gas | Mumbai +38 other locations,NA
1861,C5i,"Work Life Balance, Company Culture, Job Security",,4.2,586,2.9k,54,24,Analytics & KPO | Bengaluru +16 other locations,NA
1862,Aurionpro Solutions,"Promotions, Skill Development, Company Culture",,3.5,589,3.6k,39,16,Software Product | Mumbai +49 other locations,NA
1863,Hettich,"Promotions, Work Satisfaction, Company Culture",,3.6,586,2.4k,44,15,Furniture & Furnishing | Mumbai +45 other locations,NA
1864,Ascent HR Technologies Private Limited,"Promotions, Salary, Company Culture",,3.6,586,1.8k,46,--,Software Product | Bengaluru +15 other locations,NA
1865,NLC India Limited,"Work Life Balance, Job Security, Work Satisfaction",,4.4,586,1.2k,29,--,Metals & Mining | Neyveli +27 other locations,NA
1866,FNP,"Promotions, Job Security",,3.7,586,2.5k,72,13,Retail | New Delhi +19 other locations,NA
1867,AVTEC,"Promotions, Job Security, Salary",,3.5,585,2.1k,26,17,Auto Components | Hosur +27 other locations,NA
1868,BAXY Limited,"Work Life Balance, Work Satisfaction, Job Security",,4.1,586,2k,31,--,Auto Components | Bhiwadi +37 other locations,NA
1869,Expleo Group,"Promotions, Job Security, Salary",,3.5,585,5.7k,49,67,IT Services & Consulting | Pune +10 other locations,NA
1870,Maharashtra State Electricity Distribution Company,"Company Culture, Skill Development, Work Life Balance",Promotions,4.2,584,1.2k,24,--,Power | Pune +91 other locations,NA
1871,Jindal Poly Films,"Promotions, Job Security, Company Culture",,3.7,584,2.4k,39,--,Packaging | Nashik +18 other locations,NA
1872,Coal India,"Job Security, Salary, Work Life Balance",,3.9,584,1.9k,52,--,Metals & Mining | Kolkata +60 other locations,NA
1873,Apitoria Pharma,"Work Life Balance, Job Security, Company Culture",,4.3,584,851,39,7,Pharma | Hyderabad +12 other locations,NA
1874,Efs Facilities Services,"Promotions, Salary",,3.8,583,1.4k,37,7,Facility Management Services | New Delhi +60 other locations,NA
1875,Pamac Finserve,"Promotions, Salary, Work Life Balance",,3.2,583,1.7k,32,--,BPO | Mumbai +60 other locations,NA
1876,Gandhi Automations,"Salary, Job Security, Promotions",,4.0,582,1.3k,41,2,Industrial Machinery | Mumbai +24 other locations,NA
1877,Army Public School,"Skill Development, Salary, Work Life Balance","Job Security, Promotions",4.0,582,1.2k,42,--,Education & Training | New Delhi +97 other locations,NA
1878,Colt Technology Services,"Company Culture, Work Life Balance, Work Satisfaction",,4.2,582,3.3k,25,12,Hardware & Networking | Gurugram +13 other locations,NA
1879,HUDL,"Promotions, Skill Development, Job Security",,3.2,582,2k,62,1,Software Product | Mumbai +16 other locations,NA
1880,Alcon,"Salary, Work Life Balance",Promotions,3.8,581,2.9k,44,10,Medical Equipment | Bengaluru +38 other locations,NA
1881,Kauvery Hospital,"Company Culture, Job Security, Skill Development",Promotions,4.0,581,2.2k,37,13,Healthcare | Chennai +20 other locations,NA
1882,Dr. Reddy's Foundation,Promotions,,3.7,580,1.7k,56,33,Non-Profit | Hyderabad +88 other locations,NA
1883,PTC,"Work Life Balance, Company Culture, Job Security",,4.2,580,3.9k,69,196,Software Product | Pune +39 other locations,NA
1884,Jubilant Generics,Salary,"Promotions, Job Security",3.9,580,2.3k,20,--,Pharma | Roorkee +24 other locations,NA
1885,Hilton,"Company Culture, Job Security, Skill Development",,4.1,580,1.5k,28,265,Hospitality | Bengaluru +41 other locations,NA
1886,Capital Numbers Infotech,"Work Life Balance, Company Culture, Work Satisfaction",,4.1,580,1.2k,47,6,IT Services & Consulting | Kolkata +9 other locations,NA
1887,Axiscades,"Promotions, Salary, Company Culture",,3.1,579,3.8k,65,3,IT Services & Consulting | Bengaluru +13 other locations,NA
1888,Iron Mountain Inc,"Promotions, Job Security, Skill Development",,3.7,580,3.1k,33,116,IT Services & Consulting | Bengaluru +49 other locations,NA
1889,Allianz Services,"Job Security, Company Culture, Work Life Balance","Salary, Promotions",4.1,580,2.4k,33,9,Insurance | Thiruvananthapuram +13 other locations,NA
1890,BEML,Job Security,"Promotions, Company Culture, Salary",3.7,579,1.7k,29,--,Industrial Machinery | Bengaluru +36 other locations,NA
1891,Damco Solutions,"Promotions, Skill Development, Work Satisfaction",,3.5,579,2.2k,44,14,IT Services & Consulting | Noida +22 other locations,NA
1892,Quest Retail Private Limited,"Company Culture, Work Life Balance, Job Security",,4.0,577,930,15,2,Retail | Gurugram +64 other locations,NA
1893,Fenesta Building Systems,"Job Security, Company Culture, Work Life Balance",Promotions,4.0,577,2k,40,19,Building Material | Gurugram +74 other locations,NA
1894,PureSoftware,"Job Security, Promotions, Skill Development",,2.9,578,3.6k,68,40,Software Product | Noida +10 other locations,NA
1895,Country Delight,Salary,Promotions,3.9,579,2.4k,43,6,Food Processing | Gurugram +36 other locations,NA
1896,PayU Payments,"Promotions, Job Security, Work Satisfaction",,3.3,576,4.3k,68,142,FinTech | Gurugram +22 other locations,NA
1897,Crystal Crop Protection,Work Life Balance,Promotions,3.9,576,1.8k,25,2,Agro Chemicals | New Delhi +89 other locations,NA
1898,Prochant,Work Life Balance,,3.8,576,2.4k,69,39,Analytics & KPO | Chennai +9 other locations,NA
1899,GAMMON INDIA,"Company Culture, Work Satisfaction, Skill Development",Promotions,3.7,576,1.1k,31,--,Engineering & Construction | Mumbai +72 other locations,NA
1900,Icl Fincorp,"Company Culture, Work Life Balance, Work Satisfaction",,4.7,575,624,143,5,NBFC | Thrissur +64 other locations,NA
1901,Ambit Finvest,"Salary, Company Culture, Work Life Balance",,4.0,573,1.9k,28,7,NBFC | Mumbai +117 other locations,NA
1902,Maxop Engineering Co.,"Salary, Work Life Balance, Work Satisfaction",,4.1,574,2.3k,49,3,Auto Components | Gurugram +17 other locations,NA
1903,Applied Materials,"Promotions, Work Satisfaction, Skill Development",,3.7,573,4.9k,90,107,Semiconductors | Bengaluru +11 other locations,NA
1904,Jaipur Rugs,"Company Culture, Skill Development, Work Life Balance",,4.3,574,851,64,1,Fashion & Textile | Jaipur +20 other locations,NA
1905,Wood Group,"Work Life Balance, Salary",Promotions,3.8,573,2.8k,68,60,Engineering & Construction | Chennai +29 other locations,NA
1906,WayCool Foods and Products,"Job Security, Promotions, Company Culture",,3.4,573,2.8k,42,--,FMCG | Chennai +42 other locations,NA
1907,AVIOM,"Work Life Balance, Salary, Work Satisfaction",,4.0,572,1.2k,31,1,NBFC | New Delhi +188 other locations,NA
1908,Matrimonialsindia,"Company Culture, Work Life Balance, Work Satisfaction",,4.9,573,117,13,--,Internet | New Delhi +1 other locations,NA
1909,McCain Foods,"Salary, Work Life Balance, Company Culture",Promotions,4.0,572,1.7k,37,4,FMCG | Mahesana +73 other locations,NA
1910,Pinnacle Infotech,Job Security,"Company Culture, Work Life Balance, Work Satisfaction",3.4,572,2.8k,61,21,IT Services & Consulting | Durgapur +19 other locations,NA
1911,HBL Power Systems,Work Life Balance,"Promotions, Salary",4.0,571,2.2k,33,7,Electrical Equipment | Hyderabad +49 other locations,NA
1912,Genesys International Corporation,"Promotions, Salary, Company Culture",,3.2,572,2.4k,21,4,IT Services & Consulting | Mumbai +15 other locations,NA
1913,J K Fenner,Promotions,,3.9,571,2k,36,--,Engineering & Construction | Chennai +56 other locations,NA
1914,TSYS|Total System Services,"Work Life Balance, Company Culture, Salary",,4.1,570,4.2k,68,1,FinTech | Pune +11 other locations,NA
1915,ArcelorMittal,"Work Life Balance, Job Security, Salary",Promotions,4.0,571,3.2k,43,25,Iron & Steel | Surat +50 other locations,NA
1916,Empower,"Job Security, Company Culture, Work Life Balance",Promotions,4.0,570,4.2k,60,37,Financial Services | Bengaluru +12 other locations,NA
1917,Laxmi Organic Industries,Promotions,,3.8,570,2.1k,45,13,Chemicals | Mahad +20 other locations,NA
1918,Toyota Industries Engine India,"Company Culture, Work Life Balance, Job Security",Promotions,4.3,569,1.5k,31,--,Auto Components | Bengaluru +15 other locations,NA
1919,Andritz Hydro Location India,Job Security,Promotions,3.8,569,2.8k,34,8,Industrial Machinery | Chennai +28 other locations,NA
1920,Voyants Solutions,"Promotions, Job Security, Skill Development",,3.7,569,1.7k,58,211,Engineering & Construction | Gurugram +96 other locations,NA
1921,Paramount Health Services Tpa,Work Life Balance,"Promotions, Salary",3.8,570,2.3k,35,21,Insurance | Mumbai +40 other locations,NA
1922,QSpiders,"Promotions, Salary, Job Security",,3.7,569,1.8k,98,--,Education & Training | Bengaluru +26 other locations,NA
1923,Lear Corporation,"Work Life Balance, Company Culture, Job Security",Promotions,4.0,568,2.9k,25,11,Auto Components | Pune +19 other locations,NA
1924,Paras Dairy,"Job Security, Promotions, Company Culture",,3.5,568,1.6k,31,6,Food Processing | New Delhi +60 other locations,NA
1925,SAEL Industries Limited,"Work Life Balance, Salary",Promotions,3.9,568,2k,50,34,Power | New Delhi +65 other locations,NA
1926,Dishman Carbogen Amcis,Work Life Balance,"Promotions, Job Security, Company Culture",3.6,569,2.2k,37,49,Pharma | Ahmedabad +15 other locations,NA
1927,AVEVA,"Work Life Balance, Company Culture",Promotions,4.0,568,1.9k,31,35,Software Product | Hyderabad +14 other locations,NA
1928,Transport Corporation Of India,Job Security,"Company Culture, Promotions, Salary",3.8,567,1.9k,38,--,Logistics | Gurugram +83 other locations,NA
1929,Baker Hughes,"Work Life Balance, Company Culture, Salary",Promotions,4.0,568,4.1k,65,88,Oil & Gas | Bengaluru +38 other locations,NA
1930,"DATAMARK, Inc.","Promotions, Salary, Work Satisfaction",,3.4,567,1.7k,34,40,BPO | Chennai +13 other locations,NA
1931,Amway India Enterprises,"Work Life Balance, Company Culture, Salary",Promotions,4.1,567,2.1k,19,13,Fitness & Wellness | Gurugram +80 other locations,NA
1932,Congruex Asia Pacific,"Company Culture, Work Life Balance","Promotions, Skill Development, Salary",3.7,567,2.3k,68,4,Engineering & Construction | Sahibzada Ajit Singh Nagar +24 other locations,NA
1933,Micromax Informatics,Work Life Balance,"Promotions, Job Security",3.9,566,1.3k,23,--,Consumer Electronics & Appliances | New Delhi +118 other locations,NA
1934,SoftAge Information Technology,"Promotions, Job Security",,3.6,566,945,23,12,IT Services & Consulting | Gurugram +127 other locations,NA
1935,BUSINESSNEXT,"Work Satisfaction, Promotions, Skill Development",,3.5,565,3.9k,76,4,Software Product | Noida +9 other locations,NA
1936,Prestige Group,"Work Life Balance, Job Security, Company Culture",,4.2,567,2.6k,50,14,Real Estate | Bengaluru +31 other locations,NA
1937,DB Schenker,"Work Life Balance, Company Culture, Work Satisfaction",Promotions,4.3,565,2.3k,26,--,Logistics | Gurugram +40 other locations,NA
1938,UTL Solar,"Promotions, Company Culture, Job Security",,3.6,564,1.8k,62,49,Electronics Manufacturing | New Delhi +80 other locations,NA
1939,Levi Strauss & Co.,"Company Culture, Work Life Balance, Work Satisfaction",,4.2,564,2k,33,17,Fashion & Textile | Bengaluru +80 other locations,NA
1940,Magma General Insurance Limited,Promotions,,3.8,564,2.3k,41,34,Insurance | Mumbai +87 other locations,NA
1941,Vishwa Samudra Engineering,"Promotions, Job Security, Company Culture",,3.6,563,1.6k,37,7,Engineering & Construction | Hyderabad +45 other locations,NA
1942,Western Refrigeration,"Job Security, Salary","Company Culture, Promotions",3.8,562,2.3k,41,40,Industrial Machinery | Vapi +43 other locations,NA
1943,Premier Energies,"Company Culture, Work Life Balance, Job Security",Promotions,4.0,562,2k,48,14,Electronics Manufacturing | Hyderabad +26 other locations,NA
1944,Titan Engineering & Automation,"Job Security, Skill Development","Promotions, Work Life Balance",3.8,562,3.3k,37,13,Engineering & Construction | Hosur +18 other locations,NA
1945,MR.DIY,"Company Culture, Work Life Balance, Work Satisfaction",,3.4,562,1.4k,51,5,Retail | Mumbai +86 other locations,NA
1946,Marelli,"Promotions, Skill Development, Company Culture",,3.5,562,2.8k,46,--,Auto Components | Gurugram +18 other locations,NA
1947,United Spirits,"Skill Development, Salary, Company Culture","Promotions, Job Security",4.1,560,1.5k,15,9,Beverage | Bengaluru +95 other locations,NA
1948,MITS Global Consulting,"Company Culture, Work Life Balance, Salary",,4.5,560,922,43,--,Recruitment | Mumbai +12 other locations,NA
1949,Mahendra NextWealth IT,"Promotions, Salary, Company Culture",,3.4,559,1.9k,26,6,IT Services & Consulting | Salem +26 other locations,NA
1950,Sandoz,"Work Life Balance, Salary, Company Culture",Promotions,4.0,559,2.5k,26,6,Pharma | Hyderabad +21 other locations,NA
1951,Unified Mentor,"Work Life Balance, Skill Development, Work Satisfaction",Salary,4.1,558,404,128,4,IT Services & Consulting | Bengaluru +45 other locations,NA
1952,Navin Fluorine International,"Job Security, Salary","Promotions, Work Satisfaction, Skill Development",3.8,558,2.7k,30,3,Chemicals | Surat +17 other locations,NA
1953,Artemis Hospitals,"Work Life Balance, Skill Development, Work Satisfaction",Promotions,4.1,558,1.5k,20,9,Healthcare | Gurugram +20 other locations,NA
1954,LendingKart,"Promotions, Job Security, Skill Development",,3.6,559,2.6k,39,16,NBFC | Ahmedabad +46 other locations,NA
1955,Toothsi,"Job Security, Promotions, Company Culture",,2.7,559,2.2k,67,--,Internet | Mumbai +20 other locations,NA
1956,Renault,"Work Life Balance, Company Culture, Work Satisfaction",Promotions,3.9,558,1.9k,33,--,Automobile | Chennai +148 other locations,NA
1957,NAV Backoffice,"Salary, Promotions",,3.8,558,2.5k,37,1,Accounting & Auditing | Jaipur +10 other locations,NA
1958,Harman Finochem,"Company Culture, Promotions, Job Security",,3.6,559,2.8k,44,21,Pharma | Chhatrapati Sambhajinagar +14 other locations,NA
1959,Datamatics Business Solutions,"Promotions, Salary, Work Satisfaction",,3.3,558,2.6k,47,20,Management Consulting | Mumbai +13 other locations,NA
1960,Solara Active Pharma Sciences,"Promotions, Company Culture",,3.7,558,2.8k,45,2,Pharma | Chennai +19 other locations,NA
1961,Bajaj Consumer Care,"Company Culture, Work Life Balance",Promotions,3.8,558,1.4k,34,4,FMCG | Mumbai +112 other locations,NA
1962,Carlsberg,"Salary, Company Culture, Job Security",Promotions,4.0,556,1.8k,39,15,Beverage | Gurugram +68 other locations,NA
1963,The Times of India,"Promotions, Salary, Work Satisfaction",,3.6,555,2.9k,45,--,Media & Entertainment | New Delhi +53 other locations,NA
1964,Kirloskar Pneumatic,"Job Security, Company Culture, Work Life Balance",Promotions,4.0,554,2.6k,39,--,Industrial Machinery | Pune +22 other locations,NA
1965,Courtyard by Marriott,"Job Security, Company Culture, Skill Development",,4.2,555,1.1k,25,--,Hospitality | Mumbai +41 other locations,NA
1966,Innominds Software,"Promotions, Job Security, Company Culture",,3.2,555,4.7k,49,62,IT Services & Consulting | Hyderabad +7 other locations,NA
1967,FiveS Digital,"Salary, Promotions, Job Security",,3.3,554,1.5k,57,12,BPO | Jamshedpur +27 other locations,NA
1968,WPP Media,Job Security,"Promotions, Salary, Work Satisfaction",3.6,553,4.1k,43,5,Marketing & Advertising | Gurugram +27 other locations,NA
1969,Herbalife International,"Work Life Balance, Company Culture, Salary",,4.0,553,2.6k,30,10,Healthcare | Bengaluru +85 other locations,NA
1970,Z X Learning,"Company Culture, Work Life Balance, Work Satisfaction",,4.3,553,359,44,--,EdTech | Lucknow +89 other locations,NA
1971,Bharat Fritz Werner,Skill Development,"Promotions, Salary",3.9,552,2.4k,33,9,Industrial Machinery | Bengaluru +18 other locations,NA
1972,Practo,"Job Security, Promotions, Work Life Balance",,2.9,552,3k,83,37,Internet | Bengaluru +24 other locations,NA
1973,L & W Constructions,"Salary, Skill Development",Promotions,3.9,552,1.9k,28,3,Engineering & Construction | Bengaluru +19 other locations,NA
1974,Hitachi Cash Management Services,"Promotions, Company Culture, Work Life Balance",,3.2,553,1.3k,42,7,Other | Mumbai +103 other locations,NA
1975,GSPANN Technologies,"Company Culture, Work Life Balance, Work Satisfaction",,4.1,551,3.6k,49,71,IT Services & Consulting | Hyderabad +9 other locations,NA
1976,Kellogg Brown and Root,"Company Culture, Work Life Balance, Work Satisfaction",Promotions,4.1,551,2.3k,41,51,Engineering & Construction | Chennai +36 other locations,NA
1977,Adani Cement,"Job Security, Promotions, Company Culture",,3.5,552,2.1k,58,--,Building Material | Ahmedabad +146 other locations,NA
1978,Enco Engineers Combine,"Promotions, Job Security, Company Culture",,3.6,551,1.6k,36,--,Auto Components | Gurugram +17 other locations,NA
1979,Virtual Employee,"Promotions, Job Security, Skill Development",,3.3,551,3.1k,51,--,Recruitment | Noida +22 other locations,NA
1980,BLK Super Speciality Hospital,"Skill Development, Company Culture, Job Security",Promotions,3.9,551,1.5k,35,--,Healthcare | New Delhi +16 other locations,NA
1981,Propertypistol Realty,Salary,"Job Security, Promotions",3.8,550,2k,80,34,Internet | Mumbai +25 other locations,NA
1982,Unimoni,"Company Culture, Work Life Balance, Skill Development",Promotions,3.8,551,2k,18,1,FinTech | Chennai +136 other locations,NA
1983,Indecomm Global Services,"Job Security, Work Life Balance, Company Culture",,4.1,550,2.6k,29,--,IT Services & Consulting | Bengaluru +13 other locations,NA
1984,Craftsman Automation,Salary,"Company Culture, Promotions, Work Life Balance",3.8,550,2.4k,24,--,Auto Components | Coimbatore +26 other locations,NA
1985,IKF Finance,"Work Life Balance, Salary, Company Culture",,3.9,550,1.4k,28,10,NBFC | Hyderabad +132 other locations,NA
1986,Haldiram Snacks,Promotions,,3.9,550,1.8k,23,22,Food Processing | Noida +69 other locations,NA
1987,AM Infoweb,"Skill Development, Salary",,3.8,550,1.4k,87,35,BPO | Pune +8 other locations,NA
1988,My Home Constructions,"Job Security, Work Life Balance, Company Culture",,4.3,549,2.2k,35,11,Real Estate | Hyderabad +19 other locations,NA
1989,RAK Ceramics,"Promotions, Work Satisfaction",,3.7,548,1.7k,34,11,Building Material | Kakinada +63 other locations,NA
1990,Macawber Beekay,"Job Security, Work Life Balance, Work Satisfaction",,4.2,548,1.7k,25,18,Industrial Machinery | Noida +56 other locations,NA
1991,Inox Wind,Job Security,"Promotions, Salary, Company Culture",3.7,547,1.7k,49,4,Power | Noida +41 other locations,NA
1992,Allianz Partners,"Job Security, Work Life Balance","Promotions, Skill Development, Salary",3.7,547,2.7k,39,--,Insurance | Gurugram +19 other locations,NA
1993,Utility Powertech,Work Life Balance,"Job Security, Promotions, Skill Development",3.9,546,1.7k,30,--,Power | New Delhi +93 other locations,NA
1994,Sulzer,Salary,Promotions,3.9,546,2.7k,36,2,Industrial Machinery | Pune +26 other locations,NA
1995,Gayatri Projects,"Promotions, Job Security",,3.9,545,1.8k,40,10,Engineering & Construction | Hyderabad +71 other locations,NA
1996,General Motors,"Company Culture, Work Life Balance, Skill Development",,4.0,545,2.1k,35,12,Automobile | Pune +35 other locations,NA
1997,Maini Precision Products,"Promotions, Salary, Company Culture",,3.4,545,2.8k,40,9,Auto Components | Bengaluru +11 other locations,NA
1998,Yokohama,"Promotions, Work Satisfaction, Salary",,3.6,544,2.1k,27,3,Auto Components | Bahadurgarh +44 other locations,NA
1999,Regalix,"Promotions, Job Security, Company Culture",,2.7,544,2.8k,58,55,Marketing & Advertising | Hyderabad +7 other locations,NA
2000,Tracxn,"Skill Development, Job Security, Promotions",,2.6,544,2.5k,113,60,Internet | Bengaluru +10 other locations,NA
2001,Zolo,"Promotions, Work Satisfaction, Company Culture",,3.4,544,2.2k,60,11,Internet | Bengaluru +26 other locations,NA
2002,Offshore Infrastructures,"Work Life Balance, Job Security, Work Satisfaction",,4.2,544,1.7k,25,--,Engineering & Construction | Mumbai +52 other locations,NA
2003,Fena,"Company Culture, Work Life Balance, Job Security",,4.0,543,1.5k,33,5,FMCG | New Delhi +87 other locations,NA
2004,Kidzee,"Work Life Balance, Skill Development, Company Culture",Salary,4.0,543,1.2k,25,2,EdTech | Kolkata +122 other locations,NA
2005,Hi Tech Gears,Work Life Balance,Promotions,3.9,543,2.1k,32,--,Auto Components | Bhiwadi +28 other locations,NA
2006,Roop Polymers,"Company Culture, Work Life Balance, Job Security",Promotions,3.9,543,1.8k,30,16,Auto Components | Gurugram +25 other locations,NA
2007,RuralShores,"Promotions, Salary, Company Culture",,3.6,543,1.2k,23,5,BPO | Bengaluru +47 other locations,NA
2008,RadiSys,"Work Life Balance, Skill Development",Promotions,3.8,542,2.5k,51,--,Telecom | Bengaluru +11 other locations,NA
2009,Ralson Tyres Limited,Job Security,"Promotions, Salary, Work Satisfaction",3.7,542,2.2k,48,8,Auto Components | Ludhiana +54 other locations,NA
2010,Sanmina Sci,"Company Culture, Work Life Balance, Skill Development",Promotions,4.1,542,2.8k,33,23,Electronics Manufacturing | Chennai +16 other locations,NA
2011,Eicher Motors,"Company Culture, Work Life Balance, Work Satisfaction",Promotions,4.0,542,1.6k,43,--,Automobile | Indore +97 other locations,NA
2012,Vimta Labs,"Promotions, Salary, Company Culture",,3.4,542,2.2k,42,11,Clinical Research | Hyderabad +30 other locations,NA
2013,Innovatiview India Ltd,"Company Culture, Job Security, Work Life Balance",,4.3,542,1.3k,82,27,Emerging Technologies | Noida +15 other locations,NA
2014,Micron Electricals,"Job Security, Skill Development",,4.1,541,2.3k,37,2,Engineering & Construction | Bengaluru +18 other locations,NA
2015,Maxgen Technologies,"Skill Development, Company Culture, Work Life Balance",,4.5,540,1.1k,14,--,IT Services & Consulting | Pune +8 other locations,NA
2016,Dhani Healthcare,"Job Security, Promotions, Company Culture",,3.4,540,2.2k,59,--,FinTech | Gurugram +81 other locations,NA
2017,Welspun Enterprises,"Salary, Company Culture, Work Life Balance",,4.2,540,1.9k,54,3,Engineering & Construction | Mumbai +48 other locations,NA
2018,NMDC Limited,"Work Life Balance, Salary, Work Satisfaction",Promotions,4.2,540,2k,46,--,Metals & Mining | Jagdalpur +41 other locations,NA
2019,Scaler Academy,"Job Security, Promotions, Skill Development",,3.5,540,2.5k,92,4,EdTech | Bengaluru +8 other locations,NA
2020,Zycus Infotech,"Promotions, Company Culture, Salary",,2.5,541,3.2k,76,49,Software Product | Mumbai +9 other locations,NA
2021,GUS Education India,"Promotions, Job Security, Skill Development",,3.1,539,2.1k,51,12,Education & Training | Hyderabad +8 other locations,NA
2022,Brigade Group,"Company Culture, Job Security, Skill Development",,4.1,539,2.7k,45,22,Real Estate | Bengaluru +11 other locations,NA
2023,Sterling,"Work Life Balance, Job Security, Salary",Promotions,4.0,538,1.1k,37,--,Healthcare | Mumbai +64 other locations,NA
2024,Insuremile,"Company Culture, Work Life Balance, Skill Development",,4.7,538,77,83,1,Internet | Bengaluru +16 other locations,NA
2025,Dusters Total Solutions Services,Work Life Balance,Promotions,3.9,538,1.6k,21,1,Facility Management Services | Bengaluru +64 other locations,NA
2026,MUTHOOT HOMEFIN (I) LTD.,"Work Life Balance, Skill Development, Salary",,3.8,538,1.4k,32,3,NBFC | Mumbai +110 other locations,NA
2027,DFM Foods,"Salary, Company Culture, Work Life Balance",,4.0,538,1.6k,37,16,FMCG | New Delhi +81 other locations,NA
2028,S P Singla Constructions,"Promotions, Salary, Company Culture",,3.5,537,1.6k,37,--,Engineering & Construction | Patna +64 other locations,NA
2029,5paisa Capital Ltd.,"Company Culture, Work Life Balance, Salary",,4.1,536,1.7k,46,5,Financial Services | Mumbai +9 other locations,NA
2030,Saksoft,"Promotions, Job Security, Skill Development",,3.4,536,3.5k,51,7,IT Services & Consulting | Bengaluru +18 other locations,NA
2031,Hitachi Systems,"Job Security, Work Life Balance, Company Culture",Promotions,4.0,536,2.8k,20,3,IT Services & Consulting | Mumbai +41 other locations,NA
2032,Bharti Infratel,"Company Culture, Skill Development, Work Life Balance",,4.7,535,1.1k,6,--,Telecom | Gurugram +68 other locations,NA
2033,RMC Readymix,"Promotions, Work Satisfaction, Job Security",,3.6,535,1.4k,42,5,Building Material | Mumbai +67 other locations,NA
2034,BOBCARD Ltd.,"Work Life Balance, Salary, Company Culture",,4.0,535,1.4k,30,30,NBFC | Mumbai +109 other locations,NA
2035,Legrand,"Promotions, Work Satisfaction",,3.7,535,2.3k,28,--,Electrical Equipment | Mumbai +58 other locations,NA
2036,Cpf India,"Work Life Balance, Job Security, Company Culture",Promotions,4.1,535,1.7k,25,--,Food Processing | Bengaluru +59 other locations,NA
2037,Vidal Health Insurance,"Promotions, Salary",,3.7,536,2k,22,--,Insurance | Bengaluru +38 other locations,NA
2038,Mecon,Work Life Balance,"Promotions, Job Security",3.9,534,1.7k,46,--,Metals & Mining | Ranchi +50 other locations,NA
2039,ExxonMobil,"Salary, Work Life Balance","Promotions, Job Security",3.8,534,4k,84,248,Oil & Gas | Bengaluru +38 other locations,NA
2040,Infiniti Research,"Company Culture, Work Satisfaction, Job Security",,3.4,534,1.7k,38,10,Analytics & KPO | Bengaluru +8 other locations,NA
2041,Satyam Auto Components,Job Security,Promotions,3.9,533,2.3k,40,3,Auto Components | Gurugram +28 other locations,NA
2042,Reliance Life Sciences,Job Security,"Promotions, Company Culture, Work Satisfaction",3.6,533,2.6k,30,2,Clinical Research | Mumbai +34 other locations,NA
2043,Aptus Value Housing Finance India,"Work Life Balance, Company Culture, Work Satisfaction",,4.1,533,1.3k,23,3,NBFC | Chennai +155 other locations,NA
2044,Pierian Services,"Promotions, Company Culture, Work Satisfaction",,3.3,533,2.8k,40,22,Management Consulting | Bengaluru +19 other locations,NA
2045,Amara Raja Infra,"Job Security, Salary, Company Culture",Promotions,4.0,533,1.5k,57,--,Engineering & Construction | Hyderabad +52 other locations,NA
2046,Consero Global Solutions,"Promotions, Salary, Company Culture",,3.0,532,2.7k,101,--,Financial Services | Bengaluru +10 other locations,NA
2047,FMC Corporation,"Work Life Balance, Company Culture, Salary",Promotions,3.9,531,1.7k,42,1,Agro Chemicals | Bharuch +114 other locations,NA
2048,Emaar India Limited,"Promotions, Work Satisfaction, Skill Development",,3.6,533,2.4k,28,4,Real Estate | Gurugram +18 other locations,NA
2049,Bharat Gears,"Work Life Balance, Company Culture, Work Satisfaction",Promotions,4.0,531,2k,27,3,Auto Components | Faridabad +25 other locations,NA
2050,Vestige,"Company Culture, Work Satisfaction, Job Security",,4.3,531,1.4k,40,1,Fitness & Wellness | New Delhi +112 other locations,NA
2051,Canon,"Work Life Balance, Company Culture, Skill Development",Promotions,4.0,531,2k,22,4,Consumer Electronics & Appliances | Gurugram +66 other locations,NA
2052,Systra Consulting,"Work Life Balance, Company Culture, Work Satisfaction",Promotions,4.0,530,1.6k,37,125,Engineering & Construction | New Delhi +39 other locations,NA
2053,DM Immigration Consultant,"Company Culture, Work Life Balance, Work Satisfaction",,1.0,530,34,--,--,Other | Bengaluru +4 other locations,NA
2054,N.C.L. Industries,"Promotions, Salary",,3.7,530,1.6k,38,2,Building Material | Hyderabad +70 other locations,NA
2055,CompuCom,Work Life Balance,"Promotions, Skill Development, Work Satisfaction",3.8,530,3.1k,37,10,IT Services & Consulting | Pune +7 other locations,NA
2056,Castrol,"Company Culture, Work Life Balance, Salary",,4.3,530,2k,24,84,Petrochemicals | Mumbai +122 other locations,NA
2057,India Private Driver,"Work Life Balance, Skill Development",Promotions,3.8,529,2,--,--,Travel & Tourism | Pune +164 other locations,NA
2058,Chemplast Sanmar,Job Security,"Promotions, Company Culture, Salary",3.4,529,2.4k,47,9,Chemicals | Salem +20 other locations,NA
2059,Uttar Pradesh Power Corporation,"Work Life Balance, Skill Development, Work Satisfaction",,4.0,529,1.3k,11,--,Power | Lucknow +88 other locations,NA
2060,Wellness Forever Medicare,"Skill Development, Job Security","Promotions, Salary",3.8,529,1.7k,56,2,Retail | Mumbai +42 other locations,NA
2061,CDK Global,"Work Life Balance, Company Culture, Salary","Job Security, Promotions",3.8,528,3.5k,40,27,IT Services & Consulting | Hyderabad +7 other locations,NA
2062,Capital Business Systems,"Promotions, Salary, Company Culture",,3.6,528,1.6k,37,13,IT Services & Consulting | New Delhi +109 other locations,NA
2063,Insolutions Global,Job Security,"Promotions, Salary, Company Culture",3.4,528,2.7k,36,12,FinTech | Mumbai +20 other locations,NA
2064,Tuaman Engineering,"Salary, Work Life Balance, Job Security",,4.3,527,1.5k,77,--,Engineering & Construction | Kolkata +38 other locations,NA
2065,House Of Anita Dongre,"Company Culture, Work Life Balance","Promotions, Job Security",3.9,527,1.4k,19,1,Fashion & Textile | Mumbai +48 other locations,NA
2066,Spectrum Talent Management,"Promotions, Job Security, Salary",,3.5,528,2.1k,36,--,Recruitment | Noida +86 other locations,NA
2067,V.S.T Tillers Tractors,"Work Satisfaction, Promotions, Company Culture",,3.5,527,1.8k,42,6,Industrial Machinery | Bengaluru +56 other locations,NA
2068,CTS Consulting & Technical Support,"Promotions, Salary, Work Satisfaction",,3.7,526,6.6k,174,--,Engineering & Construction | Chennai +31 other locations,NA
2069,Metro Group of Hospitals,Work Life Balance,"Promotions, Salary",3.8,527,1.4k,16,49,Healthcare | New Delhi +32 other locations,NA
2070,Telenor,"Company Culture, Work Life Balance, Salary",,4.1,525,585,9,--,Telecom | Gurugram +114 other locations,NA
2071,RSB Transmissions,"Work Life Balance, Job Security","Promotions, Salary",3.9,525,2.1k,38,--,Auto Components | Pune +23 other locations,NA
2072,Vindhya e-Info Media,Company Culture,"Promotions, Salary",3.8,525,1.2k,34,2,BPO | Bengaluru +19 other locations,NA
2073,Indian Bank,Job Security,"Company Culture, Work Life Balance, Work Satisfaction",3.4,525,1.8k,27,--,Banking | Chennai +124 other locations,NA
2074,Stock Holding Corporation of India,Job Security,"Promotions, Salary, Work Satisfaction",3.5,525,1.7k,35,--,Financial Services | Mumbai +100 other locations,NA
2075,Suprajit Engineering,"Job Security, Work Life Balance, Skill Development","Promotions, Salary",3.9,525,2.4k,40,13,Auto Components | Bengaluru +39 other locations,NA
2076,Wockhardt Hospital,"Company Culture, Work Life Balance, Job Security",Promotions,3.9,525,1.7k,23,25,Healthcare | Mumbai +26 other locations,NA
2077,EC-Council,"Work Life Balance, Job Security, Salary",,4.0,524,2.5k,50,14,EdTech | Hyderabad +19 other locations,NA
2078,Chaayos,"Work Satisfaction, Promotions, Company Culture",,3.4,524,1.6k,38,9,Retail | New Delhi +21 other locations,NA
2079,Hafele,"Company Culture, Work Life Balance, Job Security",Promotions,3.9,524,2.3k,32,7,Furniture & Furnishing | Mumbai +44 other locations,NA
2080,Pitti Engineering,"Promotions, Company Culture, Salary",,3.8,524,2k,28,--,Industrial Machinery | Hyderabad +14 other locations,NA
2081,Williams Lea,"Promotions, Company Culture, Work Satisfaction",,3.6,523,3.1k,50,14,BPO | Chennai +18 other locations,NA
2082,Mobikwik,"Promotions, Company Culture, Work Satisfaction",,3.4,523,2.6k,63,38,FinTech | Gurugram +51 other locations,NA
2083,Galaxy Surfactants,"Job Security, Skill Development, Company Culture","Promotions, Salary",3.8,523,2k,28,8,Chemicals | Mumbai +26 other locations,NA
2084,JK Tech,Work Life Balance,"Promotions, Job Security",3.8,523,3.2k,39,6,IT Services & Consulting | Bengaluru +20 other locations,NA
2085,Coats,"Promotions, Salary, Work Satisfaction",,3.7,524,1.9k,27,61,Fashion & Textile | Bengaluru +56 other locations,NA
2086,Metalman Auto,"Work Life Balance, Company Culture, Job Security",Promotions,3.9,523,1.9k,25,27,Auto Components | Chhatrapati Sambhajinagar +24 other locations,NA
2087,Equifax,"Work Life Balance, Skill Development, Company Culture",Promotions,3.9,522,2.5k,85,18,Analytics & KPO | Pune +12 other locations,NA
2088,Hitech Projects Limited,"Company Culture, Job Security, Skill Development",,4.6,523,679,59,--,Engineering & Construction | Ahmedabad +8 other locations,NA
2089,Zaalima Development,"Company Culture, Work Life Balance, Skill Development",,4.3,523,14,173,--,IT Services & Consulting | Bengaluru +19 other locations,NA
2090,OutworX,"Promotions, Job Security, Salary",,3.5,522,2.2k,35,3,IT Services & Consulting | Pune +40 other locations,NA
2091,African Industries,"Work Life Balance, Salary, Job Security",Promotions,4.0,521,1.1k,42,13,Iron & Steel | Lagos +24 other locations,NA
2092,Foray Software,"Job Security, Promotions, Company Culture",,3.5,521,3.5k,39,39,IT Services & Consulting | Hyderabad +17 other locations,NA
2093,Atomberg Technologies,Salary,"Promotions, Job Security",3.8,522,2.5k,41,22,Consumer Electronics & Appliances | Pune +65 other locations,NA
2094,Tradeshala,"Work Life Balance, Skill Development, Company Culture",,4.5,521,36,119,--,Education & Training | Bengaluru +8 other locations,NA
2095,ACTE,"Work Satisfaction, Job Security, Salary",,4.6,520,114,9,--,Education & Training | Chennai +10 other locations,NA
2096,Ge India Industrial,"Company Culture, Job Security, Work Life Balance",Promotions,4.1,520,2k,19,--,Industrial Machinery | Pune +23 other locations,NA
2097,SunTec Web Services,"Promotions, Salary, Job Security",,3.2,521,1.9k,51,14,BPO | New Delhi +10 other locations,NA
2098,Morepen Laboratories,"Work Life Balance, Job Security","Promotions, Skill Development",3.8,521,1.9k,24,52,Pharma | New Delhi +47 other locations,NA
2099,Hamdard,"Work Life Balance, Job Security, Salary",Promotions,4.0,520,1.3k,44,5,FMCG | New Delhi +76 other locations,NA
2100,Metriqe Solutions,"Job Security, Skill Development, Salary",,3.9,520,1.4k,28,4,BPO | Chennai +5 other locations,NA
2101,AT&T,Salary,"Promotions, Work Satisfaction",3.7,519,4.6k,65,5,Telecom | Bengaluru +19 other locations,NA
2102,Dr. Agarwal's Eye Hospital,Promotions,,3.7,520,1.7k,38,54,Healthcare | Chennai +83 other locations,NA
2103,Ramraj Cotton,"Company Culture, Job Security, Work Life Balance","Salary, Promotions",4.1,519,1.1k,42,11,Fashion & Textile | Tiruppur +49 other locations,NA
2104,Adda 247,"Promotions, Job Security, Work Life Balance",,3.5,520,1.9k,78,34,EdTech | Gurugram +23 other locations,NA
2105,Kokilaben Dhirubhai Ambani Hospital,Skill Development,"Promotions, Salary",3.7,518,1.7k,31,46,Healthcare | Mumbai +20 other locations,NA
2106,Stylebaazar,"Work Life Balance, Skill Development",,3.9,518,1.1k,38,13,Retail | Kolkata +96 other locations,NA
2107,Lakme,"Skill Development, Work Life Balance, Job Security",Promotions,4.2,518,1.6k,25,11,Beauty & Personal Care | Mumbai +77 other locations,NA
2108,Ziqitza Health Care,Work Life Balance,"Promotions, Job Security",3.9,517,1.2k,25,--,Healthcare | Mumbai +60 other locations,NA
2109,F1 Info Solutions and Services,"Promotions, Job Security, Salary",,3.7,518,1.2k,27,--,IT Services & Consulting | Noida +47 other locations,NA
2110,CMR Green Technologies,"Job Security, Company Culture, Work Life Balance",,3.5,508,1.7k,58,76,Metals & Mining | Faridabad +35 other locations,NA
2111,DiGibizz,"Work Life Balance, Skill Development",Promotions,,--,1,--,--,Mumbai +162 other locations,NA
2112,LearningMate Solutions,"Promotions, Job Security, Salary",,2.9,516,3.6k,50,32,EdTech | Mumbai +12 other locations,NA
2113,Safari Industries India,"Work Life Balance, Company Culture, Work Satisfaction",Promotions,4.0,516,1.8k,36,6,Retail | Mumbai +75 other locations,NA
2114,Macquarie Group,"Job Security, Promotions, Work Satisfaction",,3.1,516,4.6k,54,93,Financial Services | Gurugram +17 other locations,NA
2115,Amar Ujala,Job Security,"Promotions, Salary",3.8,517,1.7k,20,1,Printing & Publishing | Noida +54 other locations,NA
2116,Karvy Data Management Services,"Work Satisfaction, Work Life Balance","Promotions, Salary",3.9,515,2.2k,19,--,Analytics & KPO | Hyderabad +79 other locations,NA
2117,Infotact Solutions,"Skill Development, Company Culture, Work Life Balance",,4.4,520,50,125,--,IT Services & Consulting | Bengaluru +17 other locations,NA
2118,Hero Cycles,"Promotions, Company Culture, Work Satisfaction",,3.2,515,1.9k,59,7,Automobile | Ludhiana +49 other locations,NA
2119,ATS Infrastructure,"Company Culture, Work Life Balance, Work Satisfaction",,4.1,515,1.8k,34,--,Real Estate | Noida +12 other locations,NA
2120,Vivanta by Taj,"Job Security, Skill Development, Company Culture",Promotions,4.2,515,1k,28,--,Hospitality | New Delhi +48 other locations,NA
2121,PEGATRON,Skill Development,"Promotions, Salary",3.9,514,2.1k,30,1,Electronics Manufacturing | Chennai +13 other locations,NA
2122,OMICS International,"Promotions, Job Security, Salary",,2.5,514,1.6k,25,--,Printing & Publishing | Hyderabad +6 other locations,NA
2123,Voya India,"Work Life Balance, Job Security","Promotions, Salary",3.7,514,3.2k,31,6,Financial Services | Bengaluru +13 other locations,NA
2124,Hindusthan National Glass,"Promotions, Salary, Company Culture",,3.8,514,2k,33,--,Packaging | Bahadurgarh +23 other locations,NA
2125,Quikr,"Job Security, Promotions, Company Culture",,3.6,514,2.1k,33,10,Internet | Bengaluru +24 other locations,NA
2126,Micron Technology,"Promotions, Work Satisfaction",,3.6,514,4.5k,83,5,Semiconductors | Hyderabad +16 other locations,NA
2127,BharatPe,"Promotions, Job Security, Work Satisfaction",,3.4,515,2.7k,52,2,FinTech | Gurugram +83 other locations,NA
2128,Addverb Technologies,Salary,"Work Life Balance, Job Security, Work Satisfaction",3.5,514,2.4k,88,10,Industrial Automation | Noida +23 other locations,NA
2129,National Australia Bank,"Promotions, Work Satisfaction, Skill Development",,3.0,514,3.9k,58,18,Banking | Gurugram +9 other locations,NA
2130,Innovaccer,"Job Security, Promotions, Work Satisfaction",,3.2,513,3.6k,96,10,Software Product | Noida +8 other locations,NA
2131,RSM India,"Promotions, Company Culture, Salary",,3.3,513,2.7k,68,9,Accounting & Auditing | Mumbai +36 other locations,NA
2132,FinThrive,"Promotions, Skill Development, Work Satisfaction",,3.5,513,1.5k,21,11,Analytics & KPO | Chennai +9 other locations,NA
2133,Webskitters,"Skill Development, Salary",,3.8,512,848,19,--,IT Services & Consulting | Kolkata +4 other locations,NA
2134,Great Learning,"Promotions, Work Satisfaction, Skill Development",,3.4,513,3.8k,69,22,EdTech | Bengaluru +12 other locations,NA
2135,Nivea,"Company Culture, Work Life Balance, Salary",Promotions,4.1,512,1.8k,32,9,Beauty & Personal Care | Mumbai +67 other locations,NA
2136,Muthoot MCred,"Promotions, Salary, Work Satisfaction",,3.4,512,1.3k,28,--,NBFC | Bengaluru +102 other locations,NA
2137,Axa XL,"Promotions, Skill Development, Work Satisfaction",,3.6,511,3.7k,51,49,Insurance | Gurugram +6 other locations,NA
2138,Cuemath,"Promotions, Job Security, Work Satisfaction",,3.4,511,1.9k,49,--,EdTech | Bengaluru +22 other locations,NA
2139,Alight Solutions,"Promotions, Salary, Skill Development",,3.3,511,2.8k,31,12,IT Services & Consulting | Gurugram +14 other locations,NA
2140,Walkaroo International,Job Security,"Promotions, Salary, Work Satisfaction",3.6,510,2.4k,48,96,Fashion & Textile | Coimbatore +55 other locations,NA
2141,Mobile Programming,"Job Security, Promotions, Company Culture",,2.9,511,3.6k,80,264,IT Services & Consulting | Bengaluru +23 other locations,NA
2142,TÜV Rheinland,"Work Life Balance, Company Culture, Work Satisfaction",Promotions,4.1,511,1.8k,21,5,"Testing, Inspection and Certification (TIC) | Bengaluru +68 other locations",NA
2143,Cairn Energy,Salary,"Job Security, Promotions, Company Culture",3.6,510,2.9k,33,--,Oil & Gas | Barmer +31 other locations,NA
2144,Sheela Foam,"Company Culture, Work Life Balance, Job Security","Promotions, Skill Development",3.9,510,1.5k,31,15,Furniture & Furnishing | Noida +93 other locations,NA
2145,HSBC Global Banking and Markets,"Job Security, Work Life Balance, Company Culture",Promotions,3.9,510,3.6k,29,--,Banking | Bengaluru +15 other locations,NA
2146,Alchemy Techsol India,"Promotions, Job Security, Company Culture",,3.4,510,2.1k,91,--,IT Services & Consulting | Bengaluru +23 other locations,NA
2147,Dalmia Bharat Group,"Job Security, Salary",Promotions,3.8,511,2.1k,35,--,Building Material | New Delhi +102 other locations,NA
2148,Securitas,Promotions,,3.8,509,2k,38,7,Law Enforcement & Security | Gurugram +44 other locations,NA
2149,Centum Learning,"Promotions, Job Security, Company Culture",,3.8,509,1.3k,26,3,Education & Training | New Delhi +82 other locations,NA
2150,Sarovar Hotels & Resorts,"Work Life Balance, Job Security, Skill Development",,4.1,509,1.4k,23,--,Hospitality | New Delhi +71 other locations,NA
2151,Ministry of Defence,"Company Culture, Work Life Balance, Work Satisfaction",,4.4,508,1.8k,19,--,Government | New Delhi +75 other locations,NA
2152,RapiPay,"Promotions, Job Security, Work Satisfaction",,3.6,508,1.7k,39,--,FinTech | Noida +111 other locations,NA
2153,ThoughtSol Infotech Limited,"Company Culture, Work Life Balance, Job Security",,4.6,509,592,99,1,IT Services & Consulting | New Delhi +18 other locations,NA
2154,Kandhari Beverages,"Promotions, Company Culture",,3.8,508,1.6k,33,7,Beverage | Jammu +48 other locations,NA
2155,Poorvika Mobiles,"Job Security, Company Culture, Skill Development",,4.0,508,1.7k,33,2,Retail | Chennai +61 other locations,NA
2156,Gyan Dairy,"Work Life Balance, Skill Development, Company Culture",,4.0,506,1.4k,49,7,Food Processing | Lucknow +45 other locations,NA
2157,BCG,"Promotions, Work Life Balance, Work Satisfaction",,3.6,506,7.9k,221,20,Management Consulting | Gurugram +8 other locations,NA
2158,QHTalbros,"Promotions, Salary, Work Satisfaction",,3.8,506,1.4k,18,--,Auto Components | Gurugram +26 other locations,NA
2159,Johnson Matthey,"Work Life Balance, Salary","Promotions, Job Security",3.8,506,1.9k,42,10,Metals & Mining | Gurugram +23 other locations,NA
2160,Nelito System,"Promotions, Salary, Company Culture",,3.2,505,2.4k,30,35,IT Services & Consulting | Mumbai +43 other locations,NA
2161,Voltech,Skill Development,"Salary, Company Culture, Promotions",3.5,505,1.6k,34,--,Electrical Equipment | Chennai +44 other locations,NA
2162,Pace Setters Business Solutions,"Promotions, Salary, Work Life Balance",,3.4,505,1.3k,23,2,BPO | Mumbai +24 other locations,NA
2163,ServiceNow,"Salary, Company Culture, Work Life Balance",Promotions,3.9,505,5.9k,138,1,Software Product | Hyderabad +15 other locations,NA
2164,Kalyani Technoforge,Skill Development,"Promotions, Job Security",3.8,505,2k,22,9,Auto Components | Pune +18 other locations,NA
2165,Akal Information Systems,"Company Culture, Work Life Balance, Work Satisfaction",,4.4,504,1.8k,26,17,Software Product | New Delhi +53 other locations,NA
2166,Rakuten,"Promotions, Work Satisfaction, Salary",,3.6,504,5.5k,93,10,IT Services & Consulting | Bengaluru +11 other locations,NA
2167,BKT Tyres,"Job Security, Salary, Company Culture",,4.2,504,2k,79,19,Auto Components | Bhuj +32 other locations,NA
2168,Jindal Power Limited,"Job Security, Skill Development, Work Life Balance",,4.2,504,1.6k,55,12,Power | Raigarh +38 other locations,NA
2169,Epiroc,"Job Security, Work Life Balance, Company Culture",Promotions,4.1,502,2.4k,44,53,Industrial Machinery | Bengaluru +29 other locations,NA
2170,MindGate Solutions,"Work Life Balance, Promotions, Company Culture",,3.1,503,3.2k,78,2,IT Services & Consulting | Mumbai +10 other locations,NA
2171,Rusan Pharma,"Promotions, Company Culture, Salary",,3.5,502,1.9k,25,19,Pharma | Dehradun +24 other locations,NA
2172,QBurst Technologies,"Work Life Balance, Company Culture, Skill Development",,4.2,502,4k,87,1,Software Product | Kochi +16 other locations,NA
2173,Deloitte Digital,"Job Security, Skill Development","Promotions, Work Life Balance",3.8,502,3.3k,62,--,IT Services & Consulting | Bengaluru +27 other locations,NA
2174,CARE,"Company Culture, Work Life Balance, Skill Development",,4.3,502,1.2k,41,--,Non-Profit | Patna +114 other locations,NA
2175,Yardi Systems,"Job Security, Work Life Balance","Promotions, Skill Development, Salary",3.6,501,2.6k,78,--,Software Product | Pune +3 other locations,NA
2176,Markets and Markets,"Skill Development, Promotions, Company Culture",,2.7,501,2.7k,63,8,Analytics & KPO | Pune +17 other locations,NA
2177,Lotus Herbals Private Limited,"Work Life Balance, Salary, Company Culture",,4.2,501,1.5k,46,2,Beauty & Personal Care | New Delhi +74 other locations,NA
2178,Mars International India,"Salary, Company Culture, Work Life Balance",Promotions,4.1,501,1.7k,19,20,Food Processing | Hyderabad +87 other locations,NA
2179,LIC Housing Finance,"Work Life Balance, Job Security",Promotions,3.9,500,1.5k,21,1,NBFC | Mumbai +121 other locations,NA
2180,Head Field Solutions,"Company Culture, Work Life Balance, Skill Development",,4.3,500,1.3k,66,--,Recruitment | Noida +6 other locations,NA
2181,Aparna Enterprises,"Work Life Balance, Job Security",Promotions,3.9,500,1.8k,39,17,Building Material | Hyderabad +44 other locations,NA
2182,Vakrangee,"Promotions, Job Security, Company Culture",,3.5,500,1.1k,9,--,BPO | Mumbai +90 other locations,NA
2183,Techwave Consulting,"Promotions, Salary",,3.6,500,3.6k,42,56,IT Services & Consulting | Hyderabad +5 other locations,NA
2184,Emerson Electric Co.,"Work Life Balance, Company Culture, Job Security",Promotions,4.0,500,3.1k,58,192,Software Product | Pune +25 other locations,NA
2185,BharatMatrimony.com,"Company Culture, Job Security",Promotions,3.9,500,1.4k,24,--,Internet | Chennai +30 other locations,NA
2186,Communications Test Design,"Promotions, Salary",,3.7,499,1.8k,31,29,IT Services & Consulting | Bengaluru +51 other locations,NA
2187,ZEISS India,"Promotions, Work Satisfaction, Skill Development",,3.6,499,2.8k,34,1,Industrial Machinery | Bengaluru +35 other locations,NA
2188,TRINAMIX,"Job Security, Company Culture, Work Satisfaction",,4.4,499,940,64,37,IT Services & Consulting | Pune +5 other locations,NA
2189,PC Solutions,"Work Life Balance, Company Culture, Work Satisfaction",,4.2,500,1.3k,60,21,IT Services & Consulting | New Delhi +17 other locations,NA
2190,Varuna Integrated Logistics,"Promotions, Salary",,3.7,498,1.6k,37,6,Logistics | Gurugram +53 other locations,NA
2191,InCred Finance,"Work Life Balance, Salary",Promotions,3.9,498,2.5k,33,20,NBFC | Mumbai +70 other locations,NA
2192,Future Lifestyle Fashion,"Skill Development, Company Culture, Work Life Balance",,4.2,497,1.6k,8,--,Retail | Bengaluru +63 other locations,NA
2193,Hinduja Tech,"Promotions, Job Security, Salary",,3.1,497,3.2k,34,91,IT Services & Consulting | Chennai +17 other locations,NA
2194,Global Autotech,"Job Security, Company Culture, Skill Development","Promotions, Salary",4.0,497,2.1k,54,--,Auto Components | Greater Noida +16 other locations,NA
2195,Pepperfry,"Promotions, Job Security, Company Culture",,3.1,496,2k,35,--,Furniture & Furnishing | Mumbai +38 other locations,NA
2196,Romsons Group Of Industries,Promotions,,3.7,497,1.7k,37,14,Medical Equipment | Agra +58 other locations,NA
2197,2COMS,"Promotions, Company Culture, Work Satisfaction",,3.1,495,1.4k,60,349,Recruitment | Kolkata +50 other locations,NA
2198,Kirby Building Systems,"Job Security, Work Life Balance",Promotions,3.9,495,1.9k,26,2,Building Material | Hyderabad +38 other locations,NA
2199,Ascent Business Solutions,"Promotions, Salary, Company Culture",,3.4,496,2.8k,33,--,Healthcare | Nagpur +14 other locations,NA
2200,Value Point Systems,"Promotions, Salary, Company Culture",,3.5,496,2.2k,29,45,IT Services & Consulting | Bengaluru +44 other locations,NA
2201,Tractebel,"Work Life Balance, Work Satisfaction, Company Culture",Promotions,4.0,495,1.7k,46,21,Engineering & Construction | Gurugram +89 other locations,NA
2202,Athenahealth Technology,"Company Culture, Work Life Balance, Job Security",Promotions,4.0,494,4.1k,91,113,Software Product | Chennai +10 other locations,NA
2203,Signature Global,Salary,,3.9,494,2.2k,45,6,Real Estate | Gurugram +14 other locations,NA
2204,Orcapod Consulting Services,"Job Security, Promotions, Salary",,3.1,494,1.9k,34,6,IT Services & Consulting | Hyderabad +22 other locations,NA
2205,QUICK HEAL TECHNOLOGIES,"Promotions, Job Security, Salary",,3.6,494,2.7k,31,3,Software Product | Pune +46 other locations,NA
2206,Paytm Payments Services,"Job Security, Work Satisfaction, Promotions",,3.2,498,1.1k,22,3,FinTech | Noida +151 other locations,NA
2207,Par Health,"Salary, Work Life Balance, Company Culture","Job Security, Promotions",4.1,494,2.1k,28,2,Pharma | Indore +11 other locations,NA
2208,MathCo,"Work Life Balance, Job Security, Work Satisfaction",,3.1,495,3k,135,34,Analytics & KPO | Bengaluru +7 other locations,NA
2209,India Post,Job Security,"Promotions, Company Culture, Salary",3.7,494,1.5k,25,--,Government | Bengaluru +189 other locations,NA
2210,MediBuddy,"Promotions, Job Security, Company Culture",,3.3,494,2.4k,42,55,Healthcare | Bengaluru +19 other locations,NA
2211,HealthifyMe,"Job Security, Promotions, Company Culture",,2.7,492,1.6k,51,11,Internet | Bengaluru +18 other locations,NA
2212,Medikabazaar,"Salary, Work Life Balance, Company Culture",,4.2,492,944,14,1,Medical Equipment | Mumbai +32 other locations,NA
2213,Gilbarco Veeder Root,"Promotions, Job Security",,3.8,492,2.1k,29,16,Industrial Machinery | Mumbai +62 other locations,NA
2214,Sri Krishna Pharmaceuticals,"Work Life Balance, Job Security",Promotions,3.9,492,1.8k,17,1,Pharma | Hyderabad +15 other locations,NA
2215,Think Gas Ludhiana,"Job Security, Company Culture, Work Satisfaction",,3.6,491,2.3k,51,1,Oil & Gas | Chennai +51 other locations,NA
2216,Maersk Line,"Work Life Balance, Company Culture, Salary",Promotions,4.0,491,2.4k,34,--,Logistics | Pune +27 other locations,NA
2217,Texmo Industries,"Promotions, Salary",,3.8,492,1.6k,27,6,Industrial Machinery | Coimbatore +35 other locations,NA
2218,Mahanagar Gas,"Work Life Balance, Job Security, Company Culture",Promotions,4.2,490,2.2k,32,3,Oil & Gas | Mumbai +26 other locations,NA
2219,Protium Finance,Salary,"Job Security, Work Satisfaction, Promotions",3.7,490,2.1k,37,6,NBFC | Mumbai +79 other locations,NA
2220,Invesco,Work Life Balance,"Promotions, Skill Development, Work Satisfaction",3.7,489,3.3k,52,40,Financial Services | Hyderabad +7 other locations,NA
2221,Leighton Contractors,"Salary, Company Culture, Skill Development",Job Security,4.1,489,1.1k,24,8,Engineering & Construction | Mumbai +21 other locations,NA
2222,GD Goenka Public School,"Promotions, Job Security, Company Culture",,3.4,489,1.3k,48,23,Education & Training | New Delhi +72 other locations,NA
2223,CollegeDekho,"Promotions, Job Security, Company Culture",,2.7,489,2.5k,67,6,EdTech | Gurugram +24 other locations,NA
2224,NJ India Invest,"Job Security, Skill Development","Promotions, Salary",3.7,489,1k,55,31,Financial Services | Surat +82 other locations,NA
2225,SUEZ Group,"Work Life Balance, Work Satisfaction, Job Security",Promotions,4.1,489,2k,21,4,Waste Management | New Delhi +49 other locations,NA
2226,EID Parry (India),Salary,"Promotions, Job Security",3.9,488,1.6k,26,12,Food Processing | Chennai +42 other locations,NA
2227,Otsuka Pharmaceutical India Private Limited,"Job Security, Work Life Balance, Company Culture",Promotions,4.1,489,1.6k,28,39,Pharma | Ahmedabad +40 other locations,NA
2228,N+A,"Company Culture, Work Satisfaction, Job Security",,3.9,489,18.4k,174,5,Financial Services | Bengaluru +65 other locations,NA
2229,Vishvaraj Environment,"Salary, Work Life Balance",,4.0,488,1.9k,35,6,Waste Management | Nagpur +53 other locations,NA
2230,ASM Technologies,"Promotions, Skill Development, Work Satisfaction",,3.5,487,3.5k,46,27,Engineering & Construction | Bengaluru +21 other locations,NA
2231,Juniper Networks,"Company Culture, Work Life Balance, Salary",,4.2,487,4.4k,76,--,Hardware & Networking | Bengaluru +8 other locations,NA
2232,Bira 91,"Job Security, Promotions, Work Satisfaction",,3.3,487,1.5k,30,--,Beverage | New Delhi +56 other locations,NA
2233,LogixHealth,"Promotions, Skill Development, Work Satisfaction",,3.4,487,2.2k,21,10,Analytics & KPO | Bengaluru +10 other locations,NA
2234,KRBL Limited,"Work Life Balance, Job Security","Promotions, Skill Development",3.7,486,1.6k,38,2,Food Processing | Noida +60 other locations,NA
2235,C-Edge Technologies,"Job Security, Work Life Balance","Promotions, Salary, Skill Development",3.7,486,2.7k,27,4,IT Services & Consulting | Mumbai +20 other locations,NA
2236,Go First,"Work Satisfaction, Skill Development","Job Security, Promotions, Salary",3.9,486,2k,50,--,Aviation | Mumbai +35 other locations,NA
2237,Matrix Business Services,"Promotions, Salary, Company Culture",,3.5,486,2k,44,7,Analytics & KPO | Chennai +25 other locations,NA
2238,Ivrcl Infrastructures & Projects,"Work Life Balance, Work Satisfaction, Company Culture",,4.3,486,845,9,3,Engineering & Construction | Hyderabad +55 other locations,NA
2239,Buzzworks Business Services,"Promotions, Work Satisfaction, Job Security",,3.7,486,2.1k,20,6,Recruitment | Chennai +69 other locations,NA
2240,Trimax IT Infrastructure Services,"Promotions, Salary, Company Culture",,3.6,485,1.1k,13,--,IT Services & Consulting | Mumbai +70 other locations,NA
2241,Cosmo Films,Job Security,"Promotions, Work Satisfaction, Skill Development",3.7,485,2.1k,40,18,Packaging | Chhatrapati Sambhajinagar +12 other locations,NA
2242,Everforth Quinnox,Work Life Balance,Promotions,3.9,486,3.4k,41,35,IT Services & Consulting | Bengaluru +8 other locations,NA
2243,Sterling Holiday Resort,"Promotions, Company Culture, Work Satisfaction",,3.8,485,1.6k,23,44,Hospitality | Chennai +64 other locations,NA
2244,Flowserve,"Promotions, Skill Development, Work Satisfaction",,3.7,485,3.4k,36,21,Industrial Machinery | Bengaluru +15 other locations,NA
2245,Jiva Ayurvedic Pharmacy,"Work Life Balance, Job Security","Promotions, Salary",3.7,485,1.2k,43,39,Faridabad +46 other locations,NA
2246,Sadbhav Engineering,"Company Culture, Work Life Balance, Work Satisfaction",,4.2,484,1.3k,10,--,Engineering & Construction | Ahmedabad +65 other locations,NA
2247,Siemens Healthineers,"Work Life Balance, Job Security, Company Culture",Promotions,3.9,484,4.1k,70,--,Healthcare | Bengaluru +19 other locations,NA
2248,Bridgestone India Automotive Products,"Company Culture, Work Life Balance, Job Security",Promotions,4.2,484,2.3k,29,--,Auto Components | Gurugram +48 other locations,NA
2249,Cadbury,"Work Satisfaction, Company Culture, Work Life Balance",Promotions,4.3,484,1k,28,--,Food Processing | Mumbai +117 other locations,NA
2250,India Glycols,"Work Life Balance, Job Security, Company Culture",Promotions,4.0,484,1.9k,39,--,Chemicals | Kashipur +25 other locations,NA
2251,Symbiotec Pharmalab,"Job Security, Work Life Balance",,4.0,485,2k,30,7,Pharma | Indore +15 other locations,NA
2252,L. N. Malviya Infra Projects Group,"Promotions, Salary, Company Culture",,3.1,483,1.2k,27,7,Engineering & Construction | Bhopal +127 other locations,NA
2253,Grindwell Norton,"Promotions, Salary, Work Satisfaction",,3.5,483,1.7k,28,--,Industrial Machinery | Bengaluru +44 other locations,NA
2254,Welspun Transformation Services Limited,"Skill Development, Company Culture, Work Life Balance",,4.1,483,826,49,--,IT Services & Consulting | Ahmedabad +12 other locations,NA
2255,Jumbotail Technologies,"Promotions, Job Security, Work Life Balance",,3.7,483,1.7k,39,5,Retail | Bengaluru +29 other locations,NA
2256,Kellton,"Promotions, Company Culture, Work Satisfaction",,2.9,483,3.5k,65,7,IT Services & Consulting | Gurugram +19 other locations,NA
2257,Lite Bite Foods,"Company Culture, Work Life Balance, Work Satisfaction",,4.4,483,1.3k,22,8,Hospitality | New Delhi +25 other locations,NA
2258,AIG Hospital,"Job Security, Skill Development, Company Culture",,4.2,483,1.6k,33,--,Healthcare | Hyderabad +9 other locations,NA
2259,Giesecke & Devrient,Work Life Balance,"Promotions, Skill Development, Salary",3.4,482,2.2k,33,3,IT Services & Consulting | Gurugram +53 other locations,NA
2260,Namaste India Foods,Work Life Balance,Promotions,3.9,482,1.2k,28,1,Food Processing | Kanpur +42 other locations,NA
2261,Bluestone.com,"Promotions, Job Security, Company Culture",,3.4,482,2.1k,59,5,Jewellery | Bengaluru +66 other locations,NA
2262,Saud Bahwan Group,Work Life Balance,"Promotions, Salary, Skill Development",3.7,482,982,14,--,Automobile | Muscat +26 other locations,NA
2263,Plastic Omnium,"Promotions, Work Satisfaction, Job Security",,3.8,482,2k,31,23,Automobile | Pune +17 other locations,NA
2264,Ppap Automotive,"Promotions, Salary",,3.7,482,1.8k,43,--,Auto Components | Noida +18 other locations,NA
2265,Equiniti,Work Life Balance,Promotions,3.6,482,3.3k,45,10,Financial Services | Chennai +4 other locations,NA
2266,Xerox,Work Life Balance,"Promotions, Skill Development, Salary",3.6,481,2.1k,25,37,Printing & Publishing | Bengaluru +34 other locations,NA
2267,Encube Ethicals,"Job Security, Skill Development","Work Life Balance, Work Satisfaction, Promotions",3.7,481,2.4k,28,19,Pharma | Mumbai +29 other locations,NA
2268,Allana Group of Companies,Salary,"Promotions, Work Satisfaction",3.8,481,1.5k,39,--,Food Processing | Mumbai +39 other locations,NA
2269,Clix Capital Services,"Company Culture, Work Life Balance, Skill Development",,4.1,480,1.5k,30,816,NBFC | Gurugram +38 other locations,NA
2270,Visa,"Promotions, Work Satisfaction, Job Security",,3.3,481,6.8k,162,--,FinTech | Bengaluru +18 other locations,NA
2271,Westin,"Job Security, Company Culture, Skill Development",,4.1,480,1.2k,21,4,Hospitality | Mumbai +31 other locations,NA
2272,Iol Chemicals & Pharmaceuticals,"Salary, Job Security","Company Culture, Work Satisfaction, Promotions",3.8,481,2k,32,1,Pharma | Barnala +17 other locations,NA
2273,Alpla,"Job Security, Skill Development, Company Culture",Promotions,4.0,480,1.8k,35,25,Packaging | Hyderabad +27 other locations,NA
2274,Knowledgeworks Global,"Promotions, Company Culture, Skill Development",,3.0,481,2.2k,34,14,Printing & Publishing | Mumbai +14 other locations,NA
2275,National Commodities Management Services,"Work Life Balance, Job Security, Company Culture",Promotions,4.1,479,1.4k,16,2,Agriculture | Gurugram +87 other locations,NA
2276,Tetra Pak,"Company Culture, Work Life Balance, Job Security",Promotions,4.1,479,2.4k,43,--,Packaging | Pune +19 other locations,NA
2277,Mikuni,"Job Security, Company Culture, Work Life Balance",,4.1,478,1.4k,27,1,Auto Components | Neemrana +18 other locations,NA
2278,Common Service Centres,"Work Life Balance, Work Satisfaction, Skill Development",,4.4,478,1.2k,17,--,Government | New Delhi +187 other locations,NA
2279,Akamai Technologies,"Company Culture, Work Life Balance, Work Satisfaction",Promotions,4.4,478,4.4k,79,14,Software Product | Bengaluru +7 other locations,NA
2280,ESDS Software Solutions,"Promotions, Salary, Job Security",,3.3,478,3k,38,67,IT Services & Consulting | Nashik +14 other locations,NA
2281,Fynd,"Job Security, Company Culture, Work Life Balance",,3.0,479,2.3k,74,14,Software Product | Mumbai +10 other locations,NA
2282,Realty Assistant,,,3.7,478,676,51,16,Real Estate | Noida +18 other locations,NA
2283,Saxo Bank,"Work Life Balance, Salary","Job Security, Promotions",3.7,478,2.5k,72,24,Banking | Gurugram +5 other locations,NA
2284,Clove Dental,"Company Culture, Job Security, Skill Development",,4.0,477,1.3k,76,1,Healthcare | New Delhi +18 other locations,NA
2285,Riya Travel,"Promotions, Work Satisfaction, Salary",,3.6,477,1.5k,14,2,Travel & Tourism | Mumbai +38 other locations,NA
2286,Thought Focus,"Promotions, Skill Development, Company Culture",,3.3,477,3.6k,49,45,IT Services & Consulting | Bengaluru +11 other locations,NA
2287,Suzlon Global Services,"Job Security, Skill Development","Promotions, Salary",3.8,476,1.3k,54,--,Pune +64 other locations,NA
2288,Numeric UPS,"Company Culture, Job Security",Promotions,4.0,476,1.2k,14,34,Electrical Equipment | Chennai +80 other locations,NA
2289,Brainvire,"Job Security, Promotions, Company Culture",,3.0,476,1.7k,78,28,IT Services & Consulting | Ahmedabad +10 other locations,NA
2290,Gopal Snacks Limited,"Company Culture, Work Life Balance, Skill Development",,4.2,476,1.2k,41,2,FMCG | Rajkot +97 other locations,NA
2291,ZF Friedrichshafen,Work Life Balance,Promotions,3.8,475,2.1k,33,--,Auto Components | Chennai +18 other locations,NA
2292,Paradeep Phosphates,Job Security,"Promotions, Salary",3.9,475,1.5k,61,2,Agro Chemicals | Paradip +49 other locations,NA
2293,SBI Mutual Fund,"Job Security, Work Life Balance","Promotions, Salary",3.8,475,1.8k,30,5,Financial Services | Mumbai +154 other locations,NA
2294,Aludecor Lamination,Skill Development,Promotions,3.9,475,1.7k,43,26,Building Material | Haridwar +51 other locations,NA
2295,Meghmani Organics,"Promotions, Salary",,3.7,474,2.3k,46,4,Chemicals | Bharuch +27 other locations,NA
2296,Landis+Gyr,"Job Security, Skill Development, Promotions",,2.8,474,2.7k,34,54,Electrical Equipment | Noida +11 other locations,NA
2297,Onshore Construction,"Promotions, Company Culture, Work Satisfaction",,3.7,474,1.5k,31,8,Engineering & Construction | Mumbai +43 other locations,NA
2298,Sany Heavy Industry,"Promotions, Company Culture, Work Life Balance",,3.7,474,1.9k,41,3,Industrial Machinery | Pune +58 other locations,NA
2299,Prime Focus Technologies,"Promotions, Salary, Job Security",,3.1,473,2.3k,41,--,Software Product | Bengaluru +17 other locations,NA
2300,Central Public Works Department,"Work Life Balance, Work Satisfaction, Skill Development",Promotions,4.1,473,1.3k,15,--,Government | New Delhi +124 other locations,NA
2301,Mediterranean Shipping Company,"Job Security, Company Culture, Work Life Balance",Promotions,4.0,475,2.4k,26,--,Ports & Shipping | Chennai +38 other locations,NA
2302,Moon Beverages,"Work Life Balance, Skill Development",Promotions,3.9,473,1.6k,26,--,Beverage | New Delhi +39 other locations,NA
2303,Keysight Technologies,"Work Life Balance, Company Culture, Job Security","Promotions, Salary, Skill Development",3.8,474,2.6k,36,52,Electronics Manufacturing | Gurugram +12 other locations,NA
2304,Avery Dennison,"Promotions, Skill Development, Work Satisfaction",,3.7,474,2k,42,34,Packaging | Bengaluru +33 other locations,NA
2305,IDS Infotech,"Promotions, Salary, Job Security",,3.6,473,1.4k,63,6,IT Services & Consulting | Sahibzada Ajit Singh Nagar +23 other locations,NA
2306,Ramco Industries,"Job Security, Work Life Balance, Work Satisfaction",Promotions,4.1,473,1.9k,22,3,Building Material | Chennai +77 other locations,NA
2307,Honda Logistics,"Promotions, Work Satisfaction, Salary",,3.6,473,1.5k,32,5,Logistics | Bhiwadi +27 other locations,NA
2308,RND Softech,"Promotions, Salary, Company Culture",,3.0,472,1.9k,42,--,BPO | Coimbatore +12 other locations,NA
2309,Teradata,Work Life Balance,"Job Security, Promotions, Skill Development",3.6,472,3.7k,62,21,Software Product | Hyderabad +10 other locations,NA
2310,Comcast,"Work Life Balance, Company Culture, Salary",Promotions,3.9,472,5.5k,94,1,Telecom | Chennai +12 other locations,NA
2311,Samsung Display,"Job Security, Work Life Balance, Company Culture","Promotions, Skill Development",3.8,472,2.2k,51,1,Electronics Manufacturing | Noida +12 other locations,NA
2312,Cloud4C,Job Security,"Company Culture, Work Life Balance, Work Satisfaction",3.5,473,3k,40,--,IT Services & Consulting | Hyderabad +9 other locations,NA
2313,Sayaji Hotels,"Company Culture, Work Life Balance, Work Satisfaction",,4.1,472,1k,14,2,Hospitality | Indore +38 other locations,NA
2314,Star Bazaar,Job Security,"Promotions, Work Satisfaction, Salary",3.8,472,1.5k,22,--,Retail | Mumbai +40 other locations,NA
2315,Bhilosa Industries,"Promotions, Salary",,3.7,472,2.2k,37,--,Fashion & Textile | Dadra & Nagar Haveli +13 other locations,NA
2316,Technico Industries,"Promotions, Company Culture, Work Satisfaction",,3.5,473,2k,42,2,Auto Components | Gurugram +20 other locations,NA
2317,Thales,Work Life Balance,"Promotions, Work Satisfaction, Skill Development",3.6,471,3.4k,52,176,IT Services & Consulting | Noida +18 other locations,NA
2318,Allied Blenders & Distillers,"Job Security, Work Life Balance",Promotions,4.0,471,1.5k,21,1,Beverage | Mumbai +85 other locations,NA
2319,WM Universal Solutions Private Limited,"Job Security, Work Life Balance","Promotions, Skill Development, Salary",3.6,471,2.2k,48,143,Waste Management | Indore +18 other locations,NA
2320,Jindal Aluminium,Salary,,3.9,471,1.9k,48,16,Metals & Mining | Bengaluru +20 other locations,NA
2321,Shalimar Paints,"Promotions, Job Security, Company Culture",,3.5,471,1.6k,31,7,Chemicals | Gurugram +86 other locations,NA
2322,Greenpanel Industries,"Salary, Work Life Balance",,3.9,471,1.8k,25,--,Furniture & Furnishing | Srikalahasti +74 other locations,NA
2323,Nash Industries,"Company Culture, Promotions, Salary",,3.4,471,2.3k,36,1,Industrial Machinery | Bengaluru +15 other locations,NA
2324,iNurture Education Solutions,"Promotions, Salary, Work Satisfaction",,2.5,471,1.4k,45,--,EdTech | Bengaluru +39 other locations,NA
2325,MagicPin,"Company Culture, Work Life Balance, Job Security",,2.5,471,1.9k,61,7,Internet | Gurugram +20 other locations,NA
2326,Oriental Structural Engineers,"Company Culture, Work Life Balance, Work Satisfaction",,4.3,470,1.2k,10,2,Engineering & Construction | New Delhi +63 other locations,NA
2327,Dana India,"Company Culture, Work Life Balance, Skill Development",Promotions,4.0,470,1.7k,38,2,Auto Components | Pune +26 other locations,NA
2328,Gulf Oil Lubricants,"Work Life Balance, Salary, Company Culture",Promotions,4.1,470,1.7k,29,3,Oil & Gas | Mumbai +82 other locations,NA
2329,Tata International,"Promotions, Salary, Work Satisfaction",,3.5,470,2.1k,24,13,Import & Export | Mumbai +40 other locations,NA
2330,Xanadu,"Job Security, Skill Development, Salary","Work Life Balance, Company Culture, Work Satisfaction",3.7,470,1.9k,63,2,Real Estate | Mumbai +13 other locations,NA
2331,Visaka Industries,Work Life Balance,"Promotions, Skill Development",3.8,470,1.7k,31,9,Building Material | Hyderabad +59 other locations,NA
2332,Mediamint,"Promotions, Work Satisfaction, Skill Development",,2.8,470,2.9k,44,69,Marketing & Advertising | Hyderabad +8 other locations,NA
2333,Bahwan Engineering,"Work Life Balance, Job Security, Company Culture",Promotions,4.0,470,994,25,1,Engineering & Construction | Muscat +24 other locations,NA
2334,Qcon,"Work Satisfaction, Skill Development, Company Culture",,4.3,470,1.1k,43,--,Engineering & Construction | Mumbai +28 other locations,NA
2335,McNally Bharat Engineering,"Work Life Balance, Job Security","Promotions, Salary",3.9,469,1.4k,13,1,Engineering & Construction | Kolkata +57 other locations,NA
2336,Paharpur Cooling Towers,"Job Security, Salary",Promotions,3.9,469,2k,29,6,Industrial Machinery | Kolkata +51 other locations,NA
2337,Atyati Technologies,"Company Culture, Work Life Balance, Work Satisfaction",Promotions,4.0,469,1.5k,34,1,IT Services & Consulting | Bengaluru +103 other locations,NA
2338,Godrej Interio,Job Security,Promotions,3.8,469,2k,32,--,Furniture & Furnishing | Mumbai +68 other locations,NA
2339,British Council,"Promotions, Job Security, Salary",,3.5,469,2k,27,10,Education & Training | New Delhi +24 other locations,NA
2340,Aditya Birla Housing Finance,"Skill Development, Salary",,3.8,469,1.8k,20,--,NBFC | Mumbai +95 other locations,NA
2341,Magneti Marelli Motherson Auto System,Job Security,Promotions,3.9,469,1.3k,24,--,Auto Components | Pune +19 other locations,NA
2342,Liberty General Insurance,"Promotions, Work Satisfaction",,3.7,468,1.9k,21,--,Insurance | Mumbai +85 other locations,NA
2343,Titagarh Rail Systems,"Company Culture, Work Life Balance, Promotions",,2.6,468,1.8k,35,6,Railways | Kolkata +18 other locations,NA
2344,Marble Box,"Job Security, Promotions, Work Satisfaction",,3.7,468,909,29,--,BPO | Kolkata +6 other locations,NA
2345,Hyundai Glovis,"Promotions, Work Satisfaction, Job Security",,3.6,468,1.9k,26,6,Logistics | Anantapur +22 other locations,NA
2346,Anthem Biosciences,"Salary, Job Security","Company Culture, Work Satisfaction",3.9,468,2.6k,37,1,Pharma | Bengaluru +15 other locations,NA
2347,Symphony,"Work Life Balance, Company Culture, Work Satisfaction",,4.6,467,1.1k,63,3,Consumer Electronics & Appliances | Ahmedabad +88 other locations,NA
2348,Cera Sanitaryware,"Salary, Work Life Balance, Company Culture",,4.0,468,1.7k,34,8,Building Material | Ahmedabad +79 other locations,NA
2349,smartData Enterprises,"Job Security, Company Culture, Work Life Balance",,2.9,467,1.6k,39,4,IT Services & Consulting | Nagpur +12 other locations,NA
2350,MKC Infrastructure Ltd.,"Promotions, Company Culture, Salary",,3.5,467,1.4k,39,--,Engineering & Construction | Gandhinagar +52 other locations,NA
2351,NBTC GROUP,"Company Culture, Work Life Balance, Promotions",,3.2,467,1.1k,23,2,Oil & Gas | Chennai +27 other locations,NA
2352,Kaynes Technology,"Promotions, Salary, Company Culture",,3.2,466,1.7k,51,8,Electronics Manufacturing | Mysuru +17 other locations,NA
2353,CommScope,"Work Life Balance, Salary",Promotions,3.8,465,3.1k,41,8,Telecom | Bengaluru +20 other locations,NA
2354,Infovision,"Job Security, Promotions, Work Satisfaction",,3.5,465,4k,50,56,IT Services & Consulting | Pune +12 other locations,NA
2355,NKG Infrastructure,"Promotions, Job Security, Salary",,3.2,465,1.4k,27,8,Engineering & Construction | New Delhi +48 other locations,NA
2356,TAO Digital,"Promotions, Job Security, Skill Development",,3.6,465,1.4k,119,59,IT Services & Consulting | Hyderabad +9 other locations,NA
2357,Yethi Consulting,"Promotions, Salary, Company Culture",,3.4,465,3.3k,65,3,IT Services & Consulting | Bengaluru +11 other locations,NA
2358,Dow Chemical International Private Limited,"Promotions, Job Security, Work Satisfaction",,3.6,465,2.3k,38,93,Chemicals | Mumbai +16 other locations,NA
2359,LuLu Group International,"Promotions, Salary, Company Culture",,3.4,465,2.3k,34,1,Retail | Kochi +40 other locations,NA
2360,GM Modular,Promotions,,3.8,465,1.9k,27,33,Electrical Equipment | Mumbai +72 other locations,NA
2361,Jupiter Hospital,"Job Security, Skill Development",Promotions,3.9,465,1.6k,23,7,Healthcare | Pune +14 other locations,NA
2362,Confidence Petroleum India,"Promotions, Job Security, Salary",,3.2,464,1.7k,35,12,Oil & Gas | Nagpur +52 other locations,NA
2363,Bharat Seats,"Promotions, Company Culture, Job Security",,3.7,463,1.6k,33,5,Auto Components | Gurugram +21 other locations,NA
2364,CS TECH Ai,"Salary, Work Life Balance, Company Culture",Promotions,3.9,464,1.6k,39,--,IT Services & Consulting | Nagpur +47 other locations,NA
2365,Stryker,"Work Life Balance, Company Culture",Promotions,3.8,463,3.6k,51,136,Medical Equipment | Gurugram +23 other locations,NA
2366,Bandhan Life,"Work Satisfaction, Promotions, Company Culture",,3.2,463,1.3k,16,29,Insurance | Mumbai +88 other locations,NA
2367,Revent Group,Work Life Balance,"Promotions, Company Culture",3.8,463,720,17,--,Auto Components | Gurugram +30 other locations,NA
2368,Seoyon E-hwa Automotive,"Promotions, Company Culture, Salary",,3.5,462,2.3k,27,1,Auto Components | Chennai +19 other locations,NA
2369,Sulekha.com,"Promotions, Work Satisfaction, Skill Development",,3.3,462,1.7k,23,2,Internet | Chennai +19 other locations,NA
2370,GHCL Limited,"Work Life Balance, Company Culture, Job Security",Promotions,3.9,462,1.6k,37,11,Chemicals | Sutrapada +29 other locations,NA
2371,Aimil Pharmaceuticals,"Promotions, Salary, Work Satisfaction",,3.6,462,1.8k,24,2,Pharma | New Delhi +60 other locations,NA
2372,Texmaco Rail and Engineering,Promotions,,3.8,462,1.7k,26,16,Engineering & Construction | Kolkata +50 other locations,NA
2373,Essjay Ericsson,"Company Culture, Skill Development, Work Life Balance",,4.2,462,871,11,--,Analytics & KPO | New Delhi +79 other locations,NA
2374,TresVista,"Work Life Balance, Work Satisfaction, Company Culture",,2.3,462,3.2k,140,55,Analytics & KPO | Pune +11 other locations,NA
2375,In Time Tec Visionsoft,"Promotions, Salary, Work Life Balance",,3.2,462,2.4k,50,31,IT Services & Consulting | Jaipur +10 other locations,NA
2376,Venky's,"Job Security, Work Life Balance","Promotions, Salary, Skill Development",3.7,462,1.5k,26,8,Food Processing | Pune +69 other locations,NA
2377,Grant Thornton Bharat,"Promotions, Work Satisfaction, Work Life Balance",,3.5,462,2.5k,89,1,Accounting & Auditing | Gurugram +37 other locations,NA
2378,Subex,"Promotions, Salary, Work Satisfaction",,3.4,461,3.1k,37,9,Software Product | Bengaluru +9 other locations,NA
2379,Henkel Adhesives Technologies,"Work Life Balance, Company Culture, Salary",Promotions,4.1,461,2k,22,3,Chemicals | Pune +29 other locations,NA
2380,Kiswok Industries,"Promotions, Company Culture, Work Life Balance",,3.3,460,1.8k,41,5,Iron & Steel | Kolkata +8 other locations,NA
2381,Stovekraft,"Work Life Balance, Work Satisfaction, Skill Development",,4.0,460,1.8k,33,12,Consumer Electronics & Appliances | Bengaluru +57 other locations,NA
2382,Speridian Technologies,"Job Security, Promotions, Skill Development",,3.4,460,3.3k,53,12,IT Services & Consulting | Bengaluru +20 other locations,NA
2383,Torrent Gas,"Promotions, Salary, Company Culture",,3.1,461,2.3k,57,3,Oil & Gas | Ahmedabad +32 other locations,NA
2384,St. Xavier's High School,"Promotions, Company Culture, Job Security",,3.7,460,1.5k,19,35,Pharma | Gurugram +127 other locations,NA
2385,AIRBUS,"Work Life Balance, Job Security","Promotions, Skill Development, Work Satisfaction",3.6,459,4.7k,82,3,Aviation | Bengaluru +11 other locations,NA
2386,Iksula,"Job Security, Promotions, Work Satisfaction",,3.2,459,1.9k,34,5,IT Services & Consulting | Mumbai +11 other locations,NA
2387,Eurokids,"Skill Development, Company Culture, Work Life Balance","Salary, Promotions",3.9,460,1.3k,18,1,Education & Training | Mumbai +75 other locations,NA
2388,Bada Business,"Company Culture, Skill Development, Salary",,4.0,459,1.6k,61,545,Internet | New Delhi +54 other locations,NA
2389,Novotel Hotels,"Job Security, Skill Development, Company Culture",,4.0,459,1.3k,27,--,Hospitality | Mumbai +31 other locations,NA
2390,Indofil Industries,"Work Life Balance, Salary, Company Culture",Promotions,4.1,459,1.9k,19,--,Agro Chemicals | Bharuch +54 other locations,NA
2391,Avalara Technologies,"Job Security, Promotions, Work Satisfaction",,2.8,459,3.3k,76,14,Software Product | Pune +6 other locations,NA
2392,Purplle.com,"Promotions, Work Satisfaction, Company Culture",,3.5,459,2k,36,107,Retail | Mumbai +39 other locations,NA
2393,Railtel Corporation Of India,"Promotions, Company Culture, Salary",,3.6,458,2k,29,--,Hardware & Networking | New Delhi +76 other locations,NA
2394,RPG Life Sciences,"Promotions, Salary, Company Culture",,3.6,458,1.6k,15,8,Pharma | Ankleshwar +49 other locations,NA
2395,Saudi Binladin Group,"Work Life Balance, Work Satisfaction, Job Security",,4.3,458,731,33,--,Engineering & Construction | Jeddah +33 other locations,NA
2396,Pocket FM,"Job Security, Promotions, Company Culture",,2.7,457,1.9k,70,12,Media & Entertainment | Bengaluru +17 other locations,NA
2397,Del Monte Foods,"Work Life Balance, Salary, Work Satisfaction",Promotions,4.0,458,1.5k,18,11,Food Processing | Gurugram +61 other locations,NA
2398,Sahyadri Hospital,"Job Security, Skill Development, Company Culture",,4.2,457,1.4k,32,53,Healthcare | Pune +11 other locations,NA
2399,Statusneo,"Salary, Company Culture, Work Life Balance",,4.0,459,1.6k,166,24,IT Services & Consulting | Gurugram +19 other locations,NA
2400,Synopsys,"Promotions, Work Satisfaction, Skill Development",,3.6,456,3.9k,106,80,Semiconductors | Bengaluru +10 other locations,NA
2401,Mahle Anand Thermal Systems,"Job Security, Company Culture, Skill Development",Promotions,4.1,456,1.7k,31,--,Auto Components | Pune +17 other locations,NA
2402,Flamingo Pharmaceuticals,"Promotions, Company Culture, Salary",,3.1,456,1.9k,36,30,Pharma | Mumbai +11 other locations,NA
2403,Kolte Patil Developers,"Work Life Balance, Salary, Company Culture",Promotions,4.1,456,2k,22,16,Real Estate | Pune +9 other locations,NA
2404,Realme,"Job Security, Promotions, Company Culture",,3.7,456,1.6k,33,--,Consumer Electronics & Appliances | Gurugram +101 other locations,NA
2405,Pratham Education Foundation,"Skill Development, Company Culture, Work Life Balance",,4.1,457,973,16,--,Education & Training | New Delhi +110 other locations,NA
2406,Kyungshin Industrial Motherson,"Promotions, Salary, Company Culture",,3.3,455,2.1k,25,--,Electrical Equipment | Chennai +18 other locations,NA
2407,Dharampal Premchand,"Work Life Balance, Job Security, Company Culture",,4.2,455,1.3k,25,1,FMCG | Noida +69 other locations,NA
2408,House of EdTech,"Promotions, Salary, Skill Development",,4.3,455,231,115,19,Marketing & Advertising | Kolkata +2 other locations,NA
2409,Gaurs Group,"Work Life Balance, Company Culture, Work Satisfaction",,4.2,456,1.5k,31,33,Real Estate | Noida +13 other locations,NA
2410,Loadshare Networks,"Job Security, Promotions, Company Culture",,3.5,455,1.6k,45,13,Logistics | Bengaluru +74 other locations,NA
2411,SISL Infotech,"Promotions, Job Security, Skill Development",,3.5,455,2.4k,24,184,IT Services & Consulting | New Delhi +41 other locations,NA
2412,Paper Boat(Hector Beverages Pvt. Ltd.),"Salary, Work Life Balance, Job Security",Promotions,3.9,455,1.3k,24,3,Beverage | Bengaluru +108 other locations,NA
2413,Espire Infolabs,"Promotions, Job Security, Work Satisfaction",,2.4,455,2.6k,27,23,IT Services & Consulting | Gurugram +10 other locations,NA
2414,Joyalukkas,"Salary, Job Security, Company Culture",,4.3,501,995,64,3,Retail | Bengaluru +70 other locations,NA
2415,Ergode,"Job Security, Promotions, Company Culture",,3.2,455,1.5k,30,41,IT Services & Consulting | Mumbai +12 other locations,NA
2416,LT Foods,"Company Culture, Work Life Balance, Job Security",Promotions,3.9,454,1.6k,24,--,FMCG | Gurugram +65 other locations,NA
2417,SMEC,"Promotions, Job Security, Skill Development",,3.6,454,1.5k,30,45,Real Estate | Bengaluru +68 other locations,NA
2418,Red Hat,"Company Culture, Work Life Balance, Skill Development",Promotions,4.3,454,3.8k,64,31,Software Product | Pune +14 other locations,NA
2419,Balmer Lawrie,"Job Security, Work Life Balance","Promotions, Work Satisfaction, Skill Development",3.6,454,1.9k,33,--,Packaging | Kolkata +37 other locations,NA
2420,Prodair Air Products,"Work Life Balance, Salary, Company Culture","Job Security, Promotions, Skill Development",3.7,453,2.3k,29,--,Oil & Gas | Pune +21 other locations,NA
2421,Gokaldas Exports,Job Security,Promotions,3.9,454,1.7k,39,20,Fashion & Textile | Bengaluru +25 other locations,NA
2422,Puravankara,"Skill Development, Promotions, Company Culture",,3.5,453,2k,24,26,Real Estate | Bengaluru +13 other locations,NA
2423,Caresoft Global,"Promotions, Work Satisfaction, Salary",,3.4,453,3.3k,52,--,Automobile | Coimbatore +17 other locations,NA
2424,B. Braun Medical,"Work Life Balance, Job Security, Company Culture",Promotions,4.1,453,1.7k,22,6,Healthcare | Mumbai +49 other locations,NA
2425,Miracle Software Systems,"Skill Development, Work Life Balance, Work Satisfaction",Salary,3.8,453,1.9k,44,30,IT Services & Consulting | Visakhapatnam +12 other locations,NA
2426,ByteDance,"Company Culture, Work Life Balance, Salary","Job Security, Promotions",4.1,453,2.2k,38,9,Internet | Gurugram +14 other locations,NA
2427,Prism Cement,"Work Life Balance, Job Security, Company Culture",,4.0,452,1.2k,38,1,Building Material | Satna +77 other locations,NA
2428,Mymd Healthcare,"Salary, Company Culture, Work Life Balance",,4.2,452,410,27,--,Internet | Kolkata +23 other locations,NA
2429,Bharat Bijlee,"Job Security, Work Life Balance, Company Culture",,4.2,452,1.6k,27,11,Electrical Equipment | Mumbai +25 other locations,NA
2430,ITI,Work Life Balance,,3.7,452,1.4k,40,--,Hardware & Networking | Bengaluru +84 other locations,NA
2431,Emergys,"Promotions, Salary, Company Culture",,3.3,452,3.3k,44,12,Software Product | Pune +11 other locations,NA
2432,NTPC GE Power Services,"Salary, Job Security",Promotions,3.9,452,1.6k,57,--,Power | Jharsuguda +27 other locations,NA
2433,OLX Autos,Salary,"Job Security, Promotions",3.9,451,1.5k,30,--,Internet | Gurugram +35 other locations,NA
2434,Corona Remedies,"Company Culture, Work Life Balance, Job Security",,4.2,451,1.4k,13,--,Pharma | Ahmedabad +67 other locations,NA
2435,CodeClouds,"Work Life Balance, Company Culture, Salary",,3.9,451,1.2k,57,36,Software Product | Kolkata +6 other locations,NA
2436,Bhagwati Products,"Promotions, Company Culture, Job Security",,3.6,451,1.2k,21,10,Consumer Electronics & Appliances | Noida +20 other locations,NA
2437,Almarai,"Job Security, Company Culture, Work Satisfaction",,4.3,451,834,24,--,Food Processing | Riyadh +43 other locations,NA
2438,JNS Instruments,"Work Life Balance, Company Culture, Work Satisfaction","Promotions, Salary",4.0,451,1.9k,34,12,Industrial Machinery | Gurugram +23 other locations,NA
2439,Portea Medical,"Promotions, Job Security, Salary",,3.7,450,1.3k,34,1,Healthcare | Bengaluru +44 other locations,NA
2440,Yusen Logistics,"Job Security, Work Life Balance, Skill Development",,4.0,450,1.8k,17,3,Logistics | Mumbai +38 other locations,NA
2441,Anunta Technology Management Services,"Promotions, Work Satisfaction, Job Security",,3.3,450,2.3k,39,16,IT Services & Consulting | Mumbai +20 other locations,NA
2442,Ashapura Group Of Industries,"Work Life Balance, Job Security, Company Culture",Promotions,4.1,451,1.8k,30,3,Metals & Mining | Bhuj +34 other locations,NA
2443,Khadims,"Promotions, Salary, Skill Development",,3.7,450,1.3k,17,--,Fashion & Textile | Kolkata +66 other locations,NA
2444,Vijai Electricals,Skill Development,"Promotions, Salary",3.6,449,1.3k,18,--,Power | Hyderabad +46 other locations,NA
2445,Honour Lab,Job Security,Promotions,3.8,449,1.8k,25,--,Pharma | Hyderabad +19 other locations,NA
2446,Majesco,"Job Security, Promotions, Skill Development",,2.9,449,3.1k,34,33,IT Services & Consulting | Mumbai +9 other locations,NA
2447,Kataria Automobiles,"Job Security, Promotions, Work Satisfaction",,3.6,449,1.6k,21,5,Automobile | Ahmedabad +27 other locations,NA
2448,AQM Technologies,"Promotions, Company Culture, Work Life Balance",,3.1,451,3.5k,55,24,IT Services & Consulting | Mumbai +13 other locations,NA
2449,Reliance Infrastructure,"Work Life Balance, Company Culture, Job Security",,4.1,448,2k,30,--,Engineering & Construction | Mumbai +64 other locations,NA
2450,Kaya Skin Clinic,"Promotions, Company Culture, Work Life Balance",,3.4,448,1.2k,23,20,Beauty & Personal Care | Mumbai +36 other locations,NA
2451,Usha Martin,"Job Security, Work Life Balance, Company Culture",Promotions,4.0,448,1.4k,23,1,Iron & Steel | Ranchi +29 other locations,NA
2452,BSCPL Infrastructure,"Promotions, Salary",,3.9,447,1.3k,31,2,Engineering & Construction | Hyderabad +47 other locations,NA
2453,Rapido,"Promotions, Work Satisfaction, Job Security",,3.5,447,2.3k,42,35,Internet | Bengaluru +61 other locations,NA
2454,Orion Innovation,"Promotions, Company Culture, Job Security",,3.5,448,3.7k,46,--,IT Services & Consulting | Chennai +12 other locations,NA
2455,SBI Capital Markets,"Promotions, Salary, Company Culture",,3.7,448,2.1k,25,--,Financial Services | Mumbai +135 other locations,NA
2456,Orient Craft,"Work Satisfaction, Company Culture, Skill Development",,3.8,446,1.4k,8,--,Fashion & Textile | Gurugram +14 other locations,NA
2457,Toyota,"Company Culture, Work Life Balance, Skill Development",,4.2,447,1.8k,49,--,Automobile | Bengaluru +113 other locations,NA
2458,AVAYA,"Job Security, Promotions, Skill Development",,3.2,446,2.9k,46,1,Software Product | Pune +17 other locations,NA
2459,Karvy Data Management,"Promotions, Salary, Job Security",,3.3,446,804,2,--,Hyderabad +41 other locations,NA
2460,Polestar Analytics,"Skill Development, Company Culture, Work Life Balance",,4.1,447,1.2k,24,10,IT Services & Consulting | Noida +10 other locations,NA
2461,Birla White,"Job Security, Company Culture, Work Life Balance",Promotions,4.1,446,1.2k,40,--,Building Material | Jodhpur +114 other locations,NA
2462,TruBridge Healthcare Private Limited,"Work Life Balance, Work Satisfaction, Skill Development",,3.9,446,661,146,11,Analytics & KPO | Mumbai +6 other locations,NA
2463,Fuji Electric,"Promotions, Salary, Work Satisfaction",,3.6,445,1.8k,21,6,Electronics Manufacturing | Chennai +38 other locations,NA
2464,NetApp,Salary,"Job Security, Promotions, Skill Development",3.7,445,4.2k,76,49,IT Services & Consulting | Bengaluru +9 other locations,NA
2465,ELGI Equipments,"Company Culture, Job Security, Work Life Balance",Promotions,4.0,445,2.1k,27,39,Industrial Machinery | Coimbatore +32 other locations,NA
2466,Allegis Group,"Promotions, Skill Development, Salary",,3.5,446,2.8k,24,1,Recruitment | Bengaluru +13 other locations,NA
2467,Brembo Brake India,"Job Security, Company Culture, Work Life Balance",Promotions,4.0,445,1.6k,22,--,Auto Components | Pune +16 other locations,NA
2468,TriGeo Technologies,"Promotions, Company Culture, Salary",,3.2,444,1.7k,28,--,IT Services & Consulting | Hyderabad +5 other locations,NA
2469,Knack RCM,"Work Life Balance, Work Satisfaction, Promotions",,3.0,444,1.8k,53,13,BPO | Jaipur +11 other locations,NA
2470,FabHotels,"Job Security, Promotions, Skill Development",,3.2,444,2k,46,1,Hospitality | Gurugram +33 other locations,NA
2471,Ciena,"Company Culture, Work Life Balance, Salary",Promotions,4.0,444,3.2k,45,--,Telecom | Gurugram +12 other locations,NA
2472,T.v. Sundram Iyengar & Sons,"Company Culture, Job Security, Skill Development",Promotions,3.9,443,1.1k,10,--,Automobile | Chennai +78 other locations,NA
2473,GS Lab,Work Life Balance,"Job Security, Promotions, Work Satisfaction",3.7,443,3.4k,64,--,IT Services & Consulting | Pune +8 other locations,NA
2474,Flatworld Solutions,"Promotions, Salary, Skill Development",,3.3,443,2.9k,33,16,IT Services & Consulting | Bengaluru +10 other locations,NA
2475,Meyer Organics,"Promotions, Work Satisfaction, Salary",,3.6,443,1.5k,30,14,Pharma | Mumbai +71 other locations,NA
2476,Mjunction Services,"Job Security, Work Life Balance, Company Culture",Promotions,3.8,444,1.8k,26,--,IT Services & Consulting | Kolkata +30 other locations,NA
2477,Go Colors,"Work Life Balance, Job Security",Promotions,3.9,443,1k,13,1,Fashion & Textile | Chennai +74 other locations,NA
2478,Tata Steel Downstream Products,Job Security,"Promotions, Salary, Work Satisfaction",3.7,443,1.5k,47,2,Iron & Steel | Jamshedpur +37 other locations,NA
2479,Freecharge,Work Life Balance,Promotions,3.7,443,3k,69,33,FinTech | Gurugram +63 other locations,NA
2480,Midland Microfin Limited,"Promotions, Salary, Company Culture",,3.5,444,904,35,--,NBFC | Jalandhar +134 other locations,NA
2481,Zscaler Softech,Salary,"Job Security, Promotions, Work Satisfaction",3.3,444,3.2k,83,137,Software Product | Bengaluru +15 other locations,NA
2482,Vision India Services,"Company Culture, Work Life Balance, Work Satisfaction",Promotions,4.0,443,1.4k,55,--,Recruitment | Noida +101 other locations,NA
2483,DB Power Limited,"Work Life Balance, Job Security, Company Culture",,4.7,443,751,64,--,Power | Raigarh +13 other locations,NA
2484,Neilsoft,"Promotions, Salary, Work Satisfaction",,3.1,443,3.1k,47,28,Engineering & Construction | Pune +11 other locations,NA
2485,SPAR Hypermarkets,"Company Culture, Work Life Balance, Job Security",Promotions,3.9,442,1.3k,25,4,Retail | Bengaluru +30 other locations,NA
2486,Nuvama Wealth and Investment,"Promotions, Work Satisfaction, Job Security",,3.3,441,2.4k,19,11,Financial Services | Mumbai +56 other locations,NA
2487,Bengal Beverages,"Promotions, Company Culture, Work Satisfaction",,3.0,441,1.4k,35,3,Beverage | Kolkata +15 other locations,NA
2488,LKQ INDIA,"Promotions, Salary, Work Satisfaction",,3.4,441,2.5k,39,13,IT Services & Consulting | Bengaluru +5 other locations,NA
2489,Transasia Bio-Medicals,"Promotions, Company Culture, Work Satisfaction",,3.3,441,1.8k,23,22,Biotechnology | Mumbai +54 other locations,NA
2490,Fossil Group,"Work Life Balance, Company Culture",Promotions,3.9,442,2.1k,35,19,Fashion & Textile | Bengaluru +41 other locations,NA
2491,SABIC,"Work Life Balance, Company Culture, Salary",Promotions,4.1,440,1.5k,34,2,Chemicals | Bengaluru +21 other locations,NA
2492,Rieter,Work Life Balance,"Promotions, Job Security, Skill Development",3.5,440,2.3k,31,9,Industrial Machinery | Pune +15 other locations,NA
2493,Mashreq Global Services,"Promotions, Skill Development, Work Satisfaction",,3.1,440,2.5k,29,41,Banking | Bengaluru +10 other locations,NA
2494,Godrej Jersey,"Company Culture, Work Life Balance, Job Security",,4.0,441,1.3k,26,4,Food Processing | Hyderabad +45 other locations,NA
2495,Sunwoda Electronic India Pvt Ltd,"Job Security, Company Culture",Promotions,4.0,440,1.9k,40,2,Electronics Manufacturing | Noida +8 other locations,NA
2496,Deluxe Entertainment,"Promotions, Job Security, Skill Development",,3.5,440,2.5k,38,4,Media & Entertainment | Bengaluru +12 other locations,NA
2497,Cipla Health,"Salary, Company Culture, Work Life Balance",,4.2,440,1.4k,44,--,Pharma | Mumbai +88 other locations,NA
2498,H & R Johnson,Salary,"Promotions, Work Satisfaction, Company Culture",3.5,441,1.2k,10,--,Building Material | Mumbai +75 other locations,NA
2499,NR Switch N Radio Services,Work Life Balance,"Promotions, Job Security",3.8,439,1.1k,22,18,Telecom | Kota +74 other locations,NA
2500,DesignTech Systems,"Promotions, Company Culture, Work Satisfaction",,3.3,439,2k,45,19,IT Services & Consulting | Pune +33 other locations,NA
2501,Konexions Back Office Services,"Promotions, Salary, Company Culture",,2.7,439,1.7k,36,5,BPO | New Delhi +21 other locations,NA
2502,K D Hospital,"Company Culture, Job Security, Skill Development",,4.5,438,354,22,28,Healthcare | Ahmedabad +8 other locations,NA
2503,Zypp Electric,"Salary, Company Culture, Work Life Balance",,4.0,438,1k,36,4,Internet | Gurugram +12 other locations,NA
2504,Dun & Bradstreet,"Promotions, Job Security, Work Satisfaction",,3.0,438,3k,43,13,Analytics & KPO | Mumbai +16 other locations,NA
2505,Montecarlo Construction,"Salary, Work Life Balance, Company Culture",,4.2,438,1.3k,51,--,Engineering & Construction | Ahmedabad +82 other locations,NA
2506,Cimpress,"Company Culture, Work Life Balance","Promotions, Job Security, Skill Development",3.8,438,3k,70,13,Printing & Publishing | Mumbai +8 other locations,NA
2507,Clean Harbors,"Promotions, Skill Development, Company Culture",,3.4,439,2.8k,36,17,Waste Management | Hyderabad +3 other locations,NA
2508,Ozone Overseas,Promotions,,3.9,438,1.5k,33,16,Building Material | New Delhi +59 other locations,NA
2509,Flipkart Health+,"Promotions, Job Security, Work Satisfaction",,3.5,438,1.6k,33,--,Internet | Kolkata +38 other locations,NA
2510,PULSUS HealthTech Group,"Salary, Promotions, Job Security",,3.2,438,1.3k,35,15,Printing & Publishing | Visakhapatnam +8 other locations,NA
2511,Aptech,"Promotions, Work Satisfaction, Skill Development",,3.3,437,1.7k,29,--,Education & Training | Mumbai +72 other locations,NA
2512,Tata Steel Colors,Job Security,"Promotions, Salary",3.7,437,1.6k,34,6,Iron & Steel | Jamshedpur +39 other locations,NA
2513,SoftwareOne,Work Life Balance,"Promotions, Skill Development, Work Satisfaction",3.8,437,3.6k,52,54,Software Product | Gurugram +18 other locations,NA
2514,Indian Immunologicals,"Work Life Balance, Job Security, Work Satisfaction",Promotions,4.1,438,1.7k,23,--,Biotechnology | Hyderabad +31 other locations,NA
2515,Dee Piping System,"Work Satisfaction, Skill Development, Salary",,4.1,437,1.6k,29,2,Engineering & Construction | Faridabad +21 other locations,NA
2516,Falcon Autotech,Promotions,,3.9,437,2k,53,1,Industrial Automation | Noida +18 other locations,NA
2517,Infosys Consulting,"Job Security, Work Life Balance","Promotions, Salary, Work Satisfaction",3.4,437,4k,181,--,IT Services & Consulting | Bengaluru +27 other locations,NA
2518,IL&FS Engineering and Construction,"Work Life Balance, Company Culture, Work Satisfaction",Promotions,4.4,435,941,17,6,Engineering & Construction | Hyderabad +52 other locations,NA
2519,Premium Transmission,"Promotions, Company Culture, Job Security",,3.4,435,2k,53,13,Industrial Machinery | Pune +17 other locations,NA
2520,Thrillophilia,,,3.7,435,919,38,17,Travel & Tourism | Jaipur +7 other locations,NA
2521,Kothari Agritech,"Work Life Balance, Job Security, Company Culture",,4.2,434,722,47,4,Building Material | Solapur +123 other locations,NA
2522,Regency Hospital Ltd,"Work Life Balance, Job Security, Skill Development",,4.1,434,1.4k,24,10,Healthcare | Kanpur +17 other locations,NA
2523,The Indian Hotels Company,"Job Security, Company Culture, Skill Development",Promotions,4.0,434,1.8k,29,--,Hospitality | Mumbai +57 other locations,NA
2524,Talbros,"Promotions, Salary",,3.8,435,1.7k,33,1,Auto Components | Faridabad +26 other locations,NA
2525,Nagarjuna Fertilizers and Chemicals,"Company Culture, Work Life Balance, Skill Development","Promotions, Salary",4.1,433,1.3k,19,--,Agro Chemicals | Kakinada +69 other locations,NA
2526,NIFTEL COMMUNICATIONS,Promotions,,3.7,433,794,93,7,BPO | Lucknow +14 other locations,NA
2527,Intercontinental Exchange,"Promotions, Company Culture, Work Satisfaction",,3.1,433,2.8k,44,--,Financial Services | Hyderabad +7 other locations,NA
2528,Aker Solutions,"Work Life Balance, Company Culture, Work Satisfaction",Promotions,4.0,433,2.2k,37,1,Engineering & Construction | Mumbai +10 other locations,NA
2529,Nexteer Automotive,Promotions,,3.8,433,2.7k,28,--,Auto Components | Bengaluru +11 other locations,NA
2530,Willis Towers Watson,"Work Life Balance, Job Security","Promotions, Skill Development, Work Satisfaction",3.7,433,7.8k,119,20,Financial Services | Mumbai +12 other locations,NA
2531,Mungi Group,Skill Development,Promotions,4.0,433,1.8k,24,20,Auto Components | Pune +14 other locations,NA
2532,Rakuten Symphony,"Promotions, Job Security, Work Satisfaction",,3.6,433,3.6k,43,1,Telecom | Indore +9 other locations,NA
2533,IndusInd Capital,"Company Culture, Work Life Balance",Promotions,3.9,432,1.9k,20,1,Financial Services | Mumbai +87 other locations,NA
2534,ZTE Corporation,"Company Culture, Work Life Balance, Work Satisfaction","Job Security, Promotions, Salary",4.0,432,1.2k,21,1,Telecom | Gurugram +46 other locations,NA
2535,Tyger Capital,"Work Life Balance, Salary, Company Culture",,4.0,432,1.4k,29,8,Financial Services | Mumbai +123 other locations,NA
2536,Lambda Therapeutic Research,"Job Security, Salary, Skill Development",Company Culture,3.8,433,1.4k,20,16,Clinical Research | Ahmedabad +8 other locations,NA
2537,360 Realtors,"Work Life Balance, Job Security, Work Satisfaction",,3.5,432,1.5k,36,--,Real Estate | Pune +25 other locations,NA
2538,Honeywell International India,"Company Culture, Work Life Balance",Promotions,4.0,432,2.5k,39,--,Defence & Aerospace | Pune +23 other locations,NA
2539,Chettinad Cements,Salary,"Work Satisfaction, Promotions, Skill Development",3.8,432,2k,40,--,Building Material | Chennai +62 other locations,NA
2540,NOON.COM,"Promotions, Skill Development, Job Security",,3.2,431,2.7k,59,--,Internet | Gurugram +23 other locations,NA
2541,Western Union,"Job Security, Promotions, Work Satisfaction",,2.8,431,2.8k,39,6,FinTech | Pune +16 other locations,NA
2542,TotalEnergies,"Promotions, Salary, Work Satisfaction",,3.8,431,1.7k,35,11,Oil & Gas | Mumbai +65 other locations,NA
2543,Tata Steel Utilities and Infrastructure Services,"Work Life Balance, Job Security","Promotions, Salary, Work Satisfaction",3.6,431,1.2k,39,--,Engineering & Construction | Jamshedpur +19 other locations,NA
2544,IIMI Image Management Private Limited,"Company Culture, Work Life Balance, Work Satisfaction",,4.1,431,566,56,--,BPO | Kolkata +5 other locations,NA
2545,Calsoft,"Promotions, Job Security, Company Culture",,2.7,431,3.7k,57,53,IT Services & Consulting | Pune +7 other locations,NA
2546,Self Practice,"Skill Development, Work Life Balance, Work Satisfaction",,4.4,431,6k,69,--,Analytics & KPO | New Delhi +124 other locations,NA
2547,Ami Lifesciences,Salary,Promotions,3.8,431,1.8k,21,--,Pharma | Vadodara +10 other locations,NA
2548,Alankit,"Promotions, Salary, Work Satisfaction",,3.2,431,1.2k,47,4,Financial Services | New Delhi +40 other locations,NA
2549,KLAY Preschool and Daycare,"Promotions, Company Culture, Work Satisfaction",,3.6,431,1.4k,45,117,Bengaluru +18 other locations,NA
2550,Reshamandi,"Job Security, Promotions, Skill Development",,3.5,430,595,17,--,Fashion & Textile | Bengaluru +32 other locations,NA
2551,InfoBeans,"Promotions, Job Security, Skill Development",,3.3,430,3.7k,50,20,IT Services & Consulting | Indore +7 other locations,NA
2552,Mazagon Dock,"Work Life Balance, Work Satisfaction, Company Culture",Promotions,4.2,430,1.2k,21,--,Ports & Shipping | Mumbai +10 other locations,NA
2553,ZUCOL Services,"Promotions, Salary",,3.8,430,748,111,8,IT Services & Consulting | Jaipur +10 other locations,NA
2554,Asian Granito India,"Promotions, Job Security, Skill Development",,3.6,430,1.5k,17,2,Building Material | Ahmedabad +66 other locations,NA
2555,Impact Guru,"Promotions, Work Life Balance, Work Satisfaction",,3.5,431,1.6k,50,67,Internet | Mumbai +22 other locations,NA
2556,Le Méridien,"Job Security, Skill Development, Company Culture",,4.0,429,1.2k,22,--,Hospitality | New Delhi +27 other locations,NA
2557,FM LOGISTIC,"Work Life Balance, Job Security",Promotions,4.0,429,1.3k,31,2,Logistics | Pune +37 other locations,NA
2558,Ind-Swift Laboratories,"Job Security, Work Life Balance",Promotions,3.9,429,1.6k,21,11,Pharma | Chandigarh +26 other locations,NA
2559,Paynearby Technologies,"Salary, Company Culture, Work Life Balance",,3.9,429,1.4k,28,--,FinTech | Mumbai +122 other locations,NA
2560,ARMSOFTECH.AIR,"Promotions, Salary, Company Culture",,3.3,429,1.4k,29,--,IT Services & Consulting | Chennai +16 other locations,NA
2561,Freyr Solutions,Work Life Balance,"Promotions, Skill Development, Work Satisfaction",3.7,429,2.7k,33,15,IT Services & Consulting | Hyderabad +8 other locations,NA
2562,Tutopia,"Company Culture, Work Life Balance, Skill Development",,4.5,431,411,246,1,EdTech | Kolkata +4 other locations,NA
2563,Capital Foods,"Salary, Work Life Balance, Company Culture",,4.2,428,1.3k,32,5,Food Processing | Mumbai +74 other locations,NA
2564,Adani Logistics,"Promotions, Company Culture, Work Satisfaction",,3.7,429,1.8k,16,--,Logistics | Ahmedabad +74 other locations,NA
2565,GTL Infrastructure,"Company Culture, Work Life Balance, Work Satisfaction",Promotions,4.2,428,904,14,--,Hardware & Networking | Mumbai +47 other locations,NA
2566,Vcare Trichology,"Promotions, Job Security, Company Culture",,3.6,428,1.9k,44,33,Healthcare | Chennai +61 other locations,NA
2567,Bonfiglioli Transmissions Limited,"Work Life Balance, Promotions, Company Culture",,3.6,428,1.7k,38,7,Industrial Machinery | Chennai +23 other locations,NA
2568,Mahindra Lifespace Developers,"Work Life Balance, Job Security, Company Culture",,4.2,429,1.8k,27,5,Real Estate | Mumbai +23 other locations,NA
2569,Entrata,"Company Culture, Work Life Balance","Promotions, Skill Development",3.8,428,2.4k,42,2,Software Product | Pune +5 other locations,NA
2570,State Street Bank,"Promotions, Salary, Work Satisfaction",,3.5,428,3.2k,18,--,Banking | Bengaluru +18 other locations,NA
2571,UNIVO Education,"Promotions, Job Security, Work Life Balance",,3.4,428,1.5k,35,3,EdTech | Noida +10 other locations,NA
2572,e2open,Work Life Balance,"Promotions, Skill Development, Salary",3.5,428,3.6k,63,--,Software Product | Bengaluru +17 other locations,NA
2573,NeoGrowth Credit,"Job Security, Work Satisfaction, Company Culture",,3.0,428,1.8k,27,5,NBFC | Mumbai +33 other locations,NA
2574,Theobroma Foods,Promotions,,3.9,428,1.3k,25,27,Food Processing | Mumbai +34 other locations,NA
2575,A. O. Smith India Water Products Private Limited,Salary,"Promotions, Company Culture, Work Satisfaction",3.6,427,1.4k,21,4,Consumer Electronics & Appliances | Bengaluru +50 other locations,NA
2576,Powerweave,"Promotions, Salary, Skill Development",,3.3,427,1.7k,28,--,BPO | Mumbai +8 other locations,NA
2577,Nous Infosystems,"Promotions, Work Satisfaction, Salary",,3.5,428,3.5k,49,34,IT Services & Consulting | Bengaluru +8 other locations,NA
2578,Citykart Retail,"Work Satisfaction, Job Security",,3.7,427,1k,26,2,Retail | New Delhi +72 other locations,NA
2579,Kutchina,"Promotions, Salary, Job Security",,3.5,427,1.2k,16,1,Consumer Electronics & Appliances | Kolkata +65 other locations,NA
2580,AppInventiv Technologies,"Company Culture, Work Life Balance, Work Satisfaction",,4.0,427,2.7k,84,17,IT Services & Consulting | Noida +12 other locations,NA
2581,Arvind Fashions,Work Life Balance,Promotions,3.8,427,1.8k,26,--,Fashion & Textile | Bengaluru +62 other locations,NA
2582,OnePlus,"Promotions, Job Security",,3.7,427,2k,38,--,Consumer Electronics & Appliances | Bengaluru +59 other locations,NA
2583,Webkul Software,"Skill Development, Company Culture, Work Life Balance",,3.9,427,1.4k,86,5,Software Product | Noida +8 other locations,NA
2584,YKK,"Job Security, Work Life Balance","Promotions, Salary, Skill Development",3.7,426,1.4k,27,--,Fashion & Textile | Rewari +26 other locations,NA
2585,Ingersoll Rand,Work Life Balance,Promotions,3.8,427,2.5k,37,13,Industrial Machinery | Bengaluru +29 other locations,NA
2586,Ramada,Work Life Balance,,3.9,426,1k,20,3,Hospitality | Mumbai +59 other locations,NA
2587,CWT,"Promotions, Skill Development, Company Culture",,3.4,426,1.4k,8,--,Travel & Tourism | New Delhi +13 other locations,NA
2588,Siyaram Silk Mills,Job Security,Promotions,4.0,426,1.5k,23,14,Fashion & Textile | Mumbai +39 other locations,NA
2589,Groupon,"Job Security, Promotions, Skill Development",,3.0,425,2.3k,46,1,Internet | Chennai +9 other locations,NA
2590,Tessolve,"Promotions, Salary, Company Culture",,3.3,425,2.9k,65,4,Semiconductors | Bengaluru +11 other locations,NA
2591,International Automotive Components,"Skill Development, Job Security",Promotions,3.9,425,2k,25,5,Auto Components | Pune +17 other locations,NA
2592,Indian Institute of Technology Gandhinagar,"Work Life Balance, Skill Development, Company Culture",,4.1,426,2.5k,25,4,Education & Training | New Delhi +44 other locations,NA
2593,Haleon,"Promotions, Work Satisfaction, Job Security",,3.5,432,1.5k,53,35,Healthcare | Bengaluru +81 other locations,NA
2594,Yutika Natural,"Job Security, Promotions, Company Culture",,3.4,426,1k,23,8,Beauty & Personal Care | Indore +68 other locations,NA
2595,Skillmine Technology Consulting,"Work Life Balance, Work Satisfaction, Salary",,3.9,426,1.6k,47,12,Software Product | Bengaluru +14 other locations,NA
2596,Eurofins It Solutions,"Promotions, Work Satisfaction, Job Security",,2.9,424,3.5k,68,1,IT Services & Consulting | Bengaluru +6 other locations,NA
2597,Prolifics Corporation,"Promotions, Salary, Company Culture",,3.6,423,2.5k,64,20,IT Services & Consulting | Hyderabad +6 other locations,NA
2598,Haldia Petrochemicals,"Job Security, Work Life Balance","Promotions, Company Culture, Work Satisfaction",3.8,423,1.9k,42,1,Petrochemicals | Haldia +15 other locations,NA
2599,FCm Travel Solutions,"Promotions, Job Security, Work Satisfaction",,3.3,424,1.6k,14,4,Travel & Tourism | New Delhi +23 other locations,NA
2600,Indian Political Action Committee,"Job Security, Promotions, Work Life Balance",,2.8,423,1.8k,50,--,Other | Kolkata +20 other locations,NA
2601,Systems Plus,"Work Life Balance, Company Culture, Salary",,4.2,423,1.6k,32,66,IT Services & Consulting | Pune +11 other locations,NA
2602,Mann And Hummel Filter,"Company Culture, Work Life Balance",Promotions,3.9,423,1.8k,22,14,Industrial Machinery | Bengaluru +20 other locations,NA
2603,Baramati Agro,Promotions,,3.8,424,1.6k,29,--,Food Processing | Pune +48 other locations,NA
2604,Axis Finance,"Salary, Work Life Balance",,3.8,424,2.1k,26,212,NBFC | Mumbai +85 other locations,NA
2605,National Organic Chemical Industries,"Work Life Balance, Job Security, Skill Development","Promotions, Salary",3.9,422,1.9k,34,9,Chemicals | Bharuch +14 other locations,NA
2606,RSWM Limited,"Company Culture, Job Security, Work Life Balance",Promotions,4.1,423,1.3k,20,21,Fashion & Textile | Bhilwara +31 other locations,NA
2607,Fitelo,"Promotions, Job Security, Work Life Balance",,3.3,422,742,48,--,Fitness & Wellness | Sahibzada Ajit Singh Nagar +14 other locations,NA
2608,B.C. Jindal Group of Companies,"Salary, Work Life Balance",,3.9,422,1.1k,29,--,Iron & Steel | New Delhi +32 other locations,NA
2609,Tally Solutions,"Company Culture, Work Life Balance, Job Security",Promotions,4.0,423,2.4k,48,6,Software Product | Bengaluru +66 other locations,NA
2610,IMS People,"Promotions, Salary, Work Satisfaction",,3.6,422,2.2k,44,--,Recruitment | Ahmedabad +27 other locations,NA
2611,Chambal Fertilisers And Chemicals,"Job Security, Salary","Promotions, Work Life Balance, Company Culture",3.8,423,1.5k,29,--,Agro Chemicals | Kota +53 other locations,NA
2612,Flipkart Wholesale,Promotions,,3.8,422,1.1k,70,--,Internet | Bengaluru +58 other locations,NA
2613,Echobooom Management & Entrepreneurial Solutions,"Skill Development, Company Culture, Work Satisfaction",,3.8,422,478,115,35,Marketing & Advertising | Mumbai +19 other locations,NA
2614,ABCI Infrastructures,"Promotions, Company Culture, Work Satisfaction",,3.4,421,7.2k,79,5,Engineering & Construction | Bengaluru +51 other locations,NA
2615,Orient Bell,"Promotions, Company Culture, Work Satisfaction",,3.3,421,1.5k,24,10,Building Material | New Delhi +73 other locations,NA
2616,Lotte India Corporation,"Work Life Balance, Work Satisfaction",Promotions,4.0,421,1.4k,31,18,FMCG | Chennai +87 other locations,NA
2617,Jyoti CNC Automation,"Job Security, Skill Development",Promotions,3.9,421,1.4k,26,7,Industrial Machinery | Rajkot +31 other locations,NA
2618,Educomp Solutions,"Job Security, Promotions, Skill Development",,3.3,420,644,5,--,EdTech | Gurugram +111 other locations,NA
2619,Nettur Technical Training Foundation,"Promotions, Salary, Company Culture",,3.6,420,1.2k,27,8,Education & Training | Bengaluru +44 other locations,NA
2620,Silver Touch Technologies,"Promotions, Salary, Company Culture",,3.0,420,2.5k,34,10,IT Services & Consulting | New Delhi +40 other locations,NA
2621,Shiprocket Private Limited,"Promotions, Job Security, Work Satisfaction",,3.4,420,2.8k,59,19,Internet | Gurugram +15 other locations,NA
2622,Samsung C&T,"Salary, Company Culture, Work Life Balance",,4.2,420,1.4k,14,9,Engineering & Construction | Mumbai +27 other locations,NA
2623,Bmm Ispat,"Job Security, Work Life Balance, Skill Development",Promotions,3.9,420,1.5k,35,4,Iron & Steel | Hosapete +14 other locations,NA
2624,Hero Housing Finance,"Work Life Balance, Salary",Promotions,3.8,420,1.6k,23,5,NBFC | New Delhi +92 other locations,NA
2625,Marksans Pharma,"Promotions, Company Culture, Salary",,3.4,421,1.8k,28,9,Pharma | South Goa +26 other locations,NA
2626,Carrier Midea,"Promotions, Job Security, Salary",,3.6,420,1.8k,19,6,Consumer Electronics & Appliances | Pune +52 other locations,NA
2627,Desun Hospital & Heart Institute,Skill Development,"Promotions, Salary",3.8,421,1.1k,29,3,Healthcare | Kolkata +11 other locations,NA
2628,Aculife Healthcare,"Promotions, Company Culture, Work Satisfaction",,2.9,419,1.5k,33,5,Pharma | Ahmedabad +36 other locations,NA
2629,Pole To Win,"Promotions, Job Security, Salary",,3.2,419,2k,61,5,Gaming | Bengaluru +9 other locations,NA
2630,Capital Trust,"Job Security, Company Culture, Work Satisfaction",,3.3,419,873,23,2,NBFC | New Delhi +124 other locations,NA
2631,Spice Money,"Company Culture, Work Life Balance, Skill Development",,4.1,419,1.5k,35,4,FinTech | Noida +109 other locations,NA
2632,Secure Value,"Promotions, Job Security, Salary",,3.3,418,901,20,--,IT Services & Consulting | Mumbai +83 other locations,NA
2633,Metrochem Api,"Promotions, Salary, Company Culture",,3.1,418,1.9k,35,8,Pharma | Hyderabad +13 other locations,NA
2634,Nidec Corporation,"Promotions, Skill Development",,3.6,418,1.7k,27,8,Electronics Manufacturing | Neemrana +27 other locations,NA
2635,Medica Superspecialty Hospital,"Promotions, Salary",,3.8,418,1.5k,20,149,Healthcare | Kolkata +18 other locations,NA
2636,Astra Microwave Products,"Job Security, Work Life Balance, Skill Development","Salary, Promotions",3.9,419,2.1k,32,5,Defence & Aerospace | Hyderabad +15 other locations,NA
2637,Ensono,"Company Culture, Work Life Balance, Salary",,4.1,418,2.5k,31,55,IT Services & Consulting | Pune +10 other locations,NA
2638,MyMoneyMantra,"Promotions, Job Security, Salary",,3.1,418,1.8k,15,--,Internet | New Delhi +28 other locations,NA
2639,Nowfloats Technologies,"Promotions, Job Security, Work Satisfaction",,3.6,418,1.1k,23,--,Software Product | Hyderabad +40 other locations,NA
2640,Uniparts Group,"Promotions, Company Culture, Job Security",,3.6,418,1.5k,22,2,Industrial Machinery | Noida +14 other locations,NA
2641,Imarticus Learning,"Salary, Company Culture, Work Life Balance",,4.0,418,1.2k,31,7,EdTech | Mumbai +24 other locations,NA
2642,National Bulk Handling Corporation,"Work Life Balance, Company Culture, Work Satisfaction",,4.1,417,1.1k,22,9,Agriculture | Mumbai +76 other locations,NA
2643,Franchise India Brands,"Job Security, Company Culture, Promotions",,2.9,417,1.4k,42,7,Marketing & Advertising | New Delhi +30 other locations,NA
2644,Novartis Healthcare,"Work Life Balance, Company Culture, Salary",Promotions,4.1,418,3.1k,22,4,Pharma | Hyderabad +25 other locations,NA
2645,India Nippon Electricals,"Job Security, Skill Development",Promotions,3.8,417,1.6k,23,4,Electrical Equipment | Hosur +27 other locations,NA
2646,myGate,"Job Security, Work Life Balance, Work Satisfaction",,2.9,417,2.3k,33,3,Law Enforcement & Security | Bengaluru +21 other locations,NA
2647,CogentHubCX.AI,"Company Culture, Promotions, Job Security",,3.2,417,864,35,23,BPO | Kolkata +9 other locations,NA
2648,Tagros Chemicals,"Promotions, Company Culture, Job Security",,3.6,417,1.8k,40,14,Agro Chemicals | Cuddalore +12 other locations,NA
2649,Oberoi Realty,"Work Life Balance, Company Culture, Salary",,4.3,416,2k,21,13,Real Estate | Mumbai +11 other locations,NA
2650,Pon Pure Chemical,"Promotions, Salary, Company Culture",,3.5,416,1.5k,24,13,Chemicals | Chennai +42 other locations,NA
2651,ArisGlobal,"Job Security, Company Culture, Promotions",,2.8,416,2.9k,42,3,IT Services & Consulting | Bengaluru +9 other locations,NA
2652,Zealous Services,"Salary, Job Security, Promotions",,2.7,416,1.1k,22,--,Design | Chennai +9 other locations,NA
2653,SirionLabs,"Salary, Company Culture, Work Life Balance",,3.8,432,1.9k,29,6,Software Product | Gurugram +6 other locations,NA
2654,Group Bayport,"Job Security, Salary, Company Culture",,4.2,417,1.1k,37,6,Printing & Publishing | Ahmedabad +6 other locations,NA
2655,Aka Logistics,"Promotions, Company Culture, Work Satisfaction",,3.2,415,1.4k,39,7,Logistics | Kolkata +39 other locations,NA
2656,Odessa,Company Culture,"Skill Development, Work Satisfaction, Promotions",3.6,415,2.4k,46,--,Software Product | Bengaluru +3 other locations,NA
2657,Samsonite,"Work Life Balance, Company Culture, Work Satisfaction",Promotions,4.0,415,1.4k,17,3,Retail | Nashik +61 other locations,NA
2658,Qwik Supply Chain,"Work Life Balance, Skill Development",Promotions,3.9,416,1k,28,--,Mumbai +142 other locations,NA
2659,TCL,"Company Culture, Work Life Balance, Skill Development",Promotions,4.1,415,2k,46,--,Consumer Electronics & Appliances | Tirupati +52 other locations,NA
2660,Aizant Drug Research Solutions,"Work Life Balance, Skill Development, Company Culture","Promotions, Salary",3.9,415,1.3k,20,11,Clinical Research | Hyderabad +4 other locations,NA
2661,Shyam Sel & Power,Promotions,,3.7,415,1.4k,57,--,Electronics Manufacturing | Kolkata +24 other locations,NA
2662,Dodsal Engineering & Construction,"Work Satisfaction, Skill Development, Company Culture",,4.5,414,684,16,--,Engineering & Construction | Mumbai +35 other locations,NA
2663,Roca Bathroom Products,"Promotions, Work Satisfaction, Company Culture",,3.7,414,1.4k,23,1,Building Material | Chennai +58 other locations,NA
2664,Venus Remedies,"Company Culture, Work Satisfaction, Salary",,4.2,414,1k,42,41,Pharma | Baddi +39 other locations,NA
2665,TTK Healthcare,"Company Culture, Work Life Balance, Job Security",Promotions,4.1,414,1.3k,18,13,Medical Equipment | Chennai +78 other locations,NA
2666,Havmor Ice Cream,"Work Life Balance, Company Culture, Work Satisfaction",,4.1,413,1.3k,30,--,Food Processing | Ahmedabad +71 other locations,NA
2667,Saama Technologies,"Promotions, Job Security, Work Satisfaction",,3.6,414,3.7k,60,12,IT Services & Consulting | Pune +6 other locations,NA
2668,Magus Customer Dialog,"Promotions, Salary, Work Life Balance",,3.7,413,791,12,3,BPO | Hyderabad +18 other locations,NA
2669,Essar Group,Work Life Balance,"Promotions, Work Satisfaction, Skill Development",3.7,413,1.8k,33,--,Engineering & Construction | Mumbai +45 other locations,NA
2670,Sagar Cements,"Job Security, Work Life Balance, Company Culture",,4.3,413,1.4k,39,--,Building Material | Hyderabad +44 other locations,NA
2671,Rama Medical College Hospital & Research Centre,Work Life Balance,Job Security,3.8,414,1.2k,39,--,Healthcare | Kanpur +20 other locations,NA
2672,Aramex,"Promotions, Work Satisfaction, Company Culture",,3.2,412,1.2k,27,--,Logistics | Mumbai +52 other locations,NA
2673,Spoton Logistics,"Company Culture, Work Life Balance, Job Security",,4.4,412,1.1k,18,--,Logistics | Bengaluru +71 other locations,NA
2674,Buhler,Work Life Balance,"Promotions, Salary",3.8,412,1.9k,33,--,Industrial Machinery | Bengaluru +28 other locations,NA
2675,ANR Software Private Limited,"Job Security, Skill Development, Company Culture",,4.0,413,1.1k,37,16,IT Services & Consulting | Noida +5 other locations,NA
2676,DataMetica,"Work Life Balance, Promotions, Company Culture",,3.2,412,2.8k,49,30,IT Services & Consulting | Pune +7 other locations,NA
2677,Bangalore International Airport,"Job Security, Company Culture, Work Life Balance",,4.3,412,1.6k,35,6,Aviation | Bengaluru +15 other locations,NA
2678,The Belgian Waffle co,"Company Culture, Work Life Balance, Work Satisfaction",,4.5,412,717,58,1,Hospitality | Mumbai +28 other locations,NA
2679,Motilal Oswal Private Wealth Management,"Skill Development, Company Culture, Work Life Balance",,4.5,411,272,83,--,Financial Services | Mumbai +26 other locations,NA
2680,Universal Corporation,"Promotions, Company Culture, Work Satisfaction",,3.7,411,1.4k,22,3,Consumer Electronics & Appliances | Kolkata +64 other locations,NA
2681,Apex Laboratories,"Job Security, Work Life Balance","Salary, Promotions, Skill Development",3.9,411,1.9k,26,4,Pharma | Chennai +61 other locations,NA
2682,Owens Corning,Job Security,"Promotions, Work Satisfaction, Salary",3.6,411,1.8k,21,1,Building Material | Mumbai +13 other locations,NA
2683,PC Jewellers,Job Security,"Promotions, Salary",3.7,411,943,25,4,Metals & Mining | New Delhi +73 other locations,NA
2684,Samsung SDS,"Skill Development, Company Culture, Work Satisfaction",,3.0,411,2.8k,31,--,IT Services & Consulting | Gurugram +22 other locations,NA
2685,Aliens Group,"Skill Development, Salary, Company Culture",,3.9,411,1.3k,44,5,Real Estate | Hyderabad +6 other locations,NA
2686,Agro Tech Foods,"Company Culture, Work Life Balance, Job Security",Promotions,4.0,410,1.1k,22,8,FMCG | Hyderabad +77 other locations,NA
2687,HealthKart,Work Life Balance,Promotions,3.8,411,2k,30,34,Internet | Gurugram +39 other locations,NA
2688,Ashiana Housing,"Job Security, Skill Development, Company Culture",,4.0,410,1.5k,36,22,Real Estate | Jaipur +19 other locations,NA
2689,SMFG India Home Finance Co,Salary,"Promotions, Company Culture, Work Satisfaction",3.7,411,1k,27,--,NBFC | Mumbai +112 other locations,NA
2690,Win Medicare,"Work Life Balance, Company Culture, Work Satisfaction",,4.1,410,999,24,--,Pharma | New Delhi +63 other locations,NA
2691,Recpdcl.ltd,"Work Life Balance, Work Satisfaction","Job Security, Promotions",4.0,410,833,17,--,Facility Management Services | New Delhi +68 other locations,NA
2692,Bonace Engineers,"Work Life Balance, Salary, Company Culture","Promotions, Job Security",4.0,410,1.2k,36,--,Recruitment | Mumbai +58 other locations,NA
2693,P.D. Hinduja National Hospital and Medical Research Centre,"Work Life Balance, Job Security",Promotions,3.9,410,2.4k,28,15,Healthcare | Mumbai +13 other locations,NA
2694,Virchow Biotech,"Promotions, Job Security, Salary",,3.3,410,1.7k,26,--,Pharma | Hyderabad +12 other locations,NA
2695,Bajaj Auto Credit,"Skill Development, Company Culture, Work Life Balance",Promotions,3.9,409,929,13,--,NBFC | Pune +177 other locations,NA
2696,Black Knight,"Promotions, Company Culture, Work Life Balance",,3.5,409,2.6k,29,--,IT Services & Consulting | Hyderabad +4 other locations,NA
2697,Viva Composite Panel,"Company Culture, Work Life Balance, Work Satisfaction",,4.5,409,606,100,23,Building Material | Mumbai +60 other locations,NA
2698,CES,"Promotions, Job Security, Skill Development",,3.3,409,2.6k,58,14,IT Services & Consulting | Hyderabad +15 other locations,NA
2699,Gujarat Ambuja Exports,"Promotions, Salary, Company Culture",,3.4,409,1.5k,23,4,Agro Chemicals | Ahmedabad +32 other locations,NA
2700,Himatsingka Seide,"Promotions, Company Culture, Work Satisfaction",,3.5,408,1.5k,30,9,Fashion & Textile | Bengaluru +16 other locations,NA
2701,Accelya Solutions India Limited,"Promotions, Skill Development, Work Satisfaction",,3.4,408,2.7k,51,38,IT Services & Consulting | Mumbai +12 other locations,NA
2702,ITC Limited - Paperboards Specialty Papers Division,"Job Security, Skill Development, Company Culture",Promotions,3.9,408,1.6k,19,8,Packaging | Bhadrachalam +18 other locations,NA
2703,Indus Net Technologies,"Job Security, Promotions, Company Culture",,3.1,408,2k,35,--,IT Services & Consulting | Kolkata +7 other locations,NA
2704,CMA CGM Global Business Services,"Job Security, Work Life Balance",Promotions,4.0,408,2.1k,32,--,Ports & Shipping | Chennai +10 other locations,NA
2705,Schoolnet India,"Company Culture, Work Life Balance, Work Satisfaction","Promotions, Salary",3.9,408,1.1k,24,34,EdTech | Mumbai +91 other locations,NA
2706,Fortis Escorts Hospital,"Skill Development, Company Culture, Work Life Balance",,4.3,407,955,21,--,Healthcare | New Delhi +17 other locations,NA
2707,SHARE Microfin,"Company Culture, Work Life Balance, Work Satisfaction",,4.1,407,554,22,--,Financial Services | Hyderabad +140 other locations,NA
2708,Onsitego,"Job Security, Promotions, Company Culture",,3.7,407,1.4k,20,11,Internet | Mumbai +31 other locations,NA
2709,Indian Space Research Organisation,"Company Culture, Work Life Balance, Work Satisfaction",,4.6,407,1.3k,24,--,Defence & Aerospace | Bengaluru +36 other locations,NA
2710,Core Integra Consulting Services,"Promotions, Salary, Skill Development",,3.4,407,1.3k,25,--,Recruitment | Mumbai +85 other locations,NA
2711,Mahindra Last Mile Mobility,"Promotions, Company Culture, Work Satisfaction",,3.7,407,1.2k,22,--,Automobile | Bengaluru +31 other locations,NA
2712,V-Xpress,Work Life Balance,"Promotions, Skill Development",3.9,407,1.1k,22,--,Logistics | Mumbai +63 other locations,NA
2713,STUDDS Accessories Limited,"Salary, Company Culture, Work Satisfaction",,4.0,406,1.3k,58,2,Auto Components | Faridabad +14 other locations,NA
2714,Invensis Technologies,"Promotions, Salary, Company Culture",,3.5,406,1.9k,33,6,BPO | Bengaluru +13 other locations,NA
2715,Motherhood Hospital,"Promotions, Salary, Company Culture",,3.7,406,1.7k,22,271,Healthcare | Bengaluru +26 other locations,NA
2716,Indiafilings,"Skill Development, Salary, Company Culture",,3.9,406,1.1k,155,--,Internet | Chennai +11 other locations,NA
2717,Acadecraft,,,3.7,406,881,62,5,EdTech | Noida +9 other locations,NA
2718,Al Turki Enterprises,"Promotions, Salary, Company Culture",,3.5,405,957,16,--,Oil & Gas | Muscat +15 other locations,NA
2719,L&T Heavy Engineering,"Job Security, Skill Development","Promotions, Work Life Balance, Company Culture",3.8,405,826,31,--,Surat +27 other locations,NA
2720,Ipsos,"Work Life Balance, Work Satisfaction, Promotions",,3.1,405,2.5k,42,10,Analytics & KPO | Mumbai +26 other locations,NA
2721,RDC Concrete (India),"Skill Development, Company Culture, Job Security",,4.0,405,1.3k,39,3,Real Estate | Mumbai +51 other locations,NA
2722,V-Xpress,"Work Life Balance, Salary",Promotions,3.9,407,1.1k,22,--,Logistics | Mumbai +63 other locations,NA
2723,Indigo Paints,Salary,"Skill Development, Work Satisfaction, Job Security",3.8,405,1.5k,31,--,Chemicals | Jodhpur +102 other locations,NA
2724,L&T Heavy Engineering,"Job Security, Skill Development","Promotions, Work Life Balance, Company Culture",3.8,405,826,31,--,Surat +27 other locations,NA
2725,HYT Engineering Company Pvt Ltd,"Job Security, Promotions, Company Culture",,3.2,405,1.4k,37,16,Industrial Machinery | Pune +27 other locations,NA
2726,Daimler Truck,"Work Life Balance, Job Security","Promotions, Work Satisfaction, Skill Development",3.6,405,2.9k,41,1,Automobile | Bengaluru +8 other locations,NA
2727,ICFAI University,"Promotions, Skill Development, Work Satisfaction",,3.6,404,864,23,--,Education & Training | Hyderabad +59 other locations,NA
2728,Oda Class,"Work Life Balance, Job Security, Promotions",,2.9,404,671,29,--,EdTech | Bengaluru +8 other locations,NA
2729,Gtpl Hathway,"Work Life Balance, Job Security",Promotions,3.9,404,1.9k,28,9,Broadcasting | Ahmedabad +51 other locations,NA
2730,Eversendai,"Promotions, Company Culture, Work Life Balance",,3.6,404,1.6k,32,--,Engineering & Construction | Chennai +19 other locations,NA
2731,Venkateshwara Hatcheries,"Job Security, Work Life Balance","Promotions, Salary",3.8,404,1.5k,12,--,Food Processing | Pune +60 other locations,NA
2732,BPTP,"Work Life Balance, Company Culture, Work Satisfaction",,4.2,404,1.4k,28,28,Real Estate | New Delhi +6 other locations,NA
2733,GRT Jewellers,"Job Security, Salary, Company Culture",,4.0,404,1.5k,30,9,Jewellery | Chennai +37 other locations,NA
2734,Hexagon Nutrition,"Company Culture, Work Life Balance, Work Satisfaction",,4.1,404,1k,19,8,Food Processing | Mumbai +32 other locations,NA
2735,Enphase Energy,"Company Culture, Work Life Balance, Work Satisfaction",,2.6,403,3k,57,29,Power | Bengaluru +11 other locations,NA
2736,V-bazaar Retail,Work Life Balance,Promotions,4.0,403,922,35,--,Retail | Gurugram +76 other locations,NA
2737,Raptakos Brett and Company,"Promotions, Skill Development, Company Culture",,3.4,403,1.5k,23,2,Pharma | Mumbai +64 other locations,NA
2738,Piramal Swasthya,"Work Life Balance, Company Culture, Work Satisfaction","Promotions, Job Security",4.1,403,986,21,10,Hyderabad +62 other locations,NA
2739,M Baazar,"Work Life Balance, Job Security","Salary, Promotions",3.9,403,888,33,14,Retail | Kolkata +95 other locations,NA
2740,PowerSchool India,"Job Security, Promotions, Work Satisfaction",,3.3,403,2.9k,47,10,Software Product | Bengaluru +8 other locations,NA
2741,Roop Automotives,"Company Culture, Work Satisfaction, Job Security",,4.2,403,1.3k,30,--,Auto Components | Gurugram +14 other locations,NA
2742,NCSI Technologies Pvt Ltd,"Promotions, Work Satisfaction, Job Security",,3.7,403,1.8k,64,7,IT Services & Consulting | Pune +5 other locations,NA
2743,Kailash Hospital,"Work Life Balance, Work Satisfaction, Job Security",Promotions,3.9,403,1k,22,52,Healthcare | Noida +28 other locations,NA
2744,Penna Cement Industries,"Job Security, Work Life Balance, Work Satisfaction","Promotions, Salary",4.1,402,1.5k,13,--,Building Material | Hyderabad +47 other locations,NA
2745,Uplers,"Promotions, Job Security, Work Satisfaction",,3.6,402,1.7k,45,6,Internet | Ahmedabad +13 other locations,NA
2746,RCM,"Company Culture, Work Life Balance, Work Satisfaction",,4.2,402,678,55,5,Retail | Bhilwara +45 other locations,NA
2747,Indian Overseas Bank,Job Security,"Company Culture, Work Life Balance, Work Satisfaction",3.3,402,997,17,--,Banking | Chennai +84 other locations,NA
2748,Bses Yamuna Power,"Work Life Balance, Job Security","Promotions, Salary, Skill Development",3.8,402,1.4k,25,--,Power | New Delhi +6 other locations,NA
2749,American Axle & Manufacturing,"Company Culture, Work Life Balance, Job Security",Promotions,4.3,401,1.5k,26,--,Auto Components | Pune +11 other locations,NA
2750,Munjal Showa,"Promotions, Skill Development, Company Culture",,3.2,401,1.2k,19,7,Auto Components | Gurugram +13 other locations,NA
2751,MAYORA,Salary,"Work Satisfaction, Job Security, Promotions",3.9,401,958,24,1,FMCG | Hyderabad +86 other locations,NA
2752,Larsen & Toubro Group,"Job Security, Skill Development, Work Satisfaction",,4.1,401,1k,96,--,Engineering & Construction | Chennai +75 other locations,NA
2753,Merck,"Work Life Balance, Company Culture, Job Security",Promotions,4.0,401,2.7k,20,1,Pharma | Bengaluru +53 other locations,NA
2754,Pearson Education India,"Work Life Balance, Company Culture, Salary",Promotions,3.9,401,1.7k,9,60,Education & Training | Bengaluru +57 other locations,NA
2755,Stanley Black & Decker,Work Life Balance,"Promotions, Job Security, Work Satisfaction",3.6,401,1.9k,28,21,Industrial Machinery | Pune +28 other locations,NA
2756,Manhattan Associates,Job Security,"Work Satisfaction, Promotions, Skill Development",3.4,400,3.6k,43,3,IT Services & Consulting | Bengaluru +5 other locations,NA
2757,Kanpur Fertilizers & Chemicals,"Promotions, Job Security, Salary",,3.6,401,1.2k,35,--,Agro Chemicals | Kanpur +34 other locations,NA
2758,ABC Consultants,"Work Life Balance, Job Security, Company Culture",,3.9,401,27.3k,241,1,Recruitment | Bengaluru +27 other locations,NA
2759,Greet Technologies,"Promotions, Salary, Company Culture",,2.6,401,1.2k,40,2,BPO | Bengaluru +7 other locations,NA
2760,Sunstone,"Promotions, Job Security",,3.7,400,1.7k,26,43,Education & Training | Gurugram +25 other locations,NA
2761,Starbucks,"Job Security, Company Culture, Skill Development",Promotions,4.1,400,1.1k,38,--,Hospitality | Mumbai +59 other locations,NA
2762,Workcell Solutions,"Promotions, Job Security, Work Satisfaction",,3.6,400,1.3k,28,1,Pharma | Mumbai +17 other locations,NA
2763,Etech Global Services,Job Security,"Promotions, Work Satisfaction, Skill Development",3.6,400,1.8k,44,26,BPO | Gandhinagar +11 other locations,NA
2764,PGP Glass,"Job Security, Work Life Balance, Salary",Promotions,4.0,400,1.3k,35,9,Packaging | Vadodara +15 other locations,NA
2765,Welspun Flooring,Skill Development,Promotions,3.8,400,1.2k,22,--,Building Material | Hyderabad +26 other locations,NA
2766,Copeland,"Work Life Balance, Company Culture, Job Security","Promotions, Skill Development",3.9,400,2.4k,25,21,Electronics Manufacturing | Pune +25 other locations,NA
2767,Bank of Maharashtra,Job Security,"Work Life Balance, Work Satisfaction, Company Culture",3.2,399,1.5k,18,--,Banking | Pune +77 other locations,NA
2768,Flyjac Logistics,"Job Security, Company Culture, Work Life Balance",,4.1,399,1.4k,8,2,Logistics | Chennai +55 other locations,NA
2769,SKH Y-TEC,"Job Security, Skill Development, Work Life Balance",Promotions,3.9,399,1.3k,32,--,Auto Components | Ahmedabad +22 other locations,NA
2770,Mintifi,Salary,"Promotions, Work Satisfaction, Job Security",3.5,399,1.2k,23,--,Financial Services | Mumbai +99 other locations,NA
2771,ClearTax,"Job Security, Promotions, Work Satisfaction",,3.0,399,2.2k,50,32,IT Services & Consulting | Bengaluru +10 other locations,NA
2772,GE Vernova T&D India,"Company Culture, Work Life Balance, Work Satisfaction",Promotions,4.2,399,1.6k,9,--,Power | Chennai +38 other locations,NA
2773,Unilever Global,"Promotions, Work Satisfaction",,3.6,399,712,32,--,FMCG | Bengaluru +66 other locations,NA
2774,Azentio,"Promotions, Job Security, Skill Development",,3.2,399,3.7k,47,--,Software Product | Chennai +16 other locations,NA
2775,VRB Consumer Products Private Limited,"Salary, Work Life Balance, Company Culture",,4.1,399,1.3k,23,9,FMCG | New Delhi +52 other locations,NA
2776,Cheil India,"Promotions, Skill Development, Company Culture",,2.9,398,2k,19,8,Marketing & Advertising | Gurugram +21 other locations,NA
2777,Aeries Technology,"Job Security, Promotions, Skill Development",,3.2,398,2.5k,32,151,IT Services & Consulting | Bengaluru +7 other locations,NA
2778,Hike Education Private Limited,"Company Culture, Skill Development, Work Satisfaction",,4.2,398,693,136,8,EdTech | Gurugram +6 other locations,NA
2779,eNoah iSolution,Promotions,,3.8,398,2.3k,33,18,IT Services & Consulting | Chennai +9 other locations,NA
2780,MRF Vapocure Paints,"Work Life Balance, Work Satisfaction, Skill Development",Promotions,4.0,398,1.3k,32,--,Chemicals | Chennai +103 other locations,NA
2781,Broadcom,Salary,"Job Security, Promotions, Company Culture",3.2,398,3.1k,45,19,Semiconductors | Bengaluru +13 other locations,NA
2782,Hanon Systems,"Company Culture, Work Life Balance, Work Satisfaction","Promotions, Salary",4.0,398,1.6k,16,4,Auto Components | Chennai +21 other locations,NA
2783,Gold Plus Glass,"Company Culture, Promotions, Work Life Balance",,3.4,399,1.5k,21,6,Other | Roorkee +37 other locations,NA
2784,Karvy DigiKonnect,"Salary, Job Security, Promotions",,3.2,397,1.2k,8,--,Financial Services | Hyderabad +20 other locations,NA
2785,Connectwise India,"Promotions, Work Satisfaction, Job Security",,3.4,397,2.9k,60,36,IT Services & Consulting | Pune +9 other locations,NA
2786,Tekion,"Job Security, Work Life Balance, Promotions",,2.9,397,5.1k,118,58,Software Product | Bengaluru +4 other locations,NA
2787,Nyati Group,"Job Security, Salary, Company Culture",,4.1,397,1.4k,37,3,Real Estate | Pune +17 other locations,NA
2788,Hindustan Foods,"Promotions, Company Culture, Work Satisfaction",,3.6,396,1.8k,34,9,FMCG | Hyderabad +37 other locations,NA
2789,Balaji Wafers,"Work Life Balance, Company Culture, Work Satisfaction",,4.4,396,1.2k,32,3,FMCG | Indore +67 other locations,NA
2790,Jubilant Biosys,"Promotions, Work Satisfaction, Skill Development",,3.6,396,2k,42,29,Biotechnology | Bengaluru +14 other locations,NA
2791,Christian Medical College,"Skill Development, Work Satisfaction, Company Culture",,4.1,396,1.3k,14,4,Education & Training | Vellore +30 other locations,NA
2792,Dixit Infotech Services,"Promotions, Job Security, Work Satisfaction",,3.6,396,1.4k,27,20,IT Services & Consulting | Mumbai +43 other locations,NA
2793,Mindlance,"Promotions, Company Culture, Work Satisfaction",,3.6,396,1.6k,30,--,Recruitment | Noida +12 other locations,NA
2794,National Fertilizers,"Job Security, Work Life Balance, Company Culture",,4.4,395,1.1k,29,--,Agro Chemicals | Bathinda +35 other locations,NA
2795,Bharat Aluminium Company (BALCO),"Salary, Job Security, Skill Development",Promotions,4.0,395,1.6k,35,--,Metals & Mining | Korba +16 other locations,NA
2796,Tirumala Milk Products,"Company Culture, Work Life Balance, Skill Development",,4.2,394,1.1k,33,5,Food Processing | Chennai +55 other locations,NA
2797,The Phoenix Mills,Salary,Promotions,3.8,394,1.9k,26,31,Real Estate | Mumbai +17 other locations,NA
2798,UCAL Fuel Systems,"Promotions, Salary, Company Culture",,3.9,394,1.4k,12,2,Auto Components | Chennai +19 other locations,NA
2799,Accel Frontline,"Work Satisfaction, Skill Development, Company Culture",,4.3,394,762,7,--,IT Services & Consulting | Chennai +54 other locations,NA
2800,Icertis,"Promotions, Work Satisfaction, Job Security",,3.3,394,3.2k,57,37,Software Product | Pune +12 other locations,NA
2801,TVS Mobility,"Job Security, Company Culture, Skill Development",Promotions,4.0,394,1.5k,37,9,Automobile | Chennai +71 other locations,NA
2802,Mettler-Toledo,"Promotions, Salary, Work Satisfaction",,3.6,394,2k,27,2,Electrical Equipment | Mumbai +22 other locations,NA
2803,Sarvodaya Hospital,Promotions,,3.8,395,1.4k,21,30,Healthcare | Faridabad +20 other locations,NA
2804,Wonderla Holidays,"Company Culture, Work Life Balance, Work Satisfaction",,4.4,395,1.1k,40,65,Media & Entertainment | Bengaluru +16 other locations,NA
2805,Ess Kay Fincorp,"Company Culture, Work Satisfaction, Job Security",,4.2,394,966,13,40,NBFC | Jaipur +108 other locations,NA
2806,CEVA Logistics,Promotions,,3.8,393,1.4k,13,2,Logistics | Chennai +48 other locations,NA
2807,Adani Infra,Salary,"Promotions, Company Culture",3.8,393,1.6k,40,--,Engineering & Construction | Ahmedabad +52 other locations,NA
2808,Scientific Publishing Services,Job Security,"Promotions, Salary, Skill Development",3.7,393,1.3k,18,--,Analytics & KPO | Chennai +7 other locations,NA
2809,Supertech,"Work Life Balance, Job Security",Promotions,3.9,393,1.6k,18,--,Real Estate | Noida +20 other locations,NA
2810,Burns & McDonnell,"Company Culture, Work Life Balance, Job Security",,4.1,393,2.3k,53,12,Engineering & Construction | Mumbai +10 other locations,NA
2811,SML Isuzu,"Job Security, Work Life Balance, Company Culture",,4.2,393,1.4k,30,3,Automobile | Chandigarh +51 other locations,NA
2812,Air Liquide,"Promotions, Skill Development, Work Satisfaction",,3.6,393,1.7k,32,34,Chemicals | New Delhi +36 other locations,NA
2813,Federal Mogul Goetze,"Company Culture, Work Life Balance",Promotions,4.0,393,1.4k,17,--,Auto Components | Bengaluru +32 other locations,NA
2814,Hajee A P Bava Construction,Skill Development,"Promotions, Salary, Company Culture",3.8,392,969,14,--,Engineering & Construction | Hyderabad +62 other locations,NA
2815,Indian Metals & Ferro Alloys,Job Security,"Promotions, Salary, Work Satisfaction",3.7,392,1.5k,16,3,Iron & Steel | Bhubaneswar +24 other locations,NA
2816,AccorHotels,"Company Culture, Job Security, Skill Development",,4.3,392,1.2k,22,--,Hospitality | New Delhi +42 other locations,NA
2817,GMR Hyderabad International Airport,"Job Security, Work Life Balance, Company Culture","Promotions, Salary",4.0,392,1.3k,21,--,Aviation | Hyderabad +15 other locations,NA
2818,Amri Hospital,"Job Security, Skill Development, Company Culture",Promotions,4.0,392,1.2k,27,--,Healthcare | Kolkata +11 other locations,NA
2819,Shree Baidyanath Ayurved Bhawan,"Work Life Balance, Job Security",Promotions,3.9,392,1.2k,34,7,Pharma | Kolkata +44 other locations,NA
2820,Adroit Synergies,"Promotions, Salary, Work Satisfaction",,3.2,391,1.2k,45,32,BPO | Noida +8 other locations,NA
2821,ABM Knowledgeware,"Promotions, Salary, Company Culture",,3.7,391,1.5k,33,4,IT Services & Consulting | Mumbai +41 other locations,NA
2822,Publicis,"Promotions, Work Satisfaction, Skill Development",,3.5,391,4.1k,57,--,Marketing & Advertising | Gurugram +16 other locations,NA
2823,SPRINKLR,"Job Security, Promotions, Company Culture",,2.8,392,4k,115,51,Software Product | Bengaluru +8 other locations,NA
2824,Triumphant Institute of Management Education,"Promotions, Skill Development, Salary",,3.7,391,1.3k,16,3,Education & Training | Hyderabad +72 other locations,NA
2825,Mantra Properties,"Skill Development, Company Culture, Job Security",,4.3,391,929,39,17,Real Estate | Pune +1 other locations,NA
2826,D.p. Jain & Co. Infrastructure Pvt .,"Promotions, Salary, Company Culture",,3.2,391,1.3k,31,--,Engineering & Construction | Nagpur +42 other locations,NA
2827,Kcc Buildcon,"Work Life Balance, Skill Development",Promotions,4.0,390,1.4k,32,3,Engineering & Construction | Gurugram +59 other locations,NA
2828,Netlink Software,"Job Security, Promotions, Work Satisfaction",,3.3,390,2.2k,23,13,IT Services & Consulting | Bhopal +30 other locations,NA
2829,The Hans Foundation,"Salary, Work Life Balance, Company Culture",Job Security,4.2,391,766,39,120,Non-Profit | New Delhi +84 other locations,NA
2830,Merck Life Science,"Work Life Balance, Company Culture, Job Security","Promotions, Salary",3.9,390,2.8k,22,--,Pharma | Bengaluru +14 other locations,NA
2831,Auro Realty Private Limited,"Work Life Balance, Job Security, Salary",,4.4,390,1.6k,27,10,Real Estate | Hyderabad +26 other locations,NA
2832,JBS Enterprises,"Salary, Promotions, Company Culture",,3.2,389,1k,27,5,Electronics Manufacturing | Mumbai +69 other locations,NA
2833,Kuehne + Nagel,"Promotions, Company Culture, Work Satisfaction",,3.6,389,1.7k,25,--,Logistics | Gurugram +33 other locations,NA
2834,Thyssenkrupp Industrial Solutions,"Work Life Balance, Salary, Company Culture",Promotions,4.1,390,1.4k,23,--,Industrial Machinery | Mumbai +28 other locations,NA
2835,CANTABIL RETAIL INDIA,"Skill Development, Work Satisfaction",,4.0,389,1.1k,28,5,Fashion & Textile | New Delhi +105 other locations,NA
2836,Bosch Rexroth India,"Work Life Balance, Company Culture, Skill Development","Promotions, Salary",3.9,389,1.5k,20,--,Industrial Machinery | Ahmedabad +19 other locations,NA
2837,Learning Routes,"Company Culture, Skill Development, Promotions",,4.5,389,423,110,6,EdTech | Gurugram +15 other locations,NA
2838,Hexagon Capability Center,"Work Life Balance, Company Culture, Job Security","Promotions, Salary",4.0,389,2.9k,43,6,IT Services & Consulting | Hyderabad +8 other locations,NA
2839,Huron,Salary,"Promotions, Work Satisfaction",3.6,388,2.8k,38,129,Management Consulting | Bengaluru +13 other locations,NA
2840,Arjas Steel,"Job Security, Company Culture, Work Life Balance","Promotions, Salary",3.8,388,1.3k,24,2,Iron & Steel | Anantapur +22 other locations,NA
2841,Park Hospital,"Promotions, Company Culture, Work Satisfaction",,3.6,388,1.3k,28,34,Healthcare | Gurugram +22 other locations,NA
2842,Nuziveedu Seeds,Work Life Balance,Promotions,3.8,388,1.2k,33,3,Agriculture | Hyderabad +66 other locations,NA
2843,Transact Global,"Company Culture, Work Life Balance, Job Security",,4.6,388,419,95,16,BPO | Bengaluru +2 other locations,NA
2844,XL Health,"Job Security, Company Culture, Salary",,4.2,387,1.5k,23,--,Healthcare | Bengaluru +6 other locations,NA
2845,GSP Crop Science,"Work Life Balance, Work Satisfaction, Skill Development",Promotions,4.0,387,1.4k,32,17,Agro Chemicals | Vadodara +45 other locations,NA
2846,S. M. Auto Engineering,"Promotions, Company Culture, Salary",,3.4,387,1.5k,26,1,Auto Components | Pune +7 other locations,NA
2847,Karamtara Engineering Limited,"Promotions, Company Culture, Work Satisfaction",,3.6,387,1.5k,42,15,Engineering & Construction | Mumbai +16 other locations,NA
2848,Repco Home Finance,"Promotions, Company Culture, Skill Development",,3.5,387,1k,19,--,NBFC | Chennai +91 other locations,NA
2849,Evoke Technologies,Promotions,,3.7,387,2.9k,29,25,IT Services & Consulting | Hyderabad +4 other locations,NA
2850,Agilent Technologies,"Work Life Balance, Company Culture, Work Satisfaction",Promotions,3.9,387,2k,23,76,Pharma | Gurugram +20 other locations,NA
2851,Parksons Packaging,"Job Security, Company Culture, Work Life Balance",,4.1,388,1.4k,17,1,Packaging | Mumbai +26 other locations,NA
2852,Jamna Auto Industries,Promotions,,3.8,387,1.6k,20,2,Auto Components | Chennai +40 other locations,NA
2853,Examity,"Promotions, Skill Development, Company Culture",,3.3,387,1.8k,37,2,EdTech | Hyderabad +6 other locations,NA
2854,LeadSquared,"Company Culture, Work Satisfaction, Job Security",,2.7,386,3.1k,70,14,Software Product | Bengaluru +14 other locations,NA
2855,Muthoot Housing Finance Company,"Work Life Balance, Job Security, Skill Development",,4.2,386,1.2k,30,12,NBFC | Mumbai +114 other locations,NA
2856,Healthcare At Home,Work Life Balance,"Promotions, Job Security",3.7,386,1.3k,30,10,Healthcare | Mumbai +34 other locations,NA
2857,Vidal Health Tpa,"Promotions, Salary, Company Culture",,3.4,386,1.2k,29,9,Insurance | Bengaluru +40 other locations,NA
2858,Call 2 Connect,"Promotions, Company Culture, Salary",,2.5,386,1k,19,1,BPO | Mumbai +19 other locations,NA
2859,Konecranes,"Work Life Balance, Job Security, Company Culture","Promotions, Salary, Work Satisfaction",3.8,386,1.9k,23,2,Industrial Machinery | Pune +13 other locations,NA
2860,VIT University,"Work Life Balance, Job Security, Skill Development",,4.0,386,1.5k,34,81,Education & Training | Vellore +15 other locations,NA
2861,Jeeves Consumer Services,"Promotions, Job Security, Company Culture",,3.5,386,870,34,8,Consumer Electronics & Appliances | Bengaluru +61 other locations,NA
2862,Moolchand Hospital,"Company Culture, Work Life Balance, Promotions",,4.1,386,751,21,18,Healthcare | New Delhi +10 other locations,NA
2863,Fosroc India,"Job Security, Company Culture, Work Life Balance",,4.3,386,1.4k,26,2,Chemicals | Bengaluru +46 other locations,NA
2864,Nissan,"Promotions, Job Security, Company Culture",,3.5,385,1.8k,29,6,Automobile | Chennai +73 other locations,NA
2865,Kennametal,"Promotions, Work Satisfaction, Job Security",,3.5,385,1.9k,31,2,Industrial Machinery | Bengaluru +13 other locations,NA
2866,BCH Electric,"Work Life Balance, Salary, Company Culture",,4.0,386,1.4k,22,20,Electrical Equipment | Faridabad +38 other locations,NA
2867,Dynacons Systems & Solutions,"Promotions, Salary, Skill Development",,3.7,385,1.4k,26,36,IT Services & Consulting | Mumbai +74 other locations,NA
2868,Wellness Forever Lifestyle Chemist,"Skill Development, Company Culture",Promotions,3.9,385,1.1k,28,--,Retail | Mumbai +45 other locations,NA
2869,Dorf Ketal Chemicals,"Work Life Balance, Company Culture, Job Security",Promotions,4.0,384,1.9k,23,8,Oil & Gas | Mumbai +39 other locations,NA
2870,Sleek International,"Promotions, Work Satisfaction, Salary",,3.5,384,1.2k,31,--,Furniture & Furnishing | Mumbai +83 other locations,NA
2871,Thermax Babcock Wilcox Energy Solutions,"Job Security, Company Culture, Work Life Balance",Promotions,4.1,384,1.8k,25,--,Industrial Machinery | Pune +40 other locations,NA
2872,Sumitomo Chemical,"Work Life Balance, Job Security, Work Satisfaction",Promotions,4.1,384,1.5k,21,45,Chemicals | Bhavnagar +83 other locations,NA
2873,AgreeYa Solutions,"Promotions, Skill Development, Job Security",,3.2,384,2.4k,26,3,IT Services & Consulting | Noida +10 other locations,NA
2874,SRM University,"Promotions, Salary, Work Satisfaction",,3.6,384,1.5k,31,3,Education & Training | Chennai +27 other locations,NA
2875,Duroshox,"Skill Development, Company Culture, Work Life Balance",,4.1,384,1k,20,1,Auto Components | Pune +3 other locations,NA
2876,VTP Realty,"Company Culture, Work Life Balance, Work Satisfaction",,3.5,385,1.9k,43,18,Real Estate | Pune +3 other locations,NA
2877,Sangeetha Mobile,"Promotions, Salary, Job Security",,3.5,384,1.5k,20,1,Retail | Bengaluru +83 other locations,NA
2878,AIMLAY,"Company Culture, Work Life Balance, Skill Development",,4.7,384,414,16,10,EdTech | New Delhi +3 other locations,NA
2879,CapeStart,"Company Culture, Job Security, Skill Development",,4.5,384,632,80,28,IT Services & Consulting | Nagercoil +4 other locations,NA
2880,Kaddacon Systems,"Company Culture, Work Life Balance, Work Satisfaction",,4.6,383,--,18,--,IT Services & Consulting | Pune +8 other locations,NA
2881,SMS India Private Limited,"Work Life Balance, Company Culture, Work Satisfaction",Promotions,4.1,385,1.9k,32,--,Engineering & Construction | Gurugram +22 other locations,NA
2882,Glaze Trading India,"Company Culture, Skill Development, Work Life Balance",,4.3,383,894,17,--,Retail | New Delhi +88 other locations,NA
2883,Xdbs,"Promotions, Work Satisfaction, Skill Development",,2.7,383,1.6k,38,--,Marketing & Advertising | Pune +4 other locations,NA
2884,Ryan,"Job Security, Company Culture, Work Life Balance",Promotions,4.0,383,1.8k,32,9,Accounting & Auditing | Hyderabad +5 other locations,NA
2885,Bharat Rasayan,"Job Security, Skill Development, Work Life Balance",,4.0,383,1.6k,34,--,Agro Chemicals | Bharuch +19 other locations,NA
2886,Intelliswift - An LTTS Company,"Job Security, Promotions, Work Satisfaction",,3.3,383,2.4k,32,3,IT Services & Consulting | Bengaluru +9 other locations,NA
2887,Euler Motors,"Job Security, Promotions, Company Culture",,3.6,384,1.6k,42,21,Automobile | New Delhi +30 other locations,NA
2888,Hurix Digital,"Promotions, Job Security, Salary",,3.2,383,1.9k,37,13,IT Services & Consulting | Chennai +6 other locations,NA
2889,Vectus Industries,"Salary, Company Culture, Work Life Balance",,4.1,382,1.3k,19,3,Petrochemicals | Noida +62 other locations,NA
2890,Elentec Power India (EPI) Pvt. Ltd.,"Work Life Balance, Company Culture, Work Satisfaction",Promotions,3.9,382,1.4k,38,23,IT Services & Consulting | Noida +19 other locations,NA
2891,Cooper Corporation,"Skill Development, Work Life Balance, Salary",Promotions,4.0,382,1.4k,53,22,Auto Components | Satara +14 other locations,NA
2892,Europa Locks,"Promotions, Company Culture, Work Satisfaction",,3.6,382,1.7k,25,31,Building Material | Pune +43 other locations,NA
2893,US Tech Solutions,"Job Security, Promotions, Skill Development",,3.6,383,2.1k,22,--,Recruitment | Noida +13 other locations,NA
2894,World Vision,"Work Satisfaction, Company Culture, Work Life Balance",,4.3,382,721,21,1,Non-Profit | Chennai +99 other locations,NA
2895,Alfa Laval,"Work Life Balance, Company Culture, Job Security",Promotions,3.9,382,1.9k,35,26,Industrial Machinery | Pune +18 other locations,NA
2896,Diverse Lynx,"Job Security, Promotions, Company Culture",,3.5,382,2k,23,3.5k,IT Services & Consulting | Noida +19 other locations,NA
2897,Grand Hyatt,"Job Security, Company Culture, Skill Development",,4.2,382,929,13,--,Hospitality | Mumbai +29 other locations,NA
2898,Grey Orange,"Job Security, Promotions, Work Life Balance",,3.1,383,2.3k,47,10,Software Product | Gurugram +10 other locations,NA
2899,Coronis Health,"Promotions, Job Security, Skill Development",,3.4,382,1.2k,28,6,Analytics & KPO | Sahibzada Ajit Singh Nagar +10 other locations,NA
2900,Watertec India,Salary,"Promotions, Company Culture, Job Security",3.7,381,1.4k,15,9,Building Material | Coimbatore +75 other locations,NA
2901,Acme Generics LLP,"Company Culture, Promotions, Job Security",,3.4,381,1.2k,17,--,Pharma | Baddi +24 other locations,NA
2902,Srei Equipment Finance,"Work Life Balance, Company Culture, Work Satisfaction",Promotions,4.2,381,1k,11,--,Financial Services | Kolkata +79 other locations,NA
2903,Everest Spices,"Promotions, Skill Development",,3.8,381,1.1k,17,2,FMCG | Mumbai +76 other locations,NA
2904,Indraprastha Gas,Work Life Balance,"Promotions, Job Security",3.9,381,1.7k,21,--,Oil & Gas | New Delhi +28 other locations,NA
2905,Jade Global,"Promotions, Work Satisfaction, Job Security",,3.4,381,3.1k,46,167,IT Services & Consulting | Pune +8 other locations,NA
2906,TrueBlue,Work Life Balance,"Promotions, Job Security, Skill Development",3.5,381,2.3k,29,1,Recruitment | Gurugram +7 other locations,NA
2907,Runwal Group,"Work Life Balance, Job Security",Promotions,3.9,381,1.8k,26,--,Real Estate | Mumbai +9 other locations,NA
2908,Dimension Data,"Work Life Balance, Company Culture, Work Satisfaction",,4.5,380,1.2k,8,--,IT Services & Consulting | Bengaluru +54 other locations,NA
2909,Rosmerta Technologies,"Promotions, Company Culture, Skill Development",,3.4,380,1.7k,32,--,Automobile | Gurugram +55 other locations,NA
2910,Polybond India,"Promotions, Work Satisfaction, Job Security",,3.8,380,1.4k,16,17,Auto Components | Pune +14 other locations,NA
2911,Mobileum,"Promotions, Skill Development, Work Satisfaction",,3.3,380,2.4k,42,1,Software Product | Bengaluru +10 other locations,NA
2912,AQuity Solutions India,"Promotions, Salary",,3.7,380,2k,41,--,IT Services & Consulting | Hyderabad +21 other locations,NA
2913,Methodex,Promotions,,3.8,380,1.3k,15,17,Law Enforcement & Security | New Delhi +47 other locations,NA
2914,Slice,"Promotions, Job Security, Skill Development",,3.1,381,2.2k,55,10,Banking | Bengaluru +42 other locations,NA
2915,Marelli Motherson Automotive Lighting,Job Security,"Promotions, Company Culture, Work Life Balance",3.6,380,1.4k,27,--,Auto Components | Pune +15 other locations,NA
2916,Kirloskar Toyota Textile Machinery,"Company Culture, Work Life Balance, Job Security",,4.5,379,804,21,--,Industrial Machinery | Bengaluru +11 other locations,NA
2917,Expedia Group,"Work Life Balance, Salary","Promotions, Job Security, Skill Development",3.6,379,3.6k,87,44,Internet | Gurugram +14 other locations,NA
2918,Alfanar,"Work Life Balance, Job Security, Salary",Promotions,4.0,379,935,24,13,Electronics Manufacturing | Chennai +33 other locations,NA
2919,OodlesTechnologies,"Job Security, Promotions, Salary",,3.3,380,1.5k,79,4,IT Services & Consulting | Gurugram +11 other locations,NA
2920,Medline Industries India Private Limited,"Work Life Balance, Company Culture",Promotions,3.8,379,2.6k,48,3,Medical Equipment | Pune +8 other locations,NA
2921,Teamspace Financial Services,"Company Culture, Work Life Balance",Promotions,3.9,379,1.1k,22,--,Recruitment | Mumbai +122 other locations,NA
2922,JUSTO Realfintech,"Skill Development, Company Culture, Work Life Balance",,4.4,379,652,124,47,Real Estate | Pune +11 other locations,NA
2923,Helloverify,"Promotions, Job Security, Company Culture",,2.9,379,1.6k,35,--,Law Enforcement & Security | Noida +9 other locations,NA
2924,S2 Infotech,"Job Security, Promotions, Company Culture",,3.5,378,1.6k,13,--,Recruitment | Mumbai +70 other locations,NA
2925,Kores,"Promotions, Company Culture",,3.6,378,1.7k,20,11,FMCG | Mumbai +40 other locations,NA
2926,Neuberg Diagnostics,"Promotions, Company Culture, Job Security",,3.4,378,1.6k,17,19,Healthcare | Chennai +53 other locations,NA
2927,Shakti Pumps,"Promotions, Company Culture, Work Satisfaction",,3.7,378,1.4k,40,72,Industrial Machinery | Indore +44 other locations,NA
2928,Intercontinental Consultants & Technocrats,"Work Life Balance, Company Culture, Salary",,4.1,378,1.1k,30,9,Engineering & Construction | New Delhi +60 other locations,NA
2929,PropTiger.com,"Salary, Skill Development, Company Culture","Job Security, Promotions",3.8,378,1.2k,24,--,Internet | Bengaluru +14 other locations,NA
2930,ANTOLIN,Work Life Balance,"Promotions, Skill Development, Salary",3.7,378,1.7k,28,2,Auto Components | Pune +19 other locations,NA
2931,Eisai Pharmaceuticals,"Work Life Balance, Company Culture",Promotions,4.0,378,1.2k,25,--,Healthcare | Visakhapatnam +26 other locations,NA
2932,Foundit,"Promotions, Job Security, Work Satisfaction",,3.2,378,2k,35,--,Hyderabad +15 other locations,NA
2933,Imarque Solutions,"Promotions, Salary, Work Life Balance",,3.0,377,1.4k,18,48,BPO | Chennai +16 other locations,NA
2934,Berkadia,"Work Life Balance, Company Culture, Job Security","Promotions, Work Satisfaction, Salary",3.8,377,2.2k,32,2,Real Estate | Hyderabad +6 other locations,NA
2935,NR Consulting,"Company Culture, Work Life Balance, Work Satisfaction",,4.7,384,305,81,733,Recruitment | Noida +17 other locations,NA
2936,Elecon Engineering,"Work Life Balance, Company Culture, Skill Development",,4.2,377,1.4k,21,19,Electrical Equipment | Anand +23 other locations,NA
2937,Milkbasket,Work Life Balance,Promotions,3.9,377,1.6k,27,--,Internet | Gurugram +23 other locations,NA
2938,G. D. Foods MFG (TOPS),"Promotions, Job Security",,3.8,377,962,24,14,Food Processing | New Delhi +51 other locations,NA
2939,Paragon Footwear,"Job Security, Company Culture, Work Life Balance","Promotions, Salary",3.9,377,1.3k,17,2,Fashion & Textile | Bengaluru +63 other locations,NA
2940,Sandvik Mining and Rock Technology,"Company Culture, Work Life Balance, Job Security",Promotions,4.1,377,1.6k,31,--,Industrial Machinery | Udaipur +31 other locations,NA
2941,Nobel Hygiene,Salary,"Job Security, Promotions, Skill Development",3.7,377,1.3k,23,21,Healthcare | Mumbai +86 other locations,NA
2942,IPE Global,"Work Life Balance, Company Culture, Work Satisfaction","Job Security, Promotions",3.9,376,1.1k,27,53,Management Consulting | New Delhi +95 other locations,NA
2943,Arcesium,"Work Life Balance, Work Satisfaction, Promotions",,3.3,376,3.8k,91,25,IT Services & Consulting | Hyderabad +8 other locations,NA
2944,Andromeda Sales ans Distribution PVT LTD,"Promotions, Job Security, Salary",,3.2,376,1.5k,21,4,Internet | Mumbai +70 other locations,NA
2945,Rail Vikas Nigam,"Job Security, Promotions, Company Culture",,3.5,376,1k,14,--,FMCG | New Delhi +77 other locations,NA
2946,NTT Global Data Centers and Cloud Infrastructure,"Skill Development, Company Culture, Work Life Balance","Promotions, Salary",3.9,376,2.1k,27,--,IT Services & Consulting | Mumbai +17 other locations,NA
2947,Smartworks,"Promotions, Company Culture, Work Satisfaction",,3.3,377,2.2k,46,67,Real Estate | Bengaluru +18 other locations,NA
2948,Sedemac Mechatronics,"Company Culture, Work Life Balance",Promotions,4.0,377,1.5k,35,2,Emerging Technologies | Pune +7 other locations,NA
2949,Labournet Services,"Work Life Balance, Skill Development","Job Security, Promotions",4.0,376,890,23,1,Non-Profit | Bengaluru +59 other locations,NA
2950,Epsilon Carbon,"Salary, Work Life Balance",Promotions,3.8,376,1.8k,38,1,Chemicals | Ballari +19 other locations,NA
2951,Gps Renewables,"Salary, Skill Development, Company Culture",,4.1,377,839,88,1,Oil & Gas | Bengaluru +40 other locations,NA
2952,KaaShiv InfoTech Company,"Work Satisfaction, Company Culture, Job Security",,4.8,375,223,37,--,EdTech | Chennai +5 other locations,NA
2953,Ambuja Neotia,Job Security,"Promotions, Salary",3.9,376,1.3k,16,1,Real Estate | Kolkata +15 other locations,NA
2954,MCM Telecom Equipment,Skill Development,"Promotions, Salary",3.8,375,876,17,--,Electronics Manufacturing | Noida +6 other locations,NA
2955,Técnicas Reunidas,"Work Life Balance, Job Security",Promotions,3.9,375,1.6k,35,--,Engineering & Construction | Bengaluru +21 other locations,NA
2956,MSCI,Salary,"Promotions, Job Security, Work Satisfaction",3.7,374,3.6k,57,50,Financial Services | Mumbai +11 other locations,NA
2957,Servion Global Solutions,"Promotions, Job Security, Skill Development",,3.1,374,2.6k,36,11,IT Services & Consulting | Chennai +14 other locations,NA
2958,Agarwal Packers and Movers Limited,"Promotions, Salary, Skill Development",,3.4,374,1.6k,18,18,Logistics | New Delhi +46 other locations,NA
2959,The Hershey Company,"Company Culture, Work Life Balance, Job Security",Promotions,4.0,374,1.2k,22,17,Food Processing | Mumbai +63 other locations,NA
2960,Siemens Healthcare,"Work Life Balance, Job Security, Company Culture",Promotions,4.0,374,2.3k,11,--,Healthcare | Bengaluru +26 other locations,NA
2961,Navi Technologies,"Job Security, Promotions, Work Satisfaction",,3.0,374,2.3k,69,91,FinTech | Bengaluru +18 other locations,NA
2962,Synokem Pharmaceuticals,"Work Life Balance, Company Culture, Job Security",Promotions,3.9,374,1.5k,16,2,Pharma | Haridwar +18 other locations,NA
2963,Krishna Group,"Work Life Balance, Company Culture, Job Security",Promotions,4.0,374,1.5k,32,6,Auto Components | Gurugram +33 other locations,NA
2964,Karvy Innotech,"Promotions, Salary, Company Culture",,2.9,373,1.8k,31,13,IT Services & Consulting | New Delhi +43 other locations,NA
2965,Hilex,"Work Life Balance, Work Satisfaction, Job Security",Promotions,3.8,373,1.2k,18,9,Automobile | Chennai +17 other locations,NA
2966,Sharda University,"Promotions, Salary",,3.7,373,1.6k,24,4,Education & Training | Greater Noida +13 other locations,NA
2967,Hathi Cement,"Job Security, Work Life Balance, Company Culture",Promotions,4.0,373,1.2k,24,8,Building Material | Porbandar +41 other locations,NA
2968,Richa Global Export,"Skill Development, Salary, Company Culture",,4.0,372,1.4k,18,--,Fashion & Textile | Gurugram +11 other locations,NA
2969,Veeda Clinical Research,"Promotions, Job Security, Salary",,3.4,372,1.5k,14,13,Clinical Research | Ahmedabad +7 other locations,NA
2970,SRMB SRIJAN,"Promotions, Work Satisfaction, Salary",,3.5,372,1.2k,35,50,Iron & Steel | Kolkata +48 other locations,NA
2971,Rubicon Research,"Promotions, Company Culture, Work Life Balance",,3.5,372,1.9k,28,22,Pharma | Mumbai +13 other locations,NA
2972,Aquasub Engineering,Work Life Balance,"Promotions, Job Security",3.8,372,1.3k,9,--,Industrial Machinery | Coimbatore +17 other locations,NA
2973,Bliss Gvs Pharma,"Company Culture, Job Security, Salary",,4.0,372,1.6k,30,7,Pharma | Mumbai +14 other locations,NA
2974,Heavy Engineering Industries & Shipbuilding,"Salary, Work Life Balance",Promotions,3.9,372,648,15,--,Engineering & Construction | Kuwait City +27 other locations,NA
2975,Johnson Controls Hitachi Air Conditioning,"Promotions, Skill Development, Work Satisfaction",,3.7,371,1.6k,23,--,Consumer Electronics & Appliances | Ahmedabad +37 other locations,NA
2976,Moser Baer,"Work Life Balance, Skill Development, Work Satisfaction",,3.9,371,681,9,--,Consumer Electronics & Appliances | Noida +12 other locations,NA
2977,Pharmarack Technologies,"Promotions, Job Security, Company Culture",,3.5,371,1.7k,34,1,Pharma | Pune +70 other locations,NA
2978,SYSTRA,Work Life Balance,Promotions,4.0,371,1.4k,29,--,Engineering & Construction | New Delhi +40 other locations,NA
2979,Mahendra’s Institute,"Salary, Promotions, Job Security",,3.2,371,688,10,1,Education & Training | Lucknow +93 other locations,NA
2980,Enterprise Growth Accelerator,"Job Security, Promotions, Skill Development",,3.5,370,628,11,--,Analytics & KPO | Faridabad +9 other locations,NA
2981,Satyam Venture Engineering Services,"Promotions, Salary, Skill Development",,3.3,370,2.4k,25,65,Auto Components | Hyderabad +12 other locations,NA
2982,Cashpor Micro Credit,"Promotions, Work Satisfaction, Skill Development",,3.6,370,833,27,--,NBFC | Varanasi +63 other locations,NA
2983,Royal Orchid Hotels,"Company Culture, Work Life Balance, Job Security",,4.0,369,945,14,2,Hospitality | Bengaluru +51 other locations,NA
2984,Toshiba JSW Power Systems,"Company Culture, Work Life Balance, Salary",,4.2,369,1.6k,22,8,Industrial Machinery | Chennai +14 other locations,NA
2985,SiliconIndia,"Job Security, Company Culture, Work Life Balance",,2.7,369,1.7k,28,2,Printing & Publishing | Bengaluru +9 other locations,NA
2986,Capital Small Finance Bank,"Skill Development, Work Satisfaction, Promotions",,3.6,369,1.3k,11,2,Banking | Jalandhar +69 other locations,NA
2987,RedBus,"Job Security, Work Life Balance, Company Culture",Promotions,4.1,369,2k,42,16,Internet | Bengaluru +21 other locations,NA
2988,Descon Engineering,"Salary, Work Life Balance, Skill Development",,4.0,369,668,22,--,Engineering & Construction | Mumbai +28 other locations,NA
2989,Maxxis Rubber,"Promotions, Company Culture, Work Satisfaction",,3.4,369,1.8k,33,1,Auto Components | Ahmedabad +18 other locations,NA
2990,Sunflag Iron and Steel,"Promotions, Work Satisfaction, Salary",,3.7,369,1.2k,31,4,Iron & Steel | Bhandara +16 other locations,NA
2991,Data-Core Systems,"Promotions, Salary, Skill Development",,2.9,368,1.2k,22,6,IT Services & Consulting | Kolkata +6 other locations,NA
2992,GE Aerospace,"Company Culture, Job Security, Skill Development","Promotions, Salary",4.1,368,1.8k,24,--,Defence & Aerospace | Pune +11 other locations,NA
2993,Zara,"Promotions, Work Life Balance, Work Satisfaction",,3.5,368,833,42,--,Fashion & Textile | New Delhi +22 other locations,NA
2994,TCG Lifesciences,"Work Life Balance, Job Security, Work Satisfaction",,4.1,368,1.2k,14,--,Pharma | Kolkata +8 other locations,NA
2995,Yellow Diamond,"Work Life Balance, Company Culture",Promotions,4.0,368,1.1k,23,6,FMCG | Indore +88 other locations,NA
2996,Bss Microfinance,Salary,,3.8,368,829,16,2,Financial Services | Bengaluru +133 other locations,NA
2997,RSM US in India,"Promotions, Work Satisfaction, Job Security",,3.4,368,3.4k,48,407,Management Consulting | Bengaluru +15 other locations,NA
2998,Teachnook,"Salary, Job Security, Work Life Balance",,2.8,368,416,91,--,EdTech | Bengaluru +19 other locations,NA
2999,Sri Aurobindo Society,"Work Life Balance, Company Culture, Work Satisfaction",,4.1,367,746,53,--,Non-Profit | New Delhi +23 other locations,NA
3000,Wildcraft,"Promotions, Salary, Company Culture",,3.6,367,1.5k,13,--,Fashion & Textile | Bengaluru +49 other locations,NA
3001,Associated Road Carriers,"Work Life Balance, Job Security, Company Culture",,4.1,367,1.2k,25,8,Logistics | Hyderabad +71 other locations,NA
3002,Centre For Sight,Promotions,,3.9,367,1.3k,18,28,Healthcare | New Delhi +37 other locations,NA
3003,EXEDY,"Work Life Balance, Job Security, Work Satisfaction","Promotions, Salary",3.8,367,1.5k,24,3,Auto Components | Bengaluru +19 other locations,NA
3004,Ultra Corpotech,"Skill Development, Work Life Balance",Promotions,4.0,367,1.8k,24,--,Industrial Machinery | Pune +5 other locations,NA
3005,Apcer Life Sciences,"Promotions, Company Culture, Work Satisfaction",,3.4,367,1.3k,23,2,Pharma | New Delhi +9 other locations,NA
3006,Planetcast,Job Security,"Promotions, Salary",3.7,367,1.5k,31,--,Media & Entertainment | Noida +14 other locations,NA
3007,Bellsonica Auto Component,"Work Life Balance, Company Culture, Salary",Promotions,3.9,367,1.3k,24,--,Auto Components | Gurugram +14 other locations,NA
3008,K L University,"Job Security, Salary",Promotions,3.8,367,1.1k,47,3,Education & Training | Vijayawada +19 other locations,NA
3009,Priya Cement,"Work Life Balance, Job Security, Company Culture",Promotions,4.1,367,1.1k,17,--,Building Material | Kurnool +54 other locations,NA
3010,Sri Aurobindo Society,"Work Life Balance, Company Culture, Work Satisfaction",,4.1,367,746,53,--,Non-Profit | New Delhi +23 other locations,NA
3011,Concord Biotech,"Job Security, Work Life Balance","Promotions, Salary",3.7,367,1.9k,22,17,Pharma | Ahmedabad +23 other locations,NA
3012,Hyundai Engineering and Construction,"Salary, Work Satisfaction, Work Life Balance",,4.3,366,538,25,--,Engineering & Construction | Chennai +31 other locations,NA
3013,Tata Toyo Radiator,"Job Security, Skill Development","Promotions, Salary, Company Culture",,--,--,--,--,Auto Components | Pune +11 other locations,NA
3014,Trident Hotels,"Skill Development, Job Security, Company Culture",,4.0,366,985,18,--,Hospitality | Mumbai +18 other locations,NA
3015,Tega Industries,"Job Security, Work Life Balance","Promotions, Salary, Company Culture",3.7,366,1.5k,27,2,Industrial Machinery | Kolkata +20 other locations,NA
3016,Rainbow Hospital,"Promotions, Salary",,3.7,366,1.6k,20,--,Healthcare | Hyderabad +20 other locations,NA
3017,ITSource Technologies,"Promotions, Company Culture, Salary",,2.8,366,1.8k,31,--,IT Services & Consulting | Mumbai +28 other locations,NA
3018,Berar Finance,"Promotions, Job Security, Salary",,3.5,366,974,22,--,NBFC | Nagpur +97 other locations,NA
3019,Rahee Group,"Work Life Balance, Job Security",Promotions,3.9,366,1.1k,37,12,Railways | Kolkata +48 other locations,NA
3020,Planetcast,Job Security,"Promotions, Salary",3.7,367,1.5k,31,--,Media & Entertainment | Noida +14 other locations,NA
3021,Berar Finance,"Promotions, Job Security, Salary",,3.5,366,974,22,--,NBFC | Nagpur +97 other locations,NA
3022,Caparo Maruti,"Work Life Balance, Job Security, Company Culture",,4.2,365,1.2k,13,--,Auto Components | Gurugram +20 other locations,NA
3023,ITSource Technologies,"Promotions, Company Culture, Salary",,2.8,366,1.8k,31,--,IT Services & Consulting | Mumbai +28 other locations,NA
3024,Eclat Health Solutions,Job Security,Promotions,3.8,365,1.3k,65,14,Analytics & KPO | Hyderabad +11 other locations,NA
3025,Offshoot Agency,"Promotions, Job Security, Salary",,3.4,365,1.2k,27,1,IT Services & Consulting | New Delhi +22 other locations,NA
3026,Evolent Health International,"Work Life Balance, Company Culture, Work Satisfaction","Job Security, Promotions",3.9,365,1.8k,29,6,Software Product | Pune +4 other locations,NA
3027,Tata Digital,"Promotions, Company Culture, Work Satisfaction",,2.3,365,2.1k,49,11,IT Services & Consulting | Mumbai +10 other locations,NA
3028,Hollister Medical,"Company Culture, Work Life Balance, Job Security","Promotions, Salary",4.0,364,1.2k,26,14,Medical Equipment | Rewari +11 other locations,NA
3029,Pranav Vikas India Private Limited,"Job Security, Promotions",,3.7,364,1.2k,33,2,Automobile | Faridabad +16 other locations,NA
3030,Lloyds Metals And Energy,"Promotions, Company Culture",,3.8,364,1.3k,38,--,Metals & Mining | Chandrapur +14 other locations,NA
3031,Capri Global Housing Finance,"Job Security, Work Life Balance, Promotions",,3.5,364,1.2k,25,--,NBFC | Mumbai +98 other locations,NA
3032,Awign Enterprises,"Job Security, Promotions, Salary",,3.6,364,1.1k,47,36,Internet | Bengaluru +51 other locations,NA
3033,Indifi Technologies,"Promotions, Job Security, Work Satisfaction",,3.6,364,1.8k,41,22,FinTech | Gurugram +14 other locations,NA
3034,Dorset Industries,"Work Life Balance, Job Security, Company Culture",,4.3,364,904,79,11,Building Material | Gurugram +48 other locations,NA
3035,HL Mando,"Company Culture, Job Security, Skill Development",Promotions,4.0,364,1.3k,22,--,Auto Components | Chennai +22 other locations,NA
3036,Brick&Bolt,"Job Security, Work Life Balance, Work Satisfaction",,3.4,364,1.3k,38,33,Engineering & Construction | Bengaluru +9 other locations,NA
3037,Amoli Organics,Work Life Balance,Promotions,3.7,364,1.9k,16,--,Pharma | Vadodara +15 other locations,NA
3038,Vedant Fashions,"Company Culture, Work Life Balance, Work Satisfaction",Promotions,4.2,364,1.2k,22,6,Fashion & Textile | Kolkata +50 other locations,NA
3039,Jawahar Navodaya Vidyalaya,"Work Life Balance, Salary, Work Satisfaction",Promotions,4.5,364,506,19,--,Education & Training | New Delhi +151 other locations,NA
3040,Captain Steel India Limited,Salary,Promotions,3.8,364,894,23,17,Iron & Steel | Kolkata +76 other locations,NA
3041,Actalent Services,"Company Culture, Work Life Balance","Promotions, Salary, Work Satisfaction",3.6,364,1.7k,24,--,Engineering & Construction | Bengaluru +9 other locations,NA
3042,HBL Global,"Job Security, Work Satisfaction, Company Culture",,4.3,363,366,9,--,NBFC | New Delhi +76 other locations,NA
3043,Watchyourhealth.com,"Company Culture, Work Life Balance, Work Satisfaction",,4.6,363,364,55,--,Emerging Technologies | Thane +3 other locations,NA
3044,Birla Cement,"Job Security, Company Culture, Work Life Balance",,4.1,363,1.1k,30,--,Building Material | Satna +74 other locations,NA
3045,Department of Agriculture,"Work Life Balance, Work Satisfaction, Skill Development",,4.3,363,1.3k,47,--,Agriculture | Bengaluru +142 other locations,NA
3046,Lumino Industries,"Work Satisfaction, Promotions, Skill Development",,3.8,363,1.1k,24,2,Electrical Equipment | Kolkata +51 other locations,NA
3047,Toshiba Transmission & Distribution Systems,"Job Security, Work Life Balance, Salary",,4.0,363,1.7k,25,22,Electrical Equipment | Hyderabad +23 other locations,NA
3048,Hays Business Solutions,"Promotions, Skill Development, Salary",,3.3,363,1.9k,22,6,Recruitment | Noida +12 other locations,NA
3049,Mobiloitte Technologies,"Job Security, Company Culture, Work Life Balance",,3.1,363,1k,36,5,IT Services & Consulting | New Delhi +9 other locations,NA
3050,Hitachi Vantara,Work Life Balance,"Promotions, Work Satisfaction, Job Security",3.5,363,5.3k,7,13,IT Services & Consulting | Hyderabad +14 other locations,NA
3051,Endava,"Promotions, Skill Development, Work Satisfaction",,3.5,363,2.4k,26,1,IT Services & Consulting | Bengaluru +13 other locations,NA
3052,Sj Contracts,"Company Culture, Job Security, Skill Development",,4.2,363,1.2k,25,2,Engineering & Construction | Pune +9 other locations,NA
3053,Apmosys Technologies,"Company Culture, Promotions, Salary",,3.1,363,2.8k,54,15,IT Services & Consulting | Mumbai +9 other locations,NA
3054,VXI Global Solutions,"Promotions, Job Security, Skill Development",,3.3,363,971,28,1,BPO | Hyderabad +5 other locations,NA
3055,Kokuyo Camlin,"Job Security, Work Life Balance, Company Culture","Promotions, Salary",3.8,363,1.1k,25,6,FMCG | Mumbai +65 other locations,NA
3056,Subway,"Company Culture, Work Life Balance, Work Satisfaction",,4.2,362,842,26,--,Hospitality | New Delhi +66 other locations,NA
3057,Treebo Hotels,"Job Security, Work Satisfaction, Promotions",,3.2,362,1.4k,28,121,Internet | Bengaluru +39 other locations,NA
3058,People Group,"Promotions, Work Satisfaction, Job Security",,3.4,362,1.5k,15,50,Internet | Mumbai +30 other locations,NA
3059,Computacenter,"Company Culture, Work Life Balance, Job Security",Promotions,3.9,362,2.7k,45,18,IT Services & Consulting | Bengaluru +10 other locations,NA
3060,SATTVA,"Work Life Balance, Job Security, Company Culture",Promotions,4.3,362,1.6k,30,--,Real Estate | Bengaluru +15 other locations,NA
3061,Phenom,"Company Culture, Work Life Balance, Promotions",,3.5,362,2.2k,65,13,Software Product | Hyderabad +5 other locations,NA
3062,Wagh Bakri Tea Group,"Work Life Balance, Job Security, Salary",,4.3,362,1.2k,29,5,Beverage | Ahmedabad +57 other locations,NA
3063,Ben Franklin Opticians,"Work Life Balance, Work Satisfaction, Company Culture",Promotions,3.9,362,800,25,--,Retail | Hyderabad +110 other locations,NA
3064,Suzuki,"Company Culture, Job Security, Salary",,3.8,361,1.2k,38,--,Automobile | Ahmedabad +60 other locations,NA
3065,Avineon India,"Company Culture, Work Life Balance, Job Security",Promotions,4.1,361,1.4k,31,5,IT Services & Consulting | Hyderabad +9 other locations,NA
3066,N Ranga Rao And Sons,"Company Culture, Work Life Balance",Promotions,3.9,361,975,14,--,FMCG | Mysuru +77 other locations,NA
3067,GGS Information Services,"Work Life Balance, Company Culture, Work Satisfaction",Promotions,3.9,361,2k,29,2,IT Services & Consulting | Chennai +10 other locations,NA
3068,QUADRANT TECHNOLOGIES INDIA PRIVATE LIMITED,Work Life Balance,,3.8,361,2.1k,59,21,Recruitment | Hyderabad +12 other locations,NA
3069,Time Technoplast,Job Security,"Promotions, Salary, Company Culture",3.8,361,1.8k,15,6,Petrochemicals | Mumbai +34 other locations,NA
3070,TRL Krosaki Refractories,Job Security,Promotions,3.9,361,1.6k,36,22,Metals & Mining | Jharsuguda +22 other locations,NA
3071,SEIL Energy India,"Job Security, Work Life Balance, Company Culture",Promotions,4.0,361,1.5k,19,--,Power | Nellore +35 other locations,NA
3072,Adani Electricity,"Promotions, Job Security, Company Culture",,3.4,362,1.7k,24,--,Power | Mumbai +39 other locations,NA
3073,Utkarsh India,"Company Culture, Work Life Balance, Promotions",,3.6,361,1.2k,52,--,Iron & Steel | Kolkata +20 other locations,NA
3074,Cedcoss Technologies,"Job Security, Company Culture, Work Life Balance",,3.0,360,1.9k,52,12,IT Services & Consulting | Lucknow +3 other locations,NA
3075,Tribhovandas Bhimji Zaveri,"Job Security, Work Life Balance, Skill Development",,4.1,360,1.1k,9,7,Metals & Mining | Mumbai +34 other locations,NA
3076,Syncfusion,Job Security,"Company Culture, Promotions, Salary",3.4,360,2.1k,55,--,Software Product | Chennai +5 other locations,NA
3077,Pegasystems,"Promotions, Work Satisfaction, Job Security",,3.6,361,3.2k,33,18,Software Product | Hyderabad +5 other locations,NA
3078,Zoomcar,"Job Security, Promotions, Company Culture",,3.7,360,1.6k,24,--,Internet | Bengaluru +29 other locations,NA
3079,Health India Tpa Services,"Promotions, Company Culture, Work Satisfaction",,3.2,361,1.4k,26,9,Insurance | Mumbai +33 other locations,NA
3080,Mitra SK,"Work Life Balance, Skill Development, Job Security","Promotions, Salary",3.9,359,1k,15,5,Other | Kolkata +48 other locations,NA
3081,Audi,Work Life Balance,"Promotions, Salary",3.7,359,1.2k,16,--,Automobile | New Delhi +55 other locations,NA
3082,NCCCL,"Promotions, Salary, Company Culture",,3.5,359,1.1k,18,2,Engineering & Construction | Bengaluru +24 other locations,NA
3083,VST Industries,Salary,"Promotions, Job Security, Company Culture",3.7,359,905,18,--,FMCG | Hyderabad +88 other locations,NA
3084,Hitachi Hi-Rel Power Electronics,"Job Security, Work Life Balance","Promotions, Salary",3.8,359,1.6k,24,11,Electronics Manufacturing | Ahmedabad +31 other locations,NA
3085,Emami Paper Mills,"Job Security, Work Life Balance, Company Culture",,4.1,359,819,54,3,Pulp & Paper | Balasore +8 other locations,NA
3086,Lalitha Jewellery,"Work Life Balance, Work Satisfaction, Job Security",Promotions,4.0,359,1k,22,12,Jewellery | Chennai +45 other locations,NA
3087,People Prime Worldwide,"Company Culture, Work Life Balance, Skill Development",,4.1,360,1.5k,55,6,Recruitment | Hyderabad +8 other locations,NA
3088,Lido Learning,"Job Security, Company Culture, Work Satisfaction",,2.1,359,1.5k,55,--,EdTech | Mumbai +18 other locations,NA
3089,Ryan International School,"Promotions, Company Culture, Work Satisfaction",,3.1,360,974,19,--,Education & Training | Mumbai +45 other locations,NA
3090,Wipro GE Health Care,"Company Culture, Job Security, Skill Development",,4.0,358,1.6k,17,--,IT Services & Consulting | Bengaluru +34 other locations,NA
3091,Ssipl Lifestyle,"Skill Development, Work Life Balance, Work Satisfaction",,4.1,358,951,6,8,Retail | New Delhi +49 other locations,NA
3092,Ample Technologies,"Promotions, Work Satisfaction",,3.7,358,1.5k,25,13,IT Services & Consulting | Bengaluru +29 other locations,NA
3093,Uneecops Technologies,Job Security,"Promotions, Work Satisfaction",3.7,359,2.1k,20,2,IT Services & Consulting | Noida +25 other locations,NA
3094,OneSource Specialty Pharma Limited,Promotions,,3.8,358,1.7k,43,--,Pharma | Bengaluru +7 other locations,NA
3095,Gujarat Alkalies & Chemicals,"Work Life Balance, Job Security, Company Culture",,4.6,358,1.5k,28,10,Chemicals | Bharuch +15 other locations,NA
3096,New Opportunity Consultancy,"Work Life Balance, Work Satisfaction, Skill Development",,4.1,358,965,10,83,Recruitment | Coimbatore +141 other locations,NA
3097,Qentelli,Salary,"Job Security, Promotions",3.6,358,1.9k,27,74,IT Services & Consulting | Hyderabad +4 other locations,NA
3098,RWS Group,"Promotions, Job Security, Skill Development",,3.5,358,2.2k,30,17,IT Services & Consulting | Indore +22 other locations,NA
3099,TMF Group,Work Life Balance,"Promotions, Salary, Work Satisfaction",3.7,357,1.9k,28,101,Financial Services | Pune +11 other locations,NA
3100,Udaan India - The Original Visa Company,"Skill Development, Salary, Company Culture",,4.3,357,1.5k,23,--,Bengaluru +77 other locations,NA
3101,Vini Cosmetics,Salary,"Job Security, Promotions",3.9,357,846,16,--,Beauty & Personal Care | Mumbai +97 other locations,NA
3102,Motherson Technology Services,Job Security,"Promotions, Company Culture, Skill Development",3.3,357,2.2k,36,1,IT Services & Consulting | Noida +12 other locations,NA
3103,Adarsh Credit Co-Operative Society,"Salary, Work Life Balance, Skill Development",,4.4,356,521,5,--,Investment Banking / Venture Capital / Private Equity | Ahmedabad +138 other locations,NA
3104,Harjai Computers,"Promotions, Job Security, Skill Development",,3.2,356,1.7k,36,4,Recruitment | Mumbai +14 other locations,NA
3105,Carraro,"Job Security, Work Life Balance, Company Culture",Promotions,4.0,356,1.4k,15,--,Industrial Machinery | Pune +5 other locations,NA
3106,Holcim,"Promotions, Work Satisfaction, Skill Development",,3.5,356,2k,24,20,Building Material | Mumbai +36 other locations,NA
3107,Godrej Infotech,"Job Security, Work Life Balance","Salary, Promotions, Work Satisfaction",3.7,356,2.1k,33,3,IT Services & Consulting | Mumbai +18 other locations,NA
3108,INOX Air Products,"Job Security, Work Life Balance",Promotions,4.0,357,1.8k,24,--,Oil & Gas | Pune +58 other locations,NA
3109,The Park Hotels,Job Security,Promotions,3.9,356,1.2k,10,--,Hospitality | Kolkata +25 other locations,NA
3110,DotPe,"Job Security, Promotions, Work Satisfaction",,3.1,356,1.6k,43,3,IT Services & Consulting | Gurugram +23 other locations,NA
3111,GTPL-KCBPL,"Company Culture, Work Life Balance, Job Security","Promotions, Salary",4.0,356,465,45,--,Telecom | Kolkata +36 other locations,NA
3112,Schaeffer & Sam,"Promotions, Work Satisfaction, Company Culture",,3.3,355,763,13,--,Accounting & Auditing | Mumbai +24 other locations,NA
3113,Duroflex,Promotions,,4.0,355,1.6k,27,4,Furniture & Furnishing | Bengaluru +49 other locations,NA
3114,Protiviti India Member,"Promotions, Company Culture, Work Satisfaction",,2.7,356,1.7k,37,138,Management Consulting | Mumbai +28 other locations,NA
3115,Technocon Services,"Promotions, Salary, Work Satisfaction",,3.3,355,888,48,1,Engineering & Construction | Kolkata +39 other locations,NA
3116,Campus Activewear,"Work Life Balance, Salary, Company Culture",Promotions,4.0,356,1.5k,22,5,Fashion & Textile | New Delhi +48 other locations,NA
3117,Choice Consultancy Services,"Job Security, Promotions, Salary",,3.7,355,1.1k,16,--,Management Consulting | Mumbai +68 other locations,NA
3118,Eaton India Innovation Center,"Job Security, Salary","Promotions, Work Satisfaction, Skill Development",3.7,354,2.3k,40,--,Engineering & Construction | Pune +2 other locations,NA
3119,Ventura Securities,"Job Security, Work Life Balance, Company Culture",Promotions,4.0,354,1.3k,33,9,Financial Services | Mumbai +42 other locations,NA
3120,Windlas Biotech,"Work Life Balance, Salary",Promotions,3.9,354,1.4k,27,11,Pharma | Dehradun +15 other locations,NA
3121,Aarti Drugs,"Promotions, Salary, Company Culture",,3.5,354,1.5k,24,4,Pharma | Mumbai +12 other locations,NA
3122,Lam Research,"Company Culture, Salary","Promotions, Work Satisfaction, Job Security",3.8,354,2.7k,58,130,Semiconductors | Bengaluru +3 other locations,NA
3123,B S R & Co Llp,"Work Life Balance, Work Satisfaction, Promotions",,3.1,354,3.8k,25,54,Accounting & Auditing | Mumbai +22 other locations,NA
3124,Jumio,Salary,"Job Security, Skill Development, Promotions",3.8,354,998,17,6,Emerging Technologies | Jaipur +12 other locations,NA
3125,METRO Global Solutions Center,"Promotions, Salary, Work Satisfaction",,3.4,354,1.4k,17,--,IT Services & Consulting | Pune +9 other locations,NA
3126,Vaibhav Global,"Promotions, Job Security, Work Satisfaction",,3.1,354,1.5k,26,32,Jewellery | Jaipur +11 other locations,NA
3127,Intelizign Lifecycle Services,"Promotions, Salary",,3.6,354,2.6k,45,25,IT Services & Consulting | Pune +7 other locations,NA
3128,R.K.M Powergen,"Work Life Balance, Work Satisfaction",Promotions,3.9,354,1.1k,24,--,Power | Raigarh +17 other locations,NA
3129,Debtcare Enterprises,"Company Culture, Skill Development, Work Life Balance",,4.3,353,310,13,1,Investment Banking / Venture Capital / Private Equity | Hyderabad +17 other locations,NA
3130,McNROE,"Salary, Company Culture, Work Life Balance",Promotions,3.9,353,1.1k,23,9,FMCG | Kolkata +65 other locations,NA
3131,Vatika Group,"Work Life Balance, Job Security, Company Culture",,4.2,353,1.3k,17,--,Hospitality | Gurugram +18 other locations,NA
3132,Swiss Re,"Work Life Balance, Company Culture","Promotions, Job Security, Work Satisfaction",3.7,353,2.9k,49,285,Insurance | Bengaluru +6 other locations,NA
3133,Transguard Group,Promotions,,3.8,354,486,20,--,Law Enforcement & Security | Dubai +25 other locations,NA
3134,Hygienic Research Institute,"Work Life Balance, Company Culture, Salary","Promotions, Skill Development",3.8,353,1.1k,18,7,Beauty & Personal Care | Mumbai +60 other locations,NA
3135,Seth M R Jaipuria School,"Promotions, Job Security, Salary",,3.6,353,899,29,6,Education & Training | Lucknow +50 other locations,NA
3136,Mitsubishi Electric Automotive India,"Company Culture, Work Life Balance, Salary",Promotions,4.4,353,930,29,--,Automobile | Gurugram +16 other locations,NA
3137,Medall Healthcare,"Promotions, Job Security, Work Satisfaction",,3.6,352,1.1k,6,1,Healthcare | Chennai +52 other locations,NA
3138,Ven Consulting,"Job Security, Promotions, Company Culture",,3.2,353,906,43,--,Recruitment | Bengaluru +62 other locations,NA
3139,DEN Networks,"Work Life Balance, Company Culture, Work Satisfaction","Promotions, Salary",3.8,352,1.5k,14,6,Broadcasting | New Delhi +48 other locations,NA
3140,MAHLE Behr India,Job Security,"Promotions, Work Satisfaction, Work Life Balance",3.6,352,860,13,13,Auto Components | Pune +11 other locations,NA
3141,Deenanath Mangeshkar Hospital,"Job Security, Skill Development","Promotions, Salary",3.8,352,979,17,29,Healthcare | Pune +11 other locations,NA
3142,Autocomp Corporation Panse,"Company Culture, Promotions, Work Life Balance",,3.4,352,1.5k,23,12,Auto Components | Pune +12 other locations,NA
3143,SBI Payment Services,Work Life Balance,Promotions,4.0,352,1.2k,29,21,Financial Services | Mumbai +122 other locations,NA
3144,Al Tasnim Enterprises,"Promotions, Company Culture, Work Satisfaction",,3.5,352,1.3k,17,--,Engineering & Construction | Muscat +18 other locations,NA
3145,MSP Steel & Power,"Job Security, Skill Development",Promotions,3.8,352,1.1k,36,4,Iron & Steel | Raigarh +19 other locations,NA
3146,Woodenstreet.com,"Promotions, Job Security, Company Culture",,3.4,352,1.5k,28,16,Furniture & Furnishing | Udaipur +28 other locations,NA
3147,Gupta Power Infrastructure,"Promotions, Salary, Company Culture",,3.0,351,1.3k,14,--,Power | Bhubaneswar +42 other locations,NA
3148,Vijay Nirman Company,"Promotions, Salary, Company Culture",,3.6,351,880,8,--,Engineering & Construction | Hyderabad +33 other locations,NA
3149,Adient,"Company Culture, Work Life Balance, Job Security",Promotions,4.0,351,1.9k,21,2,Auto Components | Pune +13 other locations,NA
3150,e-Zest,Work Life Balance,Promotions,3.9,351,3.5k,30,25,IT Services & Consulting | Pune +6 other locations,NA
3151,Yalamanchili Software Exports,"Promotions, Salary, Company Culture",,3.1,351,1.4k,18,2,Software Product | Chennai +12 other locations,NA
3152,Netcore Cloud Private Limited,"Job Security, Company Culture, Work Life Balance",,4.2,351,1.7k,32,36,Marketing & Advertising | Mumbai +12 other locations,NA
3153,Borosil Glass Works,Salary,"Work Satisfaction, Promotions",3.7,352,1.7k,14,4,Packaging | Jaipur +37 other locations,NA
3154,WPP,"Promotions, Work Satisfaction, Skill Development",,2.9,351,2.4k,21,59,Marketing & Advertising | Mumbai +11 other locations,NA
3155,Akumentis Healthcare,"Promotions, Skill Development, Salary",,3.4,350,852,18,--,Healthcare | Mumbai +52 other locations,NA
3156,Zydex Industries,"Company Culture, Work Life Balance",Promotions,3.9,350,1.1k,22,17,Chemicals | Vadodara +72 other locations,NA
3157,Cotmac Electronics,"Promotions, Company Culture, Work Life Balance",,3.7,350,1.5k,25,21,Industrial Automation | Pune +24 other locations,NA
3158,TCI Supply Chain Solutions,"Job Security, Skill Development, Company Culture",,4.0,350,856,21,--,Logistics | Gurugram +57 other locations,NA
3159,Worldline,Work Life Balance,"Promotions, Work Satisfaction, Skill Development",3.6,351,2.3k,42,10,FinTech | Mumbai +15 other locations,NA
3160,Light Microfinance,"Salary, Skill Development",Job Security,3.8,351,900,19,4,NBFC | Ahmedabad +119 other locations,NA
3161,Sequel Logistics,"Job Security, Work Life Balance, Salary",Promotions,4.0,350,1.2k,19,1,Logistics | Bengaluru +48 other locations,NA
3162,JSW One Platforms,"Promotions, Work Satisfaction, Skill Development",,2.9,350,1.6k,47,5,Internet | Mumbai +39 other locations,NA
3163,Yamaha Motor India Sales,"Work Life Balance, Job Security",Promotions,4.1,350,978,17,1,Automobile | Chennai +58 other locations,NA
3164,Orchid Pharma,Job Security,"Promotions, Salary",3.7,350,1.1k,46,--,Pharma | Chennai +16 other locations,NA
3165,DCM Shriram Industries,"Job Security, Work Life Balance, Salary",Promotions,4.1,350,1.5k,19,--,Chemicals | Meerut +36 other locations,NA
3166,Shaadi.com,"Job Security, Promotions, Company Culture",,3.4,350,1.3k,34,20,Internet | Mumbai +26 other locations,NA
3167,EPIQ Systems,Work Life Balance,"Job Security, Promotions, Skill Development",3.4,349,2k,18,12,Legal | Hyderabad +9 other locations,NA
3168,Sekisui Dljm Molding,Promotions,,3.9,349,1.4k,21,--,Auto Components | Chennai +19 other locations,NA
3169,Parul University,"Promotions, Salary, Company Culture",,3.3,349,1.2k,26,36,Education & Training | Vadodara +37 other locations,NA
3170,ACB (India),"Job Security, Work Life Balance","Promotions, Salary, Skill Development",3.8,349,1.5k,19,1,Oil & Gas | Korba +29 other locations,NA
3171,Jaguar Security Services,"Salary, Company Culture, Work Life Balance",,4.5,349,922,29,12,Law Enforcement & Security | Bengaluru +22 other locations,NA
3172,Rashtriya Chemicals and Fertilizers,"Job Security, Work Life Balance, Company Culture",,4.4,349,858,18,--,Agro Chemicals | Mumbai +32 other locations,NA
3173,Bain & Company,"Company Culture, Salary","Promotions, Work Life Balance, Work Satisfaction",3.7,349,5.7k,118,20,Management Consulting | Gurugram +7 other locations,NA
3174,Stefanini,"Promotions, Work Satisfaction, Job Security",,2.7,349,2k,38,8,IT Services & Consulting | Noida +12 other locations,NA
3175,Prem Motors,"Promotions, Salary",,3.7,349,1.1k,15,2,Automobile | Gwalior +21 other locations,NA
3176,Control Print,"Company Culture, Work Life Balance, Job Security",,4.1,349,1.2k,84,17,Industrial Machinery | Mumbai +44 other locations,NA
3177,Hical Technologies,"Promotions, Salary, Work Satisfaction",,3.6,349,1.6k,24,9,Auto Components | Bengaluru +5 other locations,NA
3178,Roquette Riddhi Siddhi,"Company Culture, Work Life Balance, Work Satisfaction",Promotions,3.9,350,1.3k,14,20,Pharma | Rudrapur +20 other locations,NA
3179,Council of Scientific and Industrial Research,"Work Life Balance, Company Culture, Skill Development","Promotions, Job Security",4.1,349,1.2k,25,--,Government | New Delhi +43 other locations,NA
3180,Halonix Technologies,"Promotions, Skill Development",,3.7,348,1.3k,18,10,Electrical Equipment | Noida +53 other locations,NA
3181,Oil India,"Company Culture, Work Life Balance, Work Satisfaction",,4.1,349,901,22,--,Oil & Gas | Duliajan +48 other locations,NA
3182,Multiplier Brand Solutions,"Promotions, Job Security, Work Satisfaction",,3.6,348,925,11,3,Marketing & Advertising | New Delhi +78 other locations,NA
3183,Groww,"Promotions, Work Satisfaction, Salary",,3.6,348,2.4k,82,19,FinTech | Bengaluru +17 other locations,NA
3184,RV Solutions,Promotions,,3.7,348,1.3k,15,2,IT Services & Consulting | Noida +36 other locations,NA
3185,Shiash Info Solutions,"Salary, Job Security, Promotions",,3.0,348,261,31,--,IT Services & Consulting | Chennai +9 other locations,NA
3186,Yara Fertilisers,Salary,Promotions,3.8,347,1.1k,23,--,Agro Chemicals | Gurugram +62 other locations,NA
3187,NU Vista,"Skill Development, Job Security, Company Culture",,4.2,347,1.2k,12,--,Building Material | Kolkata +64 other locations,NA
3188,NXP Semiconductors,"Job Security, Promotions, Work Satisfaction",,3.6,348,2.6k,49,8,Semiconductors | Bengaluru +12 other locations,NA
3189,Adama,"Work Life Balance, Skill Development, Company Culture",Promotions,4.1,347,1.1k,19,2,Agro Chemicals | Hyderabad +70 other locations,NA
3190,Synergies Castings,"Skill Development, Work Life Balance, Work Satisfaction",Salary,3.8,347,748,13,1,Auto Components | Visakhapatnam +6 other locations,NA
3191,Jay Chemical Industries,"Work Life Balance, Company Culture",,4.0,348,1.5k,22,10,Chemicals | Ahmedabad +28 other locations,NA
3192,Rithwik Projects,Salary,Promotions,3.9,347,1.2k,37,22,Engineering & Construction | Hyderabad +57 other locations,NA
3193,Infocepts Technologies,"Job Security, Promotions, Salary",,3.5,347,3.1k,41,45,IT Services & Consulting | Nagpur +7 other locations,NA
3194,Nabard Financial Services,"Salary, Work Life Balance, Company Culture",,4.1,347,861,20,--,NBFC | Bengaluru +130 other locations,NA
3195,Lobo Staffing Solutions,"Work Life Balance, Company Culture, Work Satisfaction",Promotions,4.1,346,1.3k,18,--,Recruitment | Mumbai +70 other locations,NA
3196,National Highways Authority of India,Skill Development,"Promotions, Job Security",3.9,346,1.3k,25,--,Engineering & Construction | New Delhi +155 other locations,NA
3197,6D Technologies,"Work Life Balance, Company Culture, Promotions",,2.8,346,2.6k,48,2,Telecom | Bengaluru +14 other locations,NA
3198,Mahindra Insurance Brokers,"Promotions, Work Satisfaction, Job Security",,3.3,346,1.1k,12,9,Insurance | Mumbai +92 other locations,NA
3199,Gufic Biosciences,"Promotions, Company Culture, Work Satisfaction",,3.2,347,1.4k,15,40,Pharma | Mumbai +36 other locations,NA
3200,L&T Defence,Job Security,"Promotions, Salary, Work Satisfaction",3.7,346,2k,31,--,Defence & Aerospace | Pune +21 other locations,NA
3201,SMC Corporation,"Job Security, Work Life Balance","Promotions, Company Culture, Work Satisfaction",3.8,346,1.9k,33,16,Medical Equipment | Noida +47 other locations,NA
3202,Jaypee Cement,"Job Security, Work Life Balance, Company Culture",Promotions,4.0,345,879,19,--,Building Material | Rewa +69 other locations,NA
3203,Padmini VNA Mechatronics,"Work Life Balance, Salary, Company Culture",,3.9,345,1.4k,27,3,Auto Components | Gurugram +6 other locations,NA
3204,L&T Valves,"Job Security, Skill Development","Promotions, Work Life Balance, Company Culture",3.8,345,1.8k,14,--,Industrial Machinery | Coimbatore +15 other locations,NA
3205,CityMall,"Job Security, Promotions, Company Culture",,3.4,345,1.4k,34,3,Internet | Gurugram +25 other locations,NA
3206,Compunnel,Promotions,,3.7,346,2k,30,51,IT Services & Consulting | Noida +15 other locations,NA
3207,Oceaneering International,"Work Life Balance, Job Security, Company Culture","Promotions, Salary",4.1,345,1.9k,43,7,Engineering & Construction | Chandigarh +10 other locations,NA
3208,Savista Global Solutions,"Company Culture, Work Life Balance, Work Satisfaction",Promotions,4.1,345,1.4k,33,27,Analytics & KPO | Chennai +8 other locations,NA
3209,Park Plus,"Job Security, Promotions, Company Culture",,2.7,346,1.8k,54,11,Internet | Gurugram +36 other locations,NA
3210,MYCPE ONE,"Salary, Skill Development, Company Culture",,3.9,345,1.1k,26,1,Ahmedabad +23 other locations,NA
3211,MapmyIndia,Job Security,"Promotions, Salary, Company Culture",3.5,345,1.8k,30,3,Software Product | New Delhi +11 other locations,NA
3212,A-1 Fence Products,"Company Culture, Skill Development, Job Security","Promotions, Salary",4.0,345,979,58,--,Building Material | Mumbai +20 other locations,NA
3213,Coditas Technologies,"Work Life Balance, Skill Development, Company Culture",,3.9,345,2.2k,95,7,IT Services & Consulting | Pune +7 other locations,NA
3214,Asti Electronics India,"Work Life Balance, Job Security, Company Culture",,4.1,345,1.3k,25,--,Auto Components | Gurugram +11 other locations,NA
3215,Fluper,"Skill Development, Company Culture, Work Life Balance",,3.9,344,539,24,7,IT Services & Consulting | Noida +4 other locations,NA
3216,Vascon Engineers,Job Security,"Promotions, Salary",3.8,344,1.1k,28,19,Real Estate | Pune +21 other locations,NA
3217,M K Agrotech Private Limited,"Company Culture, Work Life Balance, Work Satisfaction",,4.5,344,478,57,6,Food Processing | Mysuru +44 other locations,NA
3218,Shah Technical Consultants,"Promotions, Salary, Skill Development",,3.6,344,931,24,4,Telecom | Mumbai +67 other locations,NA
3219,Network 18,"Promotions, Company Culture, Work Satisfaction",,3.5,344,2.5k,33,10,Media & Entertainment | Mumbai +29 other locations,NA
3220,Trane Technologies,"Company Culture, Work Life Balance, Salary",Promotions,3.9,344,2.2k,29,2,Industrial Machinery | Bengaluru +15 other locations,NA
3221,ShopKirana,"Salary, Company Culture, Work Life Balance",Job Security,3.9,344,1.1k,18,--,Software Product | Indore +25 other locations,NA
3222,Aegis Logistics,Job Security,"Promotions, Company Culture, Salary",3.7,344,1.5k,38,7,Oil & Gas | Mumbai +41 other locations,NA
3223,Clariant Chemicals,"Company Culture, Work Life Balance, Job Security",,4.1,344,1.6k,15,5,Chemicals | Mumbai +18 other locations,NA
3224,Stellar Innovations,"Promotions, Salary, Skill Development",,3.4,344,2k,27,11,IT Services & Consulting | Bengaluru +12 other locations,NA
3225,Country Holidays Inn & Suites,"Work Life Balance, Company Culture, Work Satisfaction",,4.2,343,148,113,--,Travel & Tourism | Noida +16 other locations,NA
3226,Pitaara,"Company Culture, Work Life Balance, Job Security",,4.1,343,469,16,--,Food Processing | Pune +67 other locations,NA
3227,Zuari Cement,"Job Security, Work Life Balance, Company Culture",,4.3,343,1.2k,23,2,Building Material | Hyderabad +44 other locations,NA
3228,Gtpl Broadband,Promotions,,3.8,343,1.3k,20,--,Telecom | Ahmedabad +47 other locations,NA
3229,Kushal's Fashion Jewellery,"Job Security, Skill Development, Company Culture",,4.4,343,668,36,48,Jewellery | Bengaluru +31 other locations,NA
3230,Red Health,"Promotions, Job Security, Work Life Balance",,3.5,343,821,33,--,Healthcare | Hyderabad +30 other locations,NA
3231,TMEIC,"Job Security, Work Life Balance","Promotions, Salary, Skill Development",3.8,343,1.6k,20,8,Bengaluru +10 other locations,NA
3232,Mars,Salary,"Promotions, Job Security, Work Satisfaction",3.6,343,1.1k,19,6,Food Processing | Gurugram +67 other locations,NA
3233,Hindustan Syringes & Medical Devices,"Job Security, Salary, Company Culture",Promotions,4.0,343,1.1k,25,4,Medical Equipment | Faridabad +16 other locations,NA
3234,Urban Ladder,"Promotions, Job Security",,3.7,343,1.5k,46,--,Furniture & Furnishing | Bengaluru +32 other locations,NA
3235,Teleysia Networks,"Promotions, Job Security, Company Culture",,3.4,343,692,13,8,Telecom | Ahmedabad +34 other locations,NA
3236,International Game Technology,"Promotions, Salary, Work Satisfaction",,3.2,343,1.3k,28,--,Gaming | Gurugram +10 other locations,NA
3237,Ircon International,Skill Development,"Promotions, Job Security",3.9,343,963,29,--,Engineering & Construction | New Delhi +55 other locations,NA
3238,Advanced Micro Devices,"Promotions, Job Security, Work Satisfaction",,3.7,343,3.3k,53,275,Semiconductors | Hyderabad +15 other locations,NA
3239,Kyndal India,Work Life Balance,"Promotions, Salary, Job Security",3.6,343,3.2k,6,--,Beverage | Bengaluru +11 other locations,NA
3240,UNext,"Promotions, Work Satisfaction, Job Security",,3.1,343,1.7k,44,35,EdTech | Bengaluru +13 other locations,NA
3241,Muthoot Capital Services,"Promotions, Salary, Company Culture",,3.6,343,946,14,--,Financial Services | Kochi +99 other locations,NA
3242,Gyproc,"Job Security, Company Culture, Work Life Balance",Promotions,3.9,343,1k,16,--,Mumbai +40 other locations,NA
3243,Cygnet Infotech,"Promotions, Work Satisfaction, Job Security",,3.3,342,2.2k,19,--,IT Services & Consulting | Ahmedabad +13 other locations,NA
3244,Festo,"Work Life Balance, Job Security","Promotions, Salary",3.7,342,1.7k,25,13,Industrial Automation | Bengaluru +22 other locations,NA
3245,63 Moons Technologies,"Promotions, Skill Development, Work Satisfaction",,3.6,342,1.9k,29,13,IT Services & Consulting | Mumbai +14 other locations,NA
3246,CESC,"Job Security, Work Life Balance","Promotions, Skill Development, Work Satisfaction",3.8,342,1.5k,39,--,Power | Kolkata +15 other locations,NA
3247,Sri Sri Tattva,"Promotions, Job Security, Skill Development",,3.5,342,1.1k,17,--,FMCG | Bengaluru +57 other locations,NA
3248,Omnicom Global Solutions,"Promotions, Job Security, Skill Development",,3.3,342,2.4k,18,55,Marketing & Advertising | Bengaluru +12 other locations,NA
3249,Escon Elevators,Promotions,,3.8,342,940,27,11,Industrial Machinery | Mumbai +15 other locations,NA
3250,Avantor,Work Life Balance,"Promotions, Work Satisfaction, Skill Development",3.7,342,2.4k,35,31,Pharma | Coimbatore +26 other locations,NA
3251,InfodriveIndia,"Company Culture, Work Life Balance, Skill Development",,4.1,342,528,26,--,Other | New Delhi +4 other locations,NA
3252,DISYS,"Job Security, Company Culture, Work Satisfaction",,3.1,341,2.1k,29,--,IT Services & Consulting | Chennai +10 other locations,NA
3253,Columbia Petro Chem,"Salary, Work Life Balance, Company Culture",,4.2,341,546,21,--,Oil & Gas | Mumbai +12 other locations,NA
3254,ADNOC,"Work Life Balance, Company Culture, Work Satisfaction",,4.3,341,846,35,--,Oil & Gas | Abu Dhabi +16 other locations,NA
3255,Ceat Specialty Tyres,"Job Security, Company Culture, Skill Development","Promotions, Salary",3.9,341,1.2k,22,--,Auto Components | Mumbai +37 other locations,NA
3256,Motilal Oswal Asset Management Company,"Company Culture, Work Life Balance, Skill Development",,4.4,341,473,77,--,Financial Services | Mumbai +44 other locations,NA
3257,Allegis Global Solutions,"Promotions, Work Satisfaction, Salary",,3.3,341,1.7k,16,--,Recruitment | Bengaluru +11 other locations,NA
3258,Khimji Ramdas,Job Security,"Promotions, Work Satisfaction, Salary",3.7,341,867,20,7,Retail | Ahmedabad +33 other locations,NA
3259,Kerala State Electricity Board,"Work Life Balance, Work Satisfaction, Skill Development","Promotions, Job Security",4.2,341,1.4k,18,1,Power | Palakkad +30 other locations,NA
3260,Recipharm Pharmaservices,"Promotions, Salary",,3.8,341,1.5k,9,--,Pharma | Bengaluru +6 other locations,NA
3261,Satin Finserv,Salary,,3.9,341,682,15,2,NBFC | Gurugram +94 other locations,NA
3262,AVL,"Promotions, Company Culture, Work Satisfaction",,3.3,341,1.7k,28,--,Automobile | Gurugram +24 other locations,NA
3263,Zebronics,Job Security,"Promotions, Salary",3.8,341,1.3k,35,28,Consumer Electronics & Appliances | Chennai +43 other locations,NA
3264,Theme Engineering Services,Work Life Balance,"Promotions, Job Security",3.7,342,970,17,12,Engineering & Construction | Jaipur +110 other locations,NA
3265,VGM Consultants,"Promotions, Salary, Company Culture",,3.3,341,1.1k,19,--,BPO | Kolkata +52 other locations,NA
3266,SOPAN,"Job Security, Work Life Balance, Salary",,3.9,341,1.2k,22,1,Industrial Machinery | Pune +43 other locations,NA
3267,MUFG Bank,"Promotions, Skill Development, Work Satisfaction",,3.6,341,2.4k,18,56,Banking | Bengaluru +13 other locations,NA
3268,Sakthi Auto Components,"Promotions, Salary, Company Culture",,3.1,342,1k,11,9,Auto Components | Erode +20 other locations,NA
3269,AceMicromatic Group,"Company Culture, Job Security, Skill Development",,4.2,340,1.1k,19,--,Industrial Machinery | Bengaluru +35 other locations,NA
3270,eMudhra,"Job Security, Promotions, Work Satisfaction",,3.4,340,1.6k,20,--,Software Product | Bengaluru +15 other locations,NA
3271,Telstra,"Work Life Balance, Company Culture, Salary","Job Security, Promotions",3.9,341,2.9k,60,5,Telecom | Bengaluru +8 other locations,NA
3272,Bal Pharma,"Promotions, Company Culture, Work Satisfaction",,3.3,340,1.3k,25,15,Pharma | Bengaluru +22 other locations,NA
3273,Aloha Technology,"Company Culture, Promotions, Work Life Balance",,2.7,340,1.8k,39,5,IT Services & Consulting | Pune +10 other locations,NA
3274,Arabian Industries,Work Life Balance,Promotions,3.8,340,905,17,1,Oil & Gas | Muscat +22 other locations,NA
3275,Evelyn Learning Systems,"Company Culture, Work Life Balance","Promotions, Salary, Job Security",3.9,340,790,38,--,EdTech | New Delhi +10 other locations,NA
3276,Bluechip Corporate Investment Centre,"Promotions, Work Satisfaction",,3.7,341,1k,12,16,Accounting & Auditing | Mumbai +102 other locations,NA
3277,Kimberly-Clark,"Salary, Company Culture, Work Life Balance",Promotions,3.9,340,1.7k,18,30,Beauty & Personal Care | Bengaluru +56 other locations,NA
3278,BLS International Services,"Promotions, Job Security, Company Culture",,3.4,340,1.1k,23,31,Travel & Tourism | New Delhi +54 other locations,NA
3279,Globtier Infotech Limited,"Promotions, Salary, Job Security",,3.3,340,1.8k,20,2,IT Services & Consulting | Noida +38 other locations,NA
3280,VIKRAN Engineering & Exim,"Work Life Balance, Job Security, Salary",,4.1,340,1.1k,41,1,Engineering & Construction | Mumbai +68 other locations,NA
3281,Red Tape,"Job Security, Company Culture, Promotions",,3.2,340,1.1k,26,--,Fashion & Textile | New Delhi +71 other locations,NA
3282,Yubi,"Salary, Skill Development, Company Culture",,4.2,340,1.9k,44,2,FinTech | Chennai +12 other locations,NA
3283,R&R Limousine And Bus,"Job Security, Company Culture, Work Life Balance",Promotions,4.0,339,132,--,--,Chennai +11 other locations,NA
3284,Sata Vikas India,"Promotions, Company Culture, Work Life Balance",,3.5,339,924,34,--,Auto Components | Palwal +16 other locations,NA
3285,DSV - Global Transport and Logistics,"Promotions, Job Security",,3.7,339,1.6k,14,11,Logistics | Mumbai +37 other locations,NA
3286,CKA Birla Group,"Work Life Balance, Company Culture, Job Security",Promotions,4.1,339,1.4k,19,--,Building Material | Hyderabad +57 other locations,NA
3287,Taco Bell,"Skill Development, Job Security, Company Culture",,4.1,339,1k,19,1,Hospitality | New Delhi +39 other locations,NA
3288,Somic ZF Components,"Company Culture, Work Life Balance, Work Satisfaction",,4.2,339,1.1k,17,--,Auto Components | Gurugram +19 other locations,NA
3289,Kraft Heinz,"Promotions, Skill Development, Work Satisfaction",,2.9,339,1.4k,28,4,FMCG | Ahmedabad +32 other locations,NA
3290,Praxis Services,"Company Culture, Promotions, Work Satisfaction",,3.4,338,994,30,8,Management Consulting | Gurugram +8 other locations,NA
3291,Clarus Rcm Infotech,"Company Culture, Work Life Balance, Job Security",,2.8,338,1.2k,44,4,BPO | Hyderabad +16 other locations,NA
3292,Halliburton,Salary,"Promotions, Company Culture, Job Security",3.6,338,1.4k,35,16,Engineering & Construction | Bengaluru +27 other locations,NA
3293,Technicolor,"Job Security, Promotions, Work Satisfaction",,3.4,338,1.9k,25,2,Animation & VFX | Bengaluru +10 other locations,NA
3294,Dentsu Aegis Network,"Promotions, Work Satisfaction, Skill Development",,3.1,338,3.1k,36,4,Marketing & Advertising | Bengaluru +14 other locations,NA
3295,Paperchase Accountancy,"Promotions, Salary, Work Satisfaction",,2.9,339,1.7k,35,3,Accounting & Auditing | Ahmedabad +9 other locations,NA
3296,Coding Ninjas,"Promotions, Job Security, Work Satisfaction",,3.7,339,1.4k,59,6,EdTech | Gurugram +11 other locations,NA
3297,Silverlink Technologies,,,3.7,337,394,17,62,IT Services & Consulting | Mumbai +17 other locations,NA
3298,Essilor,"Company Culture, Work Life Balance, Job Security",Promotions,4.0,337,1.4k,16,23,Medical Equipment | Bengaluru +43 other locations,NA
3299,IIT Bombay,"Company Culture, Work Life Balance, Skill Development",,4.4,337,1.7k,30,2,Education & Training | Mumbai +13 other locations,NA
3300,Kpmg Resource Centre,"Promotions, Salary, Work Satisfaction",,3.4,337,2.2k,27,--,Accounting & Auditing | Gurugram +12 other locations,NA
3301,Indchemie Health Specialities,"Skill Development, Promotions",,3.8,338,936,25,4,Pharma | Mumbai +62 other locations,NA
3302,Zet Town,"Job Security, Promotions, Company Culture",,3.4,337,989,36,2,Electronics Manufacturing | Noida +9 other locations,NA
3303,ESAF CO-OPERATIVE,"Promotions, Salary, Work Life Balance",,3.4,336,890,22,--,Financial Services | Thrissur +133 other locations,NA
3304,Zopper,"Job Security, Skill Development, Company Culture",,3.1,336,1.4k,30,2,FinTech | Noida +44 other locations,NA
3305,Integrated Wireless Solutions,"Promotions, Job Security, Company Culture",,3.8,336,1k,18,--,Telecom | Bengaluru +41 other locations,NA
3306,Valvoline Cummins,"Company Culture, Work Life Balance, Job Security",Promotions,4.0,337,1.4k,16,13,Auto Components | Gurugram +58 other locations,NA
3307,IIC Technologies,"Promotions, Salary, Work Satisfaction",,3.5,336,1.1k,14,3,IT Services & Consulting | Hyderabad +19 other locations,NA
3308,Zf Wind Power,"Job Security, Company Culture, Work Life Balance",Promotions,4.1,336,1.5k,18,--,Coimbatore +8 other locations,NA
3309,Springer Nature in India,"Work Life Balance, Company Culture, Job Security","Promotions, Salary",4.0,336,2.5k,40,8,Printing & Publishing | Pune +4 other locations,NA
3310,MJ Biopharm,"Promotions, Work Satisfaction, Skill Development",,3.5,336,1.5k,21,8,Pharma | Pune +9 other locations,NA
3311,Kalyani Motors,"Promotions, Company Culture, Work Life Balance",,3.2,335,1.2k,20,8,Automobile | Bengaluru +11 other locations,NA
3312,Furukawa Minda Electric,"Company Culture, Work Life Balance, Job Security",,4.1,335,955,8,--,Auto Components | Bawal +14 other locations,NA
3313,Ace Designers,"Job Security, Work Life Balance, Company Culture",Promotions,4.1,335,1.6k,29,2,Industrial Machinery | Bengaluru +15 other locations,NA
3314,Aeronautical Development Agency,"Work Life Balance, Company Culture, Work Satisfaction",Promotions,4.2,335,1.9k,20,--,Defence & Aerospace | Bengaluru +9 other locations,NA
3315,ICRA Analytics,"Promotions, Skill Development, Salary",,3.0,335,1.6k,48,13,Analytics & KPO | Kolkata +5 other locations,NA
3316,TestingXperts,"Work Life Balance, Job Security",Promotions,3.8,335,2.2k,56,5,IT Services & Consulting | Chandigarh +11 other locations,NA
3317,Toyota Financial Services,"Promotions, Work Satisfaction, Salary",,3.6,337,1.2k,14,3,Financial Services | Bengaluru +64 other locations,NA
3318,Satguru Travels and Tour Services,"Promotions, Company Culture, Work Satisfaction",,2.8,336,1.3k,33,7,Travel & Tourism | Pune +37 other locations,NA
3319,Jtekt Sona Automotive India,"Company Culture, Job Security, Skill Development",Promotions,4.2,335,832,16,--,Auto Components | Gurugram +16 other locations,NA
3320,Vem Technologies,"Job Security, Skill Development","Promotions, Company Culture, Salary",3.6,335,1.3k,31,9,Defence & Aerospace | Hyderabad +4 other locations,NA
3321,Sub-K IMPACT Solutions,"Company Culture, Work Life Balance, Work Satisfaction",Promotions,4.1,334,852,29,--,Financial Services | Hyderabad +112 other locations,NA
3322,Entab Infotech,"Promotions, Job Security, Company Culture",,3.2,334,1.1k,35,4,EdTech | New Delhi +14 other locations,NA
3323,IndusInd Securities,Work Life Balance,"Promotions, Job Security, Skill Development",3.7,334,1k,23,--,Financial Services | Mumbai +53 other locations,NA
3324,Global Aluminium,"Promotions, Company Culture, Work Satisfaction",,3.7,334,894,18,--,Metals & Mining | Hyderabad +17 other locations,NA
3325,SNVA Group,"Promotions, Company Culture, Work Satisfaction",,3.4,334,955,26,91,IT Services & Consulting | Noida +6 other locations,NA
3326,Hindustan Urvarak & Rasayan,Job Security,"Promotions, Company Culture, Skill Development",3.3,334,1.5k,41,--,Agro Chemicals | Gorakhpur +23 other locations,NA
3327,"Ministry Of Health, New Delhi",Work Life Balance,"Promotions, Job Security",3.9,333,897,18,--,Healthcare | New Delhi +47 other locations,NA
3328,Nutricia,Salary,"Promotions, Work Satisfaction, Company Culture",3.4,333,626,23,--,Fitness & Wellness | Mumbai +66 other locations,NA
3329,Versuni India Home Solutions,"Promotions, Company Culture, Job Security",,3.3,333,1.3k,21,--,Consumer Electronics & Appliances | Chennai +41 other locations,NA
3330,Lucas Indian Service,"Company Culture, Skill Development, Work Life Balance",Promotions,4.1,333,1k,23,--,Auto Components | Chennai +52 other locations,NA
3331,Lion Engineering Consultants,"Promotions, Salary, Company Culture",,3.4,333,851,14,20,Engineering & Construction | Bhopal +77 other locations,NA
3332,Polyhose,"Promotions, Salary, Company Culture",,3.7,335,1.8k,17,33,Industrial Machinery | Chennai +18 other locations,NA
3333,Unique Identification Authority of India,"Promotions, Job Security, Skill Development",,3.7,333,1k,14,--,IT Services & Consulting | New Delhi +94 other locations,NA
3334,Adglobal360,"Promotions, Skill Development, Salary",,3.2,333,2.2k,31,4,Gurugram +11 other locations,NA
3335,ESAB,"Work Life Balance, Job Security","Promotions, Salary",3.9,333,1.5k,26,5,Industrial Machinery | Chennai +28 other locations,NA
3336,Rushil Decor,"Work Life Balance, Job Security, Company Culture",,4.1,333,995,17,5,Building Material | Ahmedabad +34 other locations,NA
3337,Biz 2 Credit Info Services,"Company Culture, Work Satisfaction, Work Life Balance",,3.4,333,1.3k,30,5,Financial Services | Noida +5 other locations,NA
3338,Volvo Trucks,"Company Culture, Work Life Balance, Job Security","Promotions, Salary",4.0,333,1.6k,33,--,Automobile | Bengaluru +34 other locations,NA
3339,Signode,Job Security,"Promotions, Work Satisfaction, Salary",3.7,332,1.5k,23,9,Industrial Machinery | Hyderabad +39 other locations,NA
3340,MNC Group,"Company Culture, Work Life Balance, Work Satisfaction",,4.1,332,1.8k,135,1,Investment Banking / Venture Capital / Private Equity | Bengaluru +52 other locations,NA
3341,MTR Foods,"Work Life Balance, Job Security, Company Culture",Promotions,4.0,332,1.1k,26,--,FMCG | Bengaluru +46 other locations,NA
3342,Labcorp,"Work Life Balance, Job Security, Company Culture",Promotions,4.0,332,2.2k,45,2,Clinical Research | Bengaluru +11 other locations,NA
3343,Pricol Precision Products,"Skill Development, Work Satisfaction, Company Culture",Promotions,4.0,332,1.2k,18,--,Auto Components | Hosur +18 other locations,NA
3344,Delhi Metro Rail Corporation,"Work Life Balance, Company Culture, Work Satisfaction",Promotions,4.1,332,1k,17,--,Logistics | New Delhi +22 other locations,NA
3345,Can Fin Homes,"Company Culture, Work Life Balance, Work Satisfaction",,2.8,332,1.1k,21,10,NBFC | Bengaluru +83 other locations,NA
3346,Aptean,"Promotions, Work Satisfaction, Company Culture",,3.1,332,2.4k,52,23,Software Product | Bengaluru +6 other locations,NA
3347,Rao IIT Academy,"Job Security, Promotions, Salary",,3.5,332,511,9,--,Education & Training | Mumbai +21 other locations,NA
3348,Signode,Job Security,"Promotions, Work Satisfaction, Salary",3.7,332,1.5k,23,9,Industrial Machinery | Hyderabad +39 other locations,NA
3349,Patil Group,"Promotions, Company Culture, Work Satisfaction",,3.6,332,1.4k,33,2,Railways | Hyderabad +46 other locations,NA
3350,Gi Group,"Promotions, Work Satisfaction, Skill Development",,3.7,332,1.2k,20,3,Recruitment | Mumbai +57 other locations,NA
3351,Walplast Products,"Company Culture, Work Life Balance",Promotions,3.9,332,1.2k,35,50,Building Material | Mumbai +61 other locations,NA
3352,Rio Tinto,Salary,"Promotions, Work Satisfaction, Skill Development",3.6,332,1.7k,49,--,Metals & Mining | Gurugram +12 other locations,NA
3353,Lloyd Insulations,"Promotions, Company Culture, Salary",,3.5,332,1.3k,23,3,Industrial Machinery | New Delhi +43 other locations,NA
3354,Universal Mep Projects & Engineering Services,Salary,"Promotions, Work Satisfaction",3.7,332,878,22,--,Engineering & Construction | Mumbai +65 other locations,NA
3355,Maharashtra Hybrid Seed Company,"Company Culture, Work Life Balance, Skill Development",Promotions,4.0,332,870,8,1,Agriculture | Chhatrapati Sambhajinagar +74 other locations,NA
3356,Hyperpure,Salary,"Promotions, Job Security, Work Life Balance",3.7,332,1.4k,31,--,Internet | Gurugram +43 other locations,NA
3357,KLJ GROUP,"Company Culture, Promotions, Work Satisfaction",,3.3,331,1.5k,18,5,Petrochemicals | Bharuch +19 other locations,NA
3358,Aabasoft,"Company Culture, Skill Development, Job Security",,4.1,331,805,49,35,IT Services & Consulting | Kochi +13 other locations,NA
3359,Merit Data and Technology,Work Life Balance,"Promotions, Job Security, Salary",3.7,331,1.7k,18,9,Analytics & KPO | Chennai +6 other locations,NA
3360,Inventys Research,"Skill Development, Work Satisfaction, Salary",,4.3,331,799,11,3,Chemicals | Nagpur +5 other locations,NA
3361,Scaleneworks,"Job Security, Promotions",,3.6,331,1.3k,13,--,Recruitment | Bengaluru +31 other locations,NA
3362,Plasser India,"Job Security, Salary, Work Life Balance",Promotions,4.0,331,1.7k,25,2,Industrial Machinery | Vadodara +12 other locations,NA
3363,L&T–MHI Power Boilers,"Company Culture, Work Life Balance, Job Security",Promotions,4.0,331,1.5k,12,--,Industrial Machinery | Surat +22 other locations,NA
3364,Kalkine Solutions,"Work Life Balance, Company Culture, Work Satisfaction",,4.2,331,880,20,2,Financial Services | Noida +2 other locations,NA
3365,Agility,"Company Culture, Work Life Balance, Work Satisfaction",,4.0,330,1.2k,12,5,Logistics | Chennai +37 other locations,NA
3366,Aabasoft,"Company Culture, Job Security, Skill Development",,4.1,331,805,49,34,IT Services & Consulting | Kochi +13 other locations,NA
3367,Balrampur Chini Mills Limited,"Salary, Skill Development",,3.9,331,959,32,--,Food Processing | Lucknow +24 other locations,NA
3368,Senvion,"Work Life Balance, Company Culture, Job Security",,4.0,330,1.5k,27,4,Power | Bengaluru +33 other locations,NA
3369,SolarSquare Energy,"Work Satisfaction, Job Security, Promotions",,3.1,330,1.2k,36,140,Power | Pune +33 other locations,NA
3370,Himadri Speciality Chemical Limited,"Promotions, Work Satisfaction, Company Culture",,3.5,330,1.7k,28,--,Chemicals | Kolkata +15 other locations,NA
3371,NIKE,"Work Life Balance, Company Culture, Salary",Promotions,4.0,330,2.5k,47,--,Retail | Bengaluru +44 other locations,NA
3372,AVASOFT,"Job Security, Work Life Balance, Company Culture",,2.6,330,1.5k,200,--,Software Product | Chennai +7 other locations,NA
3373,Selec Controls,"Promotions, Company Culture, Work Satisfaction",,3.5,330,2k,32,26,Electronics Manufacturing | Mumbai +21 other locations,NA
3374,Pfizer Products India,"Work Life Balance, Company Culture, Skill Development","Promotions, Job Security",3.9,330,1.3k,11,--,Pharma | Visakhapatnam +15 other locations,NA
3375,EqualizeRCM Services,"Promotions, Salary, Work Life Balance",,3.7,330,1.1k,99,8,Analytics & KPO | Mysuru +9 other locations,NA
3376,Vasan Eye Care Hospitals,Promotions,,3.8,330,712,5,--,Healthcare | Bengaluru +73 other locations,NA
3377,Modern V.R. Security Force,"Salary, Work Life Balance, Work Satisfaction",Promotions,4.0,330,749,13,3,Law Enforcement & Security | Mumbai +73 other locations,NA
3378,SOTC Travel Limited,"Job Security, Company Culture, Skill Development",Promotions,4.0,330,1.2k,23,6,Travel & Tourism | Mumbai +34 other locations,NA
3379,Sureti Insurance Marketing,"Company Culture, Work Life Balance, Work Satisfaction",,3.2,331,157,63,--,Insurance | Coimbatore +8 other locations,NA
3380,BIC Cello,"Company Culture, Work Life Balance, Salary",Promotions,4.0,330,996,11,7,Other | Mumbai +55 other locations,NA
3381,Rajsriya Automotive Industries,"Company Culture, Promotions, Work Life Balance",,3.2,329,1.2k,17,4,Auto Components | Hosur +13 other locations,NA
3382,Minda Kosei Aluminum Wheel,"Job Security, Company Culture, Skill Development",,4.1,329,1k,24,--,Auto Components | Ahmedabad +16 other locations,NA
3383,Mahindra Teqo,"Job Security, Skill Development, Company Culture",Promotions,4.1,330,1.2k,27,--,Software Product | Mumbai +80 other locations,NA
3384,Leixir Dental Group,"Job Security, Company Culture, Work Life Balance",,4.4,329,654,125,3,Healthcare | Gurugram +2 other locations,NA
3385,Nitco,"Work Life Balance, Company Culture, Salary",Promotions,3.9,329,1.2k,12,33,Building Material | Mumbai +59 other locations,NA
3386,Polyplastics Industries (I),Job Security,"Promotions, Salary",3.8,329,1.3k,20,4,Auto Components | Pune +16 other locations,NA
3387,Dinshaws,Work Life Balance,Promotions,3.9,329,1k,10,--,Food Processing | Nagpur +55 other locations,NA
3388,Banco Products,"Promotions, Company Culture, Work Life Balance",,3.4,329,1.7k,20,3,Auto Components | Vadodara +19 other locations,NA
3389,o9 Solutions,"Work Life Balance, Work Satisfaction, Promotions",,3.4,329,3.5k,49,35,Software Product | Bengaluru +6 other locations,NA
3390,doodleblue innovation,"Work Life Balance, Skill Development, Company Culture",,4.0,329,1.3k,38,7,IT Services & Consulting | Chennai +5 other locations,NA
3391,Hitech Digital Solutions,"Company Culture, Work Life Balance, Job Security","Promotions, Skill Development, Salary",3.7,329,1.6k,30,39,IT Services & Consulting | Ahmedabad +18 other locations,NA
3392,Corizo,,,3.7,328,415,80,--,Education & Training | Bengaluru +17 other locations,NA
3393,Hyundai Construction Equipment,"Work Life Balance, Company Culture, Job Security",,4.3,328,1.5k,20,1,Industrial Machinery | Pune +39 other locations,NA
3394,Sarvagram Fincare,"Salary, Skill Development, Company Culture",,3.9,329,980,19,--,NBFC | Pune +114 other locations,NA
3395,Mahindra Truck and Bus,Promotions,,3.6,328,1k,12,--,Automobile | Pune +63 other locations,NA
3396,Nava Limited,"Work Life Balance, Job Security","Promotions, Salary, Work Satisfaction",3.8,329,1.2k,23,16,Metals & Mining | Hyderabad +29 other locations,NA
3397,Harsha Engineers,"Job Security, Skill Development",Promotions,3.8,328,1.6k,32,5,Auto Components | Ahmedabad +12 other locations,NA
3398,Machino Plastics,"Job Security, Promotions, Company Culture",,3.6,328,1.5k,27,--,Auto Components | Gurugram +17 other locations,NA
3399,Brawn Group,"Job Security, Promotions",,3.6,328,1.1k,22,18,Pharma | Faridabad +14 other locations,NA
3400,Glorious Insight,Skill Development,"Company Culture, Work Satisfaction, Job Security",3.6,327,259,4,1,IT Services & Consulting | Noida +6 other locations,NA
3401,Techno Electric & Engineering Company,"Job Security, Skill Development, Salary",,4.0,327,1.3k,25,2,Engineering & Construction | Kolkata +55 other locations,NA
3402,Accel IT Services,"Promotions, Salary, Company Culture",,3.5,327,1.5k,22,17,IT Services & Consulting | Chennai +60 other locations,NA
3403,CareEdge Ratings,"Promotions, Salary, Company Culture",,3.0,327,1.8k,19,--,Financial Services | Mumbai +20 other locations,NA
3404,Tudip Technologies,"Work Life Balance, Company Culture, Job Security",,2.8,327,1.5k,77,63,IT Services & Consulting | Pune +7 other locations,NA
3405,Sundaram Motors,"Job Security, Company Culture, Work Life Balance",Promotions,3.9,327,1.1k,7,1,Automobile | Chennai +43 other locations,NA
3406,You Broadband,"Promotions, Job Security",,3.7,327,996,17,--,Telecom | Pune +31 other locations,NA
3407,GIVA Jewellery,"Company Culture, Job Security, Promotions",,3.1,329,1.1k,26,8,Jewellery | Bengaluru +29 other locations,NA
3408,Louis Philippe,"Skill Development, Company Culture, Job Security",,4.3,327,744,12,--,Fashion & Textile | Bengaluru +77 other locations,NA
3409,Boehringer-Ingelheim,"Work Life Balance, Company Culture, Skill Development","Job Security, Promotions",3.9,327,1k,15,8,Pharma | Mumbai +56 other locations,NA
3410,Aurigene Pharmaceutical Services,"Company Culture, Work Life Balance, Work Satisfaction",Promotions,4.1,327,1.2k,28,18,Pharma | Hyderabad +4 other locations,NA
3411,Kubota Agricultural Machinery India,"Company Culture, Work Life Balance, Job Security",,4.3,326,1.3k,20,7,Agriculture | Chennai +46 other locations,NA
3412,Irclass Systems And Solutions,"Company Culture, Work Life Balance, Work Satisfaction",,4.2,326,967,36,18,Ports & Shipping | Mumbai +46 other locations,NA
3413,Pps Motors,"Work Life Balance, Salary, Company Culture",,4.0,326,1.1k,15,--,Automobile | Hyderabad +56 other locations,NA
3414,Decimal Point Analytics,"Job Security, Promotions, Work Satisfaction",,2.7,326,2k,48,18,Analytics & KPO | Nashik +9 other locations,NA
3415,Dvara KGFS,Promotions,,3.7,326,989,20,2,NBFC | Chennai +66 other locations,NA
3416,Shree Renuka Sugars,"Work Life Balance, Job Security, Company Culture",,4.0,326,1.2k,20,1,Food Processing | Belagavi +43 other locations,NA
3417,Han Digital,"Job Security, Promotions, Skill Development",,2.6,327,731,36,--,Recruitment | Bengaluru +21 other locations,NA
3418,Rainbow Childrens Hospital,"Promotions, Work Satisfaction, Salary",,3.6,326,1k,25,5,Healthcare | Hyderabad +14 other locations,NA
3419,Cadence Design Systems,"Company Culture, Work Life Balance, Salary",Promotions,3.8,326,3k,67,184,Semiconductors | Noida +16 other locations,NA
3420,VKC Group,"Company Culture, Job Security","Promotions, Salary",3.8,326,1.2k,20,--,Fashion & Textile | Kozhikode +45 other locations,NA
3421,Pharmed,"Company Culture, Work Satisfaction, Job Security",,4.7,325,309,37,1,Pharma | Bengaluru +47 other locations,NA
3422,Victora Tool Engineers,"Promotions, Company Culture, Work Life Balance",,3.8,325,1.2k,10,--,Auto Components | Faridabad +15 other locations,NA
3423,Groz Engineering Tools,"Work Life Balance, Company Culture, Job Security",Promotions,4.2,325,1.3k,21,20,Industrial Machinery | Gurugram +24 other locations,NA
3424,Luxor Writing Instruments,"Promotions, Skill Development, Company Culture",,3.4,325,1.1k,13,1,Other | Noida +41 other locations,NA
3425,Greentech Industries,Job Security,"Promotions, Salary, Work Satisfaction",3.7,325,1.1k,17,2,Industrial Machinery | Nellore +18 other locations,NA
3426,MobileComm Technologies India,"Promotions, Job Security",,3.7,325,1.1k,16,--,Telecom | Gurugram +33 other locations,NA
3427,Arzooo.com,"Job Security, Company Culture, Promotions",,2.6,324,1.2k,25,--,Internet | Bengaluru +45 other locations,NA
3428,Robosoft Technologies,"Job Security, Promotions, Company Culture",,3.4,324,2.3k,45,51,IT Services & Consulting | Bengaluru +12 other locations,NA
3429,Fluentgrid,"Promotions, Salary, Company Culture",,3.5,324,1.7k,26,2,IT Services & Consulting | Visakhapatnam +41 other locations,NA
3430,Abbott Nutrition International,"Skill Development, Salary",Promotions,3.9,325,917,14,--,Pharma | Mumbai +63 other locations,NA
3431,Technosoft Engineering Projects Limited,"Job Security, Company Culture, Work Life Balance","Promotions, Skill Development, Salary",3.9,324,1.4k,34,28,Industrial Automation | Mumbai +6 other locations,NA
3432,Telecom Network Solutions,"Work Life Balance, Work Satisfaction",Promotions,3.9,324,1.1k,14,11,Telecom | Noida +53 other locations,NA
3433,TIBCO Software,Work Life Balance,"Promotions, Job Security, Skill Development",3.7,324,3.4k,48,52,Software Product | Pune +7 other locations,NA
3434,Veolia Water Technologies,"Work Life Balance, Company Culture, Job Security",,4.2,324,1.3k,25,33,Waste Management | Bengaluru +53 other locations,NA
3435,Aarti Steels,"Promotions, Company Culture, Job Security",,3.7,325,1.3k,37,4,Iron & Steel | Cuttack +11 other locations,NA
3436,Listenlights,Salary,"Job Security, Promotions, Work Satisfaction",3.8,324,1.3k,34,11,Engineering & Construction | Mumbai +11 other locations,NA
3437,Jms Mining Services,"Job Security, Salary",,4.0,325,1k,41,--,Metals & Mining | Kolkata +31 other locations,NA
3438,Kuwait National Petroleum Company,"Work Life Balance, Work Satisfaction, Skill Development",,4.3,323,1k,22,--,Oil & Gas | Kuwait City +19 other locations,NA
3439,Stellar Value Chain Solutions,"Promotions, Company Culture",,3.7,323,1.4k,37,--,Logistics | Mumbai +41 other locations,NA
3440,Inventia Healthcare,"Company Culture, Job Security, Work Life Balance",,4.0,323,1.8k,14,5,Pharma | Mumbai +11 other locations,NA
3441,MIOT INTERNATIONAL,"Promotions, Company Culture, Job Security",,3.3,323,1.3k,18,24,Healthcare | Chennai +9 other locations,NA
3442,Global Calcium,"Promotions, Company Culture, Work Satisfaction",,3.3,323,1.8k,27,25,Pharma | Hosur +7 other locations,NA
3443,E-Solutions,"Promotions, Skill Development, Work Satisfaction",,3.4,324,1.5k,14,--,Recruitment | Noida +23 other locations,NA
3444,KJS Cement,"Promotions, Salary, Job Security",,3.5,323,1.2k,27,3,Building Material | Maihar +43 other locations,NA
3445,Hindustan Wellness,"Promotions, Salary, Work Satisfaction",,3.2,323,893,38,8,Healthcare | Gurugram +25 other locations,NA
3446,Holisol Logistics,"Promotions, Salary",,3.8,323,1.1k,15,--,Logistics | New Delhi +59 other locations,NA
3447,Siti Networks,Work Life Balance,"Promotions, Skill Development, Job Security",3.9,323,1k,11,--,Media & Entertainment | Noida +53 other locations,NA
3448,DCDC Kidney Care,"Company Culture, Work Life Balance, Skill Development",,4.1,323,553,21,12,Healthcare | New Delhi +76 other locations,NA
3449,MSM Unify,Work Life Balance,"Job Security, Promotions",3.7,322,484,70,--,EdTech | Ahmedabad +24 other locations,NA
3450,GITAM University,Promotions,,3.7,322,1.3k,19,9,Education & Training | Visakhapatnam +11 other locations,NA
3451,Aujas Cybersecurity-NuSummit company,"Promotions, Work Satisfaction",,3.7,322,2.3k,28,21,IT Services & Consulting | Bengaluru +12 other locations,NA
3452,Peregrine Guarding,"Skill Development, Salary, Company Culture",Promotions,3.9,322,869,15,7,Law Enforcement & Security | Gurugram +50 other locations,NA
3453,Mirza International,"Promotions, Company Culture, Job Security",,3.5,322,1.1k,9,9,Fashion & Textile | New Delhi +34 other locations,NA
3454,AAJ Supply Chain Management,"Skill Development, Company Culture, Work Satisfaction",,4.0,322,778,44,3,Logistics | New Delhi +22 other locations,NA
3455,Novel Office,"Company Culture, Work Satisfaction, Work Life Balance",,4.0,322,734,70,61,Real Estate | Bengaluru +14 other locations,NA
3456,Savex Technologies,"Company Culture, Job Security, Work Life Balance",Promotions,4.1,324,1.4k,16,--,Other | Mumbai +52 other locations,NA
3457,ITM Group of Institutions,"Salary, Promotions, Job Security",,3.3,322,1.2k,20,--,Education & Training | Mumbai +34 other locations,NA
3458,Darwinbox,"Promotions, Work Life Balance, Work Satisfaction",,3.6,322,2.4k,56,--,Software Product | Hyderabad +11 other locations,NA
3459,IQ BackOffice,"Salary, Promotions, Skill Development",,3.6,323,1.6k,17,3,Financial Services | Chennai +7 other locations,NA
3460,IQ BackOffice,"Salary, Promotions, Skill Development",,3.6,323,1.6k,17,3,Financial Services | Chennai +7 other locations,NA
3461,Peel-works,"Job Security, Promotions",,3.6,321,653,10,--,Software Product | Bengaluru +24 other locations,NA
3462,Kusum Healthcare,"Company Culture, Work Life Balance, Work Satisfaction",,4.0,321,1.3k,16,3,Pharma | Bhiwadi +8 other locations,NA
3463,Swastika Investmart,"Promotions, Salary",,3.7,321,1.1k,15,10,Investment Banking / Venture Capital / Private Equity | Indore +47 other locations,NA
3464,"Nitor Infotech, an Ascendion company","Company Culture, Skill Development, Work Life Balance",,4.0,321,2.1k,52,12,Software Product | Pune +7 other locations,NA
3465,Highway Industries,"Skill Development, Company Culture, Work Life Balance",Promotions,4.0,321,1.3k,22,3,Engineering & Construction | Ludhiana +18 other locations,NA
3466,Genisys Group,"Promotions, Skill Development, Salary",,3.6,321,1.3k,21,18,IT Services & Consulting | Bengaluru +13 other locations,NA
3467,convergys india services,"Promotions, Work Satisfaction, Salary",,3.5,320,1k,29,--,Gurugram +11 other locations,NA
3468,ETA Engineering,"Promotions, Salary, Company Culture",,3.2,320,829,9,2,Engineering & Construction | New Delhi +24 other locations,NA
3469,Zee Laboratories,"Job Security, Company Culture, Work Life Balance",,3.6,320,882,42,19,Pharma | Karnal +34 other locations,NA
3470,CG Foods,"Promotions, Skill Development, Company Culture",,3.4,320,2.1k,12,12,Food Processing | Guwahati +53 other locations,NA
3471,Aristocrat,"Work Life Balance, Company Culture","Promotions, Skill Development, Work Satisfaction",3.6,320,2.5k,68,19,Gaming | Noida +10 other locations,NA
3472,IFFCO Kisan Sanchar,"Job Security, Promotions",,3.6,320,731,26,--,Agro Chemicals | New Delhi +71 other locations,NA
3473,Lincoln Pharmaceuticals,"Promotions, Salary, Company Culture",,3.4,320,1.3k,21,26,Pharma | Ahmedabad +28 other locations,NA
3474,Cactus Communications,"Promotions, Salary, Work Satisfaction",,3.4,320,1.7k,55,47,Software Product | Mumbai +13 other locations,NA
3475,Sheraton Hotels and Resorts,"Job Security, Skill Development","Promotions, Salary",3.8,320,656,10,--,Hospitality | Bengaluru +23 other locations,NA
3476,Adani Gas,"Promotions, Company Culture, Work Satisfaction",,3.0,320,1.4k,37,--,Oil & Gas | Ahmedabad +53 other locations,NA
3477,EXO Edge,"Skill Development, Promotions, Company Culture",,3.5,320,1.2k,39,5,BPO | Sahibzada Ajit Singh Nagar +6 other locations,NA
3478,Olectra Greentech,"Promotions, Company Culture, Work Satisfaction",,3.4,320,1.3k,29,26,Automobile | Hyderabad +27 other locations,NA
3479,Awfis,"Work Life Balance, Salary, Company Culture",,4.3,319,1.2k,20,37,Real Estate | New Delhi +17 other locations,NA
3480,SAR Group,Work Life Balance,Promotions,3.9,319,1.4k,13,--,Consumer Electronics & Appliances | Gurugram +39 other locations,NA
3481,Ubisoft Entertainment,"Company Culture, Work Life Balance, Job Security","Promotions, Salary, Skill Development",3.6,319,2k,38,1,Gaming | Pune +7 other locations,NA
3482,Stellantis Avtec Powertrain,Skill Development,"Promotions, Salary, Company Culture",3.6,319,1.4k,14,--,Hosur +11 other locations,NA
3483,Apisero,"Company Culture, Job Security, Work Life Balance",,4.3,319,2.5k,67,--,IT Services & Consulting | Bengaluru +11 other locations,NA
3484,BOLD Technology Systems,"Job Security, Promotions, Skill Development",,3.1,320,1.7k,48,15,Software Product | Noida +8 other locations,NA
3485,Laser Power & Infra,"Promotions, Job Security, Company Culture",,3.6,319,1.1k,20,1,Electrical Equipment | Kolkata +42 other locations,NA
3486,Mit World Peace University,"Work Life Balance, Job Security",Promotions,3.8,319,1.1k,18,4,Education & Training | Pune +5 other locations,NA
3487,Radiant Cash Management Services,"Promotions, Salary, Company Culture",,3.4,319,991,9,--,Financial Services | Chennai +60 other locations,NA
3488,Ratnamani Metals and Tubes,"Job Security, Work Life Balance, Salary",,4.2,318,1.2k,15,11,Iron & Steel | Ahmedabad +17 other locations,NA
3489,Jorie Healthcare,"Company Culture, Work Life Balance, Job Security",Promotions,3.9,318,451,10,--,Healthcare | Sahibzada Ajit Singh Nagar +7 other locations,NA
3490,Cohizon Life Sciences Limited,"Job Security, Company Culture, Promotions",,3.4,318,1.6k,25,1,Chemicals | Ankleshwar +13 other locations,NA
3491,ClaySys,Job Security,"Salary, Promotions",3.7,318,966,77,9,IT Services & Consulting | Kochi +9 other locations,NA
3492,VSoft Technologies,"Promotions, Salary, Company Culture",,3.2,318,1.5k,13,--,FinTech | Hyderabad +20 other locations,NA
3493,UCO Bank,Job Security,"Company Culture, Work Life Balance, Work Satisfaction",3.7,318,895,20,--,Banking | Kolkata +101 other locations,NA
3494,MDC Group of Companies,"Company Culture, Work Life Balance, Work Satisfaction",,4.8,318,90,3,5,Pharma | Mumbai +5 other locations,NA
3495,Alkyl Amines,"Job Security, Work Life Balance, Work Satisfaction",Promotions,4.0,320,1.3k,15,2,Chemicals | Pune +14 other locations,NA
3496,Honda India Power Products,"Job Security, Work Life Balance, Company Culture",Promotions,4.1,317,1.1k,27,--,Industrial Machinery | Greater Noida +29 other locations,NA
3497,RHI Magnesita,"Promotions, Work Satisfaction",,3.8,318,1.3k,18,--,Building Material | Gurugram +42 other locations,NA
3498,Renom Energy Services,"Job Security, Skill Development, Work Satisfaction",,4.2,317,1k,21,--,Engineering & Construction | Pune +48 other locations,NA
3499,Manba Finance Limited,"Work Life Balance, Skill Development, Company Culture",,4.0,317,921,15,2,NBFC | Mumbai +35 other locations,NA
3500,Vashi Integrated Solutions Limited,"Company Culture, Job Security, Skill Development","Promotions, Salary",3.8,317,1.5k,23,105,Industrial Machinery | Mumbai +27 other locations,NA
3501,JUNIPER GREEN ENERGY,"Job Security, Company Culture, Work Life Balance",,4.5,318,793,35,1,Power | Gurugram +37 other locations,NA
3502,Tata Play Fiber,"Company Culture, Job Security, Salary",Promotions,3.9,317,1.3k,16,--,Telecom | Mumbai +32 other locations,NA
3503,ZIM Laboratories,"Job Security, Promotions, Company Culture",,3.0,317,1.4k,11,6,Pharma | Nagpur +10 other locations,NA
3504,VML,"Promotions, Skill Development, Work Satisfaction",,3.5,317,2k,21,26,Marketing & Advertising | Noida +14 other locations,NA
3505,ESIC HOSPITAL,"Work Life Balance, Salary, Work Satisfaction",Promotions,4.0,317,938,14,--,Healthcare | New Delhi +61 other locations,NA
3506,Kent plc,"Work Life Balance, Salary, Company Culture",,4.1,317,712,25,31,Oil & Gas | Mumbai +28 other locations,NA
3507,Tenon Facility Management,"Promotions, Job Security, Company Culture",,3.6,317,1.1k,21,--,Facility Management Services | Gurugram +47 other locations,NA
3508,Moody's Analytics,"Work Life Balance, Company Culture, Salary",Promotions,4.0,316,2.4k,24,2,Analytics & KPO | Bengaluru +5 other locations,NA
3509,Aksentt Tech Services,"Company Culture, Work Life Balance, Work Satisfaction",,4.5,316,404,155,1,IT Services & Consulting | Mumbai +20 other locations,NA
3510,ProConnect Integrated Logistics,Promotions,,3.7,316,1.4k,12,2,Logistics | Chennai +47 other locations,NA
3511,Laxmi Civil Engineering Services,"Company Culture, Work Life Balance, Job Security",,4.1,316,898,17,--,Engineering & Construction | Kolhapur +58 other locations,NA
3512,Zeta,"Promotions, Work Life Balance, Work Satisfaction",,3.2,316,3.2k,80,23,Emerging Technologies | Bengaluru +12 other locations,NA
3513,Avanse Financial Services,"Company Culture, Job Security, Skill Development",Promotions,3.9,316,1.6k,29,15,Financial Services | Mumbai +26 other locations,NA
3514,Jasper Colin,"Salary, Company Culture, Work Life Balance",,3.9,316,770,41,11,Analytics & KPO | Noida +10 other locations,NA
3515,Omax Autos,"Promotions, Job Security",,3.7,315,971,12,--,Auto Components | Gurugram +18 other locations,NA
3516,Danske IT,Work Life Balance,"Job Security, Promotions",3.6,315,1.7k,19,--,IT Services & Consulting | Bengaluru +2 other locations,NA
3517,ILJIN ELECTRONICS,"Promotions, Company Culture, Work Life Balance",,3.8,316,939,24,--,Semiconductors | Noida +16 other locations,NA
3518,Telesonic Networks,"Promotions, Work Life Balance, Work Satisfaction",,3.8,315,795,8,--,Telecom | Chennai +46 other locations,NA
3519,Zydus Hospital,"Job Security, Skill Development, Company Culture",,4.3,315,1.1k,14,4,Healthcare | Ahmedabad +12 other locations,NA
3520,Telesonic Networks,"Promotions, Work Life Balance, Work Satisfaction",,3.8,315,795,8,--,Telecom | Chennai +46 other locations,NA
3521,Zydus Hospital,"Job Security, Skill Development, Company Culture",,4.3,315,1.1k,14,4,Healthcare | Ahmedabad +12 other locations,NA
3522,Softcell Technologies,"Work Life Balance, Job Security, Company Culture",Promotions,3.9,315,2k,24,5,IT Services & Consulting | Mumbai +16 other locations,NA
3523,AI Variant,"Work Life Balance, Skill Development, Work Satisfaction",Salary,4.2,315,1.5k,39,--,IT Services & Consulting | Bengaluru +12 other locations,NA
3524,Tamilnad Mercantile Bank,"Work Life Balance, Company Culture, Work Satisfaction",,2.5,315,1k,19,--,Banking | Chennai +78 other locations,NA
3525,Taal Tech India,"Work Life Balance, Company Culture, Work Satisfaction",,4.0,315,1.5k,21,25,IT Services & Consulting | Bengaluru +9 other locations,NA
3526,Elico Healthcare Services,"Promotions, Salary, Skill Development",,3.3,315,896,22,3,Analytics & KPO | Hyderabad +4 other locations,NA
3527,Resurgent India,"Company Culture, Work Life Balance, Salary",,3.9,315,556,4,15,Investment Banking / Venture Capital / Private Equity | Gurugram +11 other locations,NA
3528,Annexmed,"Promotions, Job Security, Company Culture",,3.2,315,1.4k,16,23,Chennai +6 other locations,NA
3529,Sphinx Worldbiz,"Promotions, Work Satisfaction, Skill Development",,3.4,315,1.4k,37,5,Engineering & Construction | Pune +18 other locations,NA
3530,CR3 Group,"Job Security, Skill Development",Promotions,3.8,315,1k,23,6,Facility Management Services | Jamnagar +28 other locations,NA
3531,Walsons Facility Solutions,"Work Life Balance, Salary",Promotions,3.9,314,1.2k,13,1,Recruitment | Gurugram +41 other locations,NA
3532,Markelytics Solutions,"Work Life Balance, Skill Development, Company Culture",,4.5,313,351,2,1,Analytics & KPO | Bengaluru +5 other locations,NA
3533,Signutra (Health & Nutrition Division of Win - Medicare Pvt Ltd),"Company Culture, Work Satisfaction, Skill Development",,4.3,314,447,17,--,Pharma | New Delhi +58 other locations,NA
3534,Narula Infrastructure,"Promotions, Company Culture, Work Satisfaction",,3.6,314,658,20,--,Engineering & Construction | Kolkata +60 other locations,NA
3535,SPML Infra,"Company Culture, Work Life Balance, Job Security",Promotions,4.0,314,843,24,75,Engineering & Construction | Kolkata +51 other locations,NA
3536,Paragon Digital Services,"Promotions, Job Security, Skill Development",,3.2,314,2k,22,--,Marketing & Advertising | Chennai +7 other locations,NA
3537,Miles Education,"Job Security, Promotions, Company Culture",,3.2,314,734,40,7,Education & Training | Bengaluru +12 other locations,NA
3538,Western Digital,"Promotions, Work Satisfaction, Job Security",,3.4,314,2.9k,54,--,Consumer Electronics & Appliances | Bengaluru +10 other locations,NA
3539,MARK EXHAUST SYSTEMS,"Job Security, Work Life Balance, Company Culture",,4.2,314,1.1k,20,--,Auto Components | Gurugram +11 other locations,NA
3540,Narula Infrastructure,"Promotions, Company Culture, Work Satisfaction",,3.6,314,658,20,--,Engineering & Construction | Kolkata +60 other locations,NA
3541,Walsons Facility Solutions,"Work Life Balance, Salary",Promotions,3.9,314,1.2k,13,1,Recruitment | Gurugram +41 other locations,NA
3542,Bnp Paribas Securities,Job Security,"Salary, Promotions",3.7,314,1.9k,13,--,Financial Services | Chennai +8 other locations,NA
3543,MARK EXHAUST SYSTEMS,"Job Security, Work Life Balance, Company Culture",,4.2,314,1.1k,20,--,Auto Components | Gurugram +11 other locations,NA
3544,Iconic,"Salary, Skill Development, Company Culture",,4.1,314,921,35,9,Retail | Gurugram +26 other locations,NA
3545,Fino Paytech,"Promotions, Job Security, Company Culture",,3.2,313,569,7,--,FinTech | Mumbai +81 other locations,NA
3546,Competent Software,"Promotions, Work Satisfaction, Company Culture",,3.4,313,535,7,5,IT Services & Consulting | New Delhi +9 other locations,NA
3547,Smaaash Entertainment,"Work Life Balance, Salary, Work Satisfaction",,4.1,313,747,33,--,Sports & Recreation | Mumbai +28 other locations,NA
3548,DEC Infra,"Promotions, Company Culture, Work Life Balance",,3.7,313,1.3k,30,--,Real Estate | Hyderabad +22 other locations,NA
3549,SVC Co-Operative Bank,"Job Security, Work Life Balance",Promotions,3.8,313,1.3k,18,9,Banking | Mumbai +41 other locations,NA
3550,Ozone Pharmaceuticals,"Promotions, Skill Development, Work Satisfaction",,3.6,313,964,13,5,Pharma | New Delhi +46 other locations,NA
3551,Silverskills,"Promotions, Work Satisfaction, Skill Development",,3.4,313,1.1k,28,10,BPO | Gurugram +11 other locations,NA
3552,ARDEM Incorporated,"Work Life Balance, Company Culture, Work Satisfaction",Promotions,3.9,313,592,37,16,BPO | Lucknow +6 other locations,NA
3553,Deepak Phenolics,"Job Security, Company Culture, Skill Development",,4.4,313,1.6k,27,--,Chemicals | Bharuch +12 other locations,NA
3554,Jaiprakash Power Ventures,"Job Security, Work Life Balance, Work Satisfaction","Promotions, Salary",4.0,312,1.1k,31,--,Power | Singrauli +21 other locations,NA
3555,Xpheno,"Promotions, Job Security, Company Culture",,3.4,312,1.6k,22,1,Recruitment | Bengaluru +40 other locations,NA
3556,Angelique International,"Company Culture, Work Life Balance, Work Satisfaction",,4.5,312,1k,14,6,Engineering & Construction | Noida +21 other locations,NA
3557,Futurense Technologies,"Company Culture, Work Life Balance, Work Satisfaction",,4.0,312,769,41,--,EdTech | Bengaluru +9 other locations,NA
3558,ITC ABD,Job Security,"Promotions, Work Life Balance, Work Satisfaction",3.7,312,1.2k,17,--,Agriculture | Guntur +78 other locations,NA
3559,Manipal Technologies,"Work Life Balance, Job Security",Promotions,4.0,312,1.9k,13,9,Printing & Publishing | Bengaluru +32 other locations,NA
