id,name,photo,type,reason,team_name
153434,W. Fish,https://media.api-sports.io/football/players/153434.png,Missing Fixture,Ankle Injury,Manchester United
288006,R. Hojlund,https://media.api-sports.io/football/players/288006.png,Missing Fixture,Muscle Injury,Manchester United
37145,T. Malacia,https://media.api-sports.io/football/players/37145.png,Missing Fixture,Knee Injury,Manchester United
891,L. Shaw,https://media.api-sports.io/football/players/891.png,Missing Fixture,Health problems,Manchester United
342970,L. Yoro,https://media.api-sports.io/football/players/342970.png,Missing Fixture,Ankle Injury,Manchester United
889,V. Lindelof,https://media.api-sports.io/football/players/889.png,Questionable,Injury,Manchester United
126791,N. Broadhead,https://media.api-sports.io/football/players/126791.png,Missing Fixture,Thigh Injury,Ipswich
138836,H. Clarke,https://media.api-sports.io/football/players/138836.png,Missing Fixture,Achilles Tendon Injury,Ipswich
20167,J. Donacien,https://media.api-sports.io/football/players/20167.png,Missing Fixture,Groin Injury,Ipswich
8794,G. Hirst,https://media.api-sports.io/football/players/8794.png,Missing Fixture,Knee Injury,Ipswich
326763,C. Humphreys,https://media.api-sports.io/football/players/326763.png,Questionable,Injury,Ipswich
334729,B. Clark,https://media.api-sports.io/football/players/334729.png,Missing Fixture,Back Injury,Liverpool
1117,K. Tierney,https://media.api-sports.io/football/players/1117.png,Missing Fixture,Muscle Injury,Arsenal
2597,T. Tomiyasu,https://media.api-sports.io/football/players/2597.png,Missing Fixture,Knee Injury,Arsenal
41725,F. Vieira,https://media.api-sports.io/football/players/41725.png,Questionable,Groin Injury,Arsenal
380653,L. Chiwome,https://media.api-sports.io/football/players/380653.png,Missing Fixture,Ankle Injury,Wolves
385726,E. Gonzalez,https://media.api-sports.io/football/players/385726.png,Missing Fixture,Knee Injury,Wolves
7722,S. Kalajdzic,https://media.api-sports.io/football/players/7722.png,Missing Fixture,Knee Injury,Wolves
130,N. Semedo,https://media.api-sports.io/football/players/130.png,Missing Fixture,Red Card,Wolves
330412,Chermiti,https://media.api-sports.io/football/players/330412.png,Missing Fixture,Ankle Injury,Everton
18758,S. Coleman,https://media.api-sports.io/football/players/18758.png,Missing Fixture,Calf Injury,Everton
895,J. Garner,https://media.api-sports.io/football/players/895.png,Missing Fixture,Calf Injury,Everton
138417,N. Patterson,https://media.api-sports.io/football/players/138417.png,Missing Fixture,Thigh Injury,Everton
17661,J. Branthwaite,https://media.api-sports.io/football/players/17661.png,Questionable,Groin Injury,Everton
70747,J. Enciso,https://media.api-sports.io/football/players/70747.png,Missing Fixture,Knee Injury,Brighton
18973,S. March,https://media.api-sports.io/football/players/18973.png,Missing Fixture,Knee Injury,Brighton
129058,B. Verbruggen,https://media.api-sports.io/football/players/129058.png,Missing Fixture,Injury,Brighton
46731,P. Estupinan,https://media.api-sports.io/football/players/46731.png,Questionable,Ankle Injury,Brighton
129643,E. Ferguson,https://media.api-sports.io/football/players/129643.png,Questionable,Ankle Injury,Brighton
138815,T. Lamptey,https://media.api-sports.io/football/players/138815.png,Questionable,Injury,Brighton
38734,S. Botman,https://media.api-sports.io/football/players/38734.png,Missing Fixture,Knee Injury,Newcastle
18894,J. Lascelles,https://media.api-sports.io/football/players/18894.png,Missing Fixture,Knee Injury,Newcastle
328105,L. Miley,https://media.api-sports.io/football/players/328105.png,Missing Fixture,Back Injury,Newcastle
31146,S. Tonali,https://media.api-sports.io/football/players/31146.png,Missing Fixture,Suspended,Newcastle
2939,C. Wilson,https://media.api-sports.io/football/players/2939.png,Missing Fixture,Back Injury,Newcastle
105971,G. Bazunu,https://media.api-sports.io/football/players/105971.png,Missing Fixture,Achilles Tendon Injury,Southampton
295,A. Lallana,https://media.api-sports.io/football/players/295.png,Questionable,Injury,Southampton
45078,R. Stewart,https://media.api-sports.io/football/players/45078.png,Questionable,Injury,Southampton
199837,K. Sulemana,https://media.api-sports.io/football/players/199837.png,Questionable,Ankle Injury,Southampton
1150,T. Adams,https://media.api-sports.io/football/players/1150.png,Missing Fixture,Back Injury,Bournemouth
18870,D. Brooks,https://media.api-sports.io/football/players/18870.png,Missing Fixture,Shoulder Injury,Bournemouth
47499,E. Unal,https://media.api-sports.io/football/players/47499.png,Missing Fixture,Ankle Injury,Bournemouth
2869,E. Alvarez,https://media.api-sports.io/football/players/2869.png,Missing Fixture,Thigh Injury,West Ham
1904,B. Kamara,https://media.api-sports.io/football/players/1904.png,Missing Fixture,Knee Injury,Aston Villa
19179,T. Mings,https://media.api-sports.io/football/players/19179.png,Missing Fixture,Knee Injury,Aston Villa
19362,J. Dasilva,https://media.api-sports.io/football/players/19362.png,Missing Fixture,Knee Injury,Brentford
19346,R. Henry,https://media.api-sports.io/football/players/19346.png,Missing Fixture,Knee Injury,Brentford
44871,A. Hickey,https://media.api-sports.io/football/players/44871.png,Missing Fixture,Thigh Injury,Brentford
196156,I. Thiago,https://media.api-sports.io/football/players/196156.png,Missing Fixture,Knee Injury,Brentford
19974,I. Toney,https://media.api-sports.io/football/players/19974.png,Missing Fixture,Coach's decision,Brentford
311157,Matheus Franca,https://media.api-sports.io/football/players/311157.png,Missing Fixture,Muscle Injury,Crystal Palace
67972,C. Gallagher,https://media.api-sports.io/football/players/67972.png,Missing Fixture,Injury,Chelsea
329347,O. Kellyman,https://media.api-sports.io/football/players/329347.png,Missing Fixture,Injury,Chelsea
278133,O. Bobb,https://media.api-sports.io/football/players/278133.png,Missing Fixture,Leg Injury,Manchester City
44,Rodri,https://media.api-sports.io/football/players/44.png,Questionable,Leg Injury,Manchester City
18741,C. Coady,https://media.api-sports.io/football/players/18741.png,Missing Fixture,Thigh Injury,Leicester
1098,P. Daka,https://media.api-sports.io/football/players/1098.png,Missing Fixture,Ankle Injury,Leicester
405905,N. Opoku,https://media.api-sports.io/football/players/405905.png,Questionable,Broken Leg,Leicester
152969,L. Thomas,https://media.api-sports.io/football/players/152969.png,Questionable,Injury,Leicester
18968,Y. Bissouma,https://media.api-sports.io/football/players/18968.png,Missing Fixture,Suspended,Tottenham
18932,F. Forster,https://media.api-sports.io/football/players/18932.png,Missing Fixture,Ankle Injury,Tottenham
18973,S. March,https://media.api-sports.io/football/players/18973.png,Missing Fixture,Knee Injury,Brighton
129058,B. Verbruggen,https://media.api-sports.io/football/players/129058.png,Missing Fixture,Injury,Brighton
46731,P. Estupinan,https://media.api-sports.io/football/players/46731.png,Questionable,Ankle Injury,Brighton
129643,E. Ferguson,https://media.api-sports.io/football/players/129643.png,Questionable,Ankle Injury,Brighton
288006,R. Hojlund,https://media.api-sports.io/football/players/288006.png,Missing Fixture,Muscle Injury,Manchester United
889,V. Lindelof,https://media.api-sports.io/football/players/889.png,Missing Fixture,Injury,Manchester United
37145,T. Malacia,https://media.api-sports.io/football/players/37145.png,Missing Fixture,Knee Injury,Manchester United
891,L. Shaw,https://media.api-sports.io/football/players/891.png,Missing Fixture,Health problems,Manchester United
342970,L. Yoro,https://media.api-sports.io/football/players/342970.png,Missing Fixture,Ankle Injury,Manchester United
311157,Matheus Franca,https://media.api-sports.io/football/players/311157.png,Missing Fixture,Muscle Injury,Crystal Palace
18806,W. Hughes,https://media.api-sports.io/football/players/18806.png,Questionable,Illness,Crystal Palace
18741,C. Coady,https://media.api-sports.io/football/players/18741.png,Missing Fixture,Thigh Injury,Leicester
1098,P. Daka,https://media.api-sports.io/football/players/1098.png,Missing Fixture,Ankle Injury,Leicester
405905,N. Opoku,https://media.api-sports.io/football/players/405905.png,Missing Fixture,Broken Leg,Leicester
152970,J. Stolarczyk,https://media.api-sports.io/football/players/152970.png,Missing Fixture,Ankle Injury,Leicester
152969,L. Thomas,https://media.api-sports.io/football/players/152969.png,Questionable,Injury,Leicester
278133,O. Bobb,https://media.api-sports.io/football/players/278133.png,Missing Fixture,Leg Injury,Manchester City
44,Rodri,https://media.api-sports.io/football/players/44.png,Questionable,Leg Injury,Manchester City
126791,N. Broadhead,https://media.api-sports.io/football/players/126791.png,Missing Fixture,Thigh Injury,Ipswich
20089,W. Burns,https://media.api-sports.io/football/players/20089.png,Missing Fixture,Thigh Injury,Ipswich
138836,H. Clarke,https://media.api-sports.io/football/players/138836.png,Missing Fixture,Achilles Tendon Injury,Ipswich
20167,J. Donacien,https://media.api-sports.io/football/players/20167.png,Missing Fixture,Groin Injury,Ipswich
8794,G. Hirst,https://media.api-sports.io/football/players/8794.png,Missing Fixture,Knee Injury,Ipswich
19130,K. Phillips,https://media.api-sports.io/football/players/19130.png,Missing Fixture,Injury,Ipswich
105971,G. Bazunu,https://media.api-sports.io/football/players/105971.png,Missing Fixture,Achilles Tendon Injury,Southampton
295,A. Lallana,https://media.api-sports.io/football/players/295.png,Questionable,Injury,Southampton
284264,J. Larios,https://media.api-sports.io/football/players/284264.png,Questionable,Lacking Match Fitness,Southampton
45078,R. Stewart,https://media.api-sports.io/football/players/45078.png,Questionable,Injury,Southampton
199837,K. Sulemana,https://media.api-sports.io/football/players/199837.png,Questionable,Ankle Injury,Southampton
275170,Danilo,https://media.api-sports.io/football/players/275170.png,Missing Fixture,Ankle Injury,Nottingham Forest
863,R. Bentancur,https://media.api-sports.io/football/players/863.png,Missing Fixture,Head Injury,Tottenham
18883,D. Solanke,https://media.api-sports.io/football/players/18883.png,Missing Fixture,Ankle Injury,Tottenham
17661,J. Branthwaite,https://media.api-sports.io/football/players/17661.png,Missing Fixture,Groin Injury,Everton
330412,Chermiti,https://media.api-sports.io/football/players/330412.png,Missing Fixture,Ankle Injury,Everton
18758,S. Coleman,https://media.api-sports.io/football/players/18758.png,Missing Fixture,Calf Injury,Everton
895,J. Garner,https://media.api-sports.io/football/players/895.png,Missing Fixture,Calf Injury,Everton
138417,N. Patterson,https://media.api-sports.io/football/players/138417.png,Missing Fixture,Thigh Injury,Everton
894,A. Young,https://media.api-sports.io/football/players/894.png,Missing Fixture,Red Card,Everton
1904,B. Kamara,https://media.api-sports.io/football/players/1904.png,Missing Fixture,Knee Injury,Aston Villa
19179,T. Mings,https://media.api-sports.io/football/players/19179.png,Missing Fixture,Knee Injury,Aston Villa
643,Gabriel Jesus,https://media.api-sports.io/football/players/643.png,Missing Fixture,Groin Injury,Arsenal
1117,K. Tierney,https://media.api-sports.io/football/players/1117.png,Missing Fixture,Muscle Injury,Arsenal
2597,T. Tomiyasu,https://media.api-sports.io/football/players/2597.png,Missing Fixture,Knee Injury,Arsenal
41725,F. Vieira,https://media.api-sports.io/football/players/41725.png,Questionable,Groin Injury,Arsenal
1150,T. Adams,https://media.api-sports.io/football/players/1150.png,Missing Fixture,Back Injury,Bournemouth
18870,D. Brooks,https://media.api-sports.io/football/players/18870.png,Missing Fixture,Shoulder Injury,Bournemouth
47499,E. Unal,https://media.api-sports.io/football/players/47499.png,Missing Fixture,Ankle Injury,Bournemouth
38734,S. Botman,https://media.api-sports.io/football/players/38734.png,Missing Fixture,Knee Injury,Newcastle
18894,J. Lascelles,https://media.api-sports.io/football/players/18894.png,Missing Fixture,Knee Injury,Newcastle
328105,L. Miley,https://media.api-sports.io/football/players/328105.png,Missing Fixture,Back Injury,Newcastle
2806,F. Schar,https://media.api-sports.io/football/players/2806.png,Missing Fixture,Red Card,Newcastle
31146,S. Tonali,https://media.api-sports.io/football/players/31146.png,Missing Fixture,Suspended,Newcastle
138906,J. White,https://media.api-sports.io/football/players/138906.png,Missing Fixture,Injury,Newcastle
2939,C. Wilson,https://media.api-sports.io/football/players/2939.png,Missing Fixture,Back Injury,Newcastle
380653,L. Chiwome,https://media.api-sports.io/football/players/380653.png,Missing Fixture,Ankle Injury,Wolves
385726,E. Gonzalez,https://media.api-sports.io/football/players/385726.png,Missing Fixture,Knee Injury,Wolves
7722,S. Kalajdzic,https://media.api-sports.io/football/players/7722.png,Missing Fixture,Knee Injury,Wolves
130,N. Semedo,https://media.api-sports.io/football/players/130.png,Missing Fixture,Suspended,Wolves
19362,J. Dasilva,https://media.api-sports.io/football/players/19362.png,Missing Fixture,Knee Injury,Brentford
19346,R. Henry,https://media.api-sports.io/football/players/19346.png,Missing Fixture,Knee Injury,Brentford
44871,A. Hickey,https://media.api-sports.io/football/players/44871.png,Missing Fixture,Thigh Injury,Brentford
196156,I. Thiago,https://media.api-sports.io/football/players/196156.png,Missing Fixture,Knee Injury,Brentford
643,Gabriel Jesus,https://media.api-sports.io/football/players/643.png,Missing Fixture,Groin Injury,Arsenal
47311,M. Merino,https://media.api-sports.io/football/players/47311.png,Missing Fixture,Shoulder Injury,Arsenal
1117,K. Tierney,https://media.api-sports.io/football/players/1117.png,Missing Fixture,Muscle Injury,Arsenal
2597,T. Tomiyasu,https://media.api-sports.io/football/players/2597.png,Missing Fixture,Knee Injury,Arsenal
18973,S. March,https://media.api-sports.io/football/players/18973.png,Missing Fixture,Knee Injury,Brighton
19030,M. O'Riley,https://media.api-sports.io/football/players/19030.png,Missing Fixture,Ankle Injury,Brighton
328225,B. Gruda,https://media.api-sports.io/football/players/328225.png,Questionable,Lacking Match Fitness,Brighton
92993,M. Wieffer,https://media.api-sports.io/football/players/92993.png,Questionable,Lacking Match Fitness,Brighton
19362,J. Dasilva,https://media.api-sports.io/football/players/19362.png,Missing Fixture,Knee Injury,Brentford
19346,R. Henry,https://media.api-sports.io/football/players/19346.png,Missing Fixture,Knee Injury,Brentford
44871,A. Hickey,https://media.api-sports.io/football/players/44871.png,Missing Fixture,Thigh Injury,Brentford
196156,I. Thiago,https://media.api-sports.io/football/players/196156.png,Missing Fixture,Knee Injury,Brentford
105971,G. Bazunu,https://media.api-sports.io/football/players/105971.png,Missing Fixture,Achilles Tendon Injury,Southampton
45078,R. Stewart,https://media.api-sports.io/football/players/45078.png,Missing Fixture,Injury,Southampton
199837,K. Sulemana,https://media.api-sports.io/football/players/199837.png,Questionable,Ankle Injury,Southampton
17661,J. Branthwaite,https://media.api-sports.io/football/players/17661.png,Missing Fixture,Groin Injury,Everton
330412,Chermiti,https://media.api-sports.io/football/players/330412.png,Missing Fixture,Ankle Injury,Everton
138417,N. Patterson,https://media.api-sports.io/football/players/138417.png,Missing Fixture,Thigh Injury,Everton
1150,T. Adams,https://media.api-sports.io/football/players/1150.png,Missing Fixture,Back Injury,Bournemouth
47499,E. Unal,https://media.api-sports.io/football/players/47499.png,Missing Fixture,Ankle Injury,Bournemouth
126791,N. Broadhead,https://media.api-sports.io/football/players/126791.png,Missing Fixture,Thigh Injury,Ipswich
20089,W. Burns,https://media.api-sports.io/football/players/20089.png,Missing Fixture,Thigh Injury,Ipswich
138836,H. Clarke,https://media.api-sports.io/football/players/138836.png,Missing Fixture,Achilles Tendon Injury,Ipswich
20167,J. Donacien,https://media.api-sports.io/football/players/20167.png,Missing Fixture,Groin Injury,Ipswich
8794,G. Hirst,https://media.api-sports.io/football/players/8794.png,Missing Fixture,Knee Injury,Ipswich
1098,P. Daka,https://media.api-sports.io/football/players/1098.png,Missing Fixture,Ankle Injury,Leicester
405905,N. Opoku,https://media.api-sports.io/football/players/405905.png,Missing Fixture,Broken Leg,Leicester
152970,J. Stolarczyk,https://media.api-sports.io/football/players/152970.png,Missing Fixture,Ankle Injury,Leicester
19298,M. Cash,https://media.api-sports.io/football/players/19298.png,Missing Fixture,Thigh Injury,Aston Villa
21090,Diego Carlos,https://media.api-sports.io/football/players/21090.png,Missing Fixture,Injury,Aston Villa
1904,B. Kamara,https://media.api-sports.io/football/players/1904.png,Missing Fixture,Knee Injury,Aston Villa
19179,T. Mings,https://media.api-sports.io/football/players/19179.png,Missing Fixture,Knee Injury,Aston Villa
275170,Danilo,https://media.api-sports.io/football/players/275170.png,Missing Fixture,Ankle Injury,Nottingham Forest
380653,L. Chiwome,https://media.api-sports.io/football/players/380653.png,Missing Fixture,Ankle Injury,Wolves
385726,E. Gonzalez,https://media.api-sports.io/football/players/385726.png,Missing Fixture,Knee Injury,Wolves
7722,S. Kalajdzic,https://media.api-sports.io/football/players/7722.png,Missing Fixture,Knee Injury,Wolves
157912,B. Traore,https://media.api-sports.io/football/players/157912.png,Questionable,Knee Injury,Wolves
18813,A. Cresswell,https://media.api-sports.io/football/players/18813.png,Missing Fixture,Thigh Injury,West Ham
278133,O. Bobb,https://media.api-sports.io/football/players/278133.png,Missing Fixture,Leg Injury,Manchester City
631,P. Foden,https://media.api-sports.io/football/players/631.png,Questionable,Illness,Manchester City
282125,R. Lavia,https://media.api-sports.io/football/players/282125.png,Questionable,Thigh Injury,Chelsea
311157,Matheus Franca,https://media.api-sports.io/football/players/311157.png,Missing Fixture,Muscle Injury,Crystal Palace
278898,C. Riad,https://media.api-sports.io/football/players/278898.png,Missing Fixture,Knee Injury,Crystal Palace
38734,S. Botman,https://media.api-sports.io/football/players/38734.png,Missing Fixture,Knee Injury,Newcastle
18894,J. Lascelles,https://media.api-sports.io/football/players/18894.png,Missing Fixture,Knee Injury,Newcastle
328105,L. Miley,https://media.api-sports.io/football/players/328105.png,Missing Fixture,Back Injury,Newcastle
2806,F. Schar,https://media.api-sports.io/football/players/2806.png,Missing Fixture,Red Card,Newcastle
2939,C. Wilson,https://media.api-sports.io/football/players/2939.png,Missing Fixture,Back Injury,Newcastle
1463,J. Willock,https://media.api-sports.io/football/players/1463.png,Questionable,Thigh Injury,Newcastle
2413,Richarlison,https://media.api-sports.io/football/players/2413.png,Missing Fixture,Injury,Tottenham
18883,D. Solanke,https://media.api-sports.io/football/players/18883.png,Missing Fixture,Ankle Injury,Tottenham
288006,R. Hojlund,https://media.api-sports.io/football/players/288006.png,Missing Fixture,Muscle Injury,Manchester United
889,V. Lindelof,https://media.api-sports.io/football/players/889.png,Missing Fixture,Injury,Manchester United
37145,T. Malacia,https://media.api-sports.io/football/players/37145.png,Missing Fixture,Knee Injury,Manchester United
19220,M. Mount,https://media.api-sports.io/football/players/19220.png,Missing Fixture,Muscle Injury,Manchester United
891,L. Shaw,https://media.api-sports.io/football/players/891.png,Missing Fixture,Health problems,Manchester United
342970,L. Yoro,https://media.api-sports.io/football/players/342970.png,Missing Fixture,Ankle Injury,Manchester United
30410,F. Chiesa,https://media.api-sports.io/football/players/30410.png,Questionable,Injury,Liverpool
293,C. Jones,https://media.api-sports.io/football/players/293.png,Questionable,Injury,Liverpool
105971,G. Bazunu,https://media.api-sports.io/football/players/105971.png,Missing Fixture,Achilles Tendon Injury,Southampton
199837,K. Sulemana,https://media.api-sports.io/football/players/199837.png,Missing Fixture,Ankle Injury,Southampton
288006,R. Hojlund,https://media.api-sports.io/football/players/288006.png,Missing Fixture,Muscle Injury,Manchester United
889,V. Lindelof,https://media.api-sports.io/football/players/889.png,Missing Fixture,Injury,Manchester United
37145,T. Malacia,https://media.api-sports.io/football/players/37145.png,Missing Fixture,Knee Injury,Manchester United
19220,M. Mount,https://media.api-sports.io/football/players/19220.png,Missing Fixture,Muscle Injury,Manchester United
891,L. Shaw,https://media.api-sports.io/football/players/891.png,Missing Fixture,Health problems,Manchester United
342970,L. Yoro,https://media.api-sports.io/football/players/342970.png,Missing Fixture,Ankle Injury,Manchester United
104,Carlos Vinicius,https://media.api-sports.io/football/players/104.png,Missing Fixture,Injury,Fulham
25391,N. Fullkrug,https://media.api-sports.io/football/players/25391.png,Questionable,Achilles Tendon Injury,West Ham
18973,S. March,https://media.api-sports.io/football/players/18973.png,Missing Fixture,Knee Injury,Brighton
296,J. Milner,https://media.api-sports.io/football/players/296.png,Missing Fixture,Thigh Injury,Brighton
19030,M. O'Riley,https://media.api-sports.io/football/players/19030.png,Missing Fixture,Ankle Injury,Brighton
328225,B. Gruda,https://media.api-sports.io/football/players/328225.png,Questionable,Lacking Match Fitness,Brighton
92993,M. Wieffer,https://media.api-sports.io/football/players/92993.png,Questionable,Lacking Match Fitness,Brighton
126791,N. Broadhead,https://media.api-sports.io/football/players/126791.png,Missing Fixture,Thigh Injury,Ipswich
138836,H. Clarke,https://media.api-sports.io/football/players/138836.png,Missing Fixture,Achilles Tendon Injury,Ipswich
20167,J. Donacien,https://media.api-sports.io/football/players/20167.png,Missing Fixture,Groin Injury,Ipswich
19720,T. Chalobah,https://media.api-sports.io/football/players/19720.png,Missing Fixture,Injury,Crystal Palace
1440,R. Holding,https://media.api-sports.io/football/players/1440.png,Missing Fixture,Lacking Match Fitness,Crystal Palace
311157,Matheus Franca,https://media.api-sports.io/football/players/311157.png,Missing Fixture,Muscle Injury,Crystal Palace
278898,C. Riad,https://media.api-sports.io/football/players/278898.png,Missing Fixture,Knee Injury,Crystal Palace
1098,P. Daka,https://media.api-sports.io/football/players/1098.png,Missing Fixture,Ankle Injury,Leicester
1135,O. Edouard,https://media.api-sports.io/football/players/1135.png,Missing Fixture,Lacking Match Fitness,Leicester
405905,N. Opoku,https://media.api-sports.io/football/players/405905.png,Missing Fixture,Broken Leg,Leicester
152970,J. Stolarczyk,https://media.api-sports.io/football/players/152970.png,Missing Fixture,Ankle Injury,Leicester
19035,H. Elliott,https://media.api-sports.io/football/players/19035.png,Missing Fixture,Broken ankle,Liverpool
30410,F. Chiesa,https://media.api-sports.io/football/players/30410.png,Questionable,Lacking Match Fitness,Liverpool
275170,Danilo,https://media.api-sports.io/football/players/275170.png,Missing Fixture,Ankle Injury,Nottingham Forest
18739,W. Boly,https://media.api-sports.io/football/players/18739.png,Questionable,Calf Injury,Nottingham Forest
22149,I. Sangare,https://media.api-sports.io/football/players/22149.png,Questionable,Lacking Match Fitness,Nottingham Forest
18861,N. Ake,https://media.api-sports.io/football/players/18861.png,Missing Fixture,Muscle Injury,Manchester City
278133,O. Bobb,https://media.api-sports.io/football/players/278133.png,Missing Fixture,Leg Injury,Manchester City
19362,J. Dasilva,https://media.api-sports.io/football/players/19362.png,Missing Fixture,Knee Injury,Brentford
427736,Gustavo Nunes,https://media.api-sports.io/football/players/427736.png,Missing Fixture,Back Injury,Brentford
19346,R. Henry,https://media.api-sports.io/football/players/19346.png,Missing Fixture,Knee Injury,Brentford
44871,A. Hickey,https://media.api-sports.io/football/players/44871.png,Missing Fixture,Thigh Injury,Brentford
47438,M. Jensen,https://media.api-sports.io/football/players/47438.png,Missing Fixture,Knock,Brentford
196156,I. Thiago,https://media.api-sports.io/football/players/196156.png,Missing Fixture,Knee Injury,Brentford
983,L. Bailey,https://media.api-sports.io/football/players/983.png,Missing Fixture,Muscle Injury,Aston Villa
19298,M. Cash,https://media.api-sports.io/football/players/19298.png,Missing Fixture,Thigh Injury,Aston Villa
1904,B. Kamara,https://media.api-sports.io/football/players/1904.png,Missing Fixture,Knee Injury,Aston Villa
19179,T. Mings,https://media.api-sports.io/football/players/19179.png,Missing Fixture,Knee Injury,Aston Villa
17661,J. Branthwaite,https://media.api-sports.io/football/players/17661.png,Missing Fixture,Groin Injury,Everton
138822,A. Broja,https://media.api-sports.io/football/players/138822.png,Missing Fixture,Calf Injury,Everton
330412,Chermiti,https://media.api-sports.io/football/players/330412.png,Missing Fixture,Ankle Injury,Everton
138417,N. Patterson,https://media.api-sports.io/football/players/138417.png,Missing Fixture,Thigh Injury,Everton
18758,S. Coleman,https://media.api-sports.io/football/players/18758.png,Questionable,Calf Injury,Everton
1150,T. Adams,https://media.api-sports.io/football/players/1150.png,Missing Fixture,Back Injury,Bournemouth
2273,K. Arrizabalaga,https://media.api-sports.io/football/players/2273.png,Missing Fixture,Loan agreement,Bournemouth
284797,D. Ouattara,https://media.api-sports.io/football/players/284797.png,Missing Fixture,Ankle Injury,Bournemouth
161907,M. Gusto,https://media.api-sports.io/football/players/161907.png,Missing Fixture,Thigh Injury,Chelsea
19545,R. James,https://media.api-sports.io/football/players/19545.png,Missing Fixture,Muscle Injury,Chelsea
329347,O. Kellyman,https://media.api-sports.io/football/players/329347.png,Missing Fixture,Muscle Injury,Chelsea
282125,R. Lavia,https://media.api-sports.io/football/players/282125.png,Questionable,Thigh Injury,Chelsea
2413,Richarlison,https://media.api-sports.io/football/players/2413.png,Missing Fixture,Injury,Tottenham
18968,Y. Bissouma,https://media.api-sports.io/football/players/18968.png,Questionable,Groin Injury,Tottenham
47311,M. Merino,https://media.api-sports.io/football/players/47311.png,Missing Fixture,Shoulder Injury,Arsenal
37127,M. Odegaard,https://media.api-sports.io/football/players/37127.png,Missing Fixture,Ankle Injury,Arsenal
2937,D. Rice,https://media.api-sports.io/football/players/2937.png,Missing Fixture,Red Card,Arsenal
1117,K. Tierney,https://media.api-sports.io/football/players/1117.png,Missing Fixture,Muscle Injury,Arsenal
2597,T. Tomiyasu,https://media.api-sports.io/football/players/2597.png,Missing Fixture,Knee Injury,Arsenal
157052,R. Calafiori,https://media.api-sports.io/football/players/157052.png,Questionable,Calf Injury,Arsenal
380653,L. Chiwome,https://media.api-sports.io/football/players/380653.png,Missing Fixture,Ankle Injury,Wolves
385726,E. Gonzalez,https://media.api-sports.io/football/players/385726.png,Missing Fixture,Knee Injury,Wolves
7722,S. Kalajdzic,https://media.api-sports.io/football/players/7722.png,Missing Fixture,Knee Injury,Wolves
157912,B. Traore,https://media.api-sports.io/football/players/157912.png,Questionable,Knee Injury,Wolves
38734,S. Botman,https://media.api-sports.io/football/players/38734.png,Missing Fixture,Knee Injury,Newcastle
18894,J. Lascelles,https://media.api-sports.io/football/players/18894.png,Missing Fixture,Knee Injury,Newcastle
328105,L. Miley,https://media.api-sports.io/football/players/328105.png,Missing Fixture,Back Injury,Newcastle
2939,C. Wilson,https://media.api-sports.io/football/players/2939.png,Missing Fixture,Back Injury,Newcastle
25391,N. Fullkrug,https://media.api-sports.io/football/players/25391.png,Questionable,Achilles Tendon Injury,West Ham
161907,M. Gusto,https://media.api-sports.io/football/players/161907.png,Missing Fixture,Thigh Injury,Chelsea
19545,R. James,https://media.api-sports.io/football/players/19545.png,Missing Fixture,Muscle Injury,Chelsea
329347,O. Kellyman,https://media.api-sports.io/football/players/329347.png,Missing Fixture,Muscle Injury,Chelsea
282125,R. Lavia,https://media.api-sports.io/football/players/282125.png,Questionable,Thigh Injury,Chelsea
19298,M. Cash,https://media.api-sports.io/football/players/19298.png,Missing Fixture,Thigh Injury,Aston Villa
1904,B. Kamara,https://media.api-sports.io/football/players/1904.png,Missing Fixture,Knee Injury,Aston Villa
19179,T. Mings,https://media.api-sports.io/football/players/19179.png,Missing Fixture,Knee Injury,Aston Villa
138931,J. Philogene,https://media.api-sports.io/football/players/138931.png,Missing Fixture,Injury,Aston Villa
380653,L. Chiwome,https://media.api-sports.io/football/players/380653.png,Missing Fixture,Ankle Injury,Wolves
385726,E. Gonzalez,https://media.api-sports.io/football/players/385726.png,Missing Fixture,Knee Injury,Wolves
7722,S. Kalajdzic,https://media.api-sports.io/football/players/7722.png,Missing Fixture,Knee Injury,Wolves
388777,B. Meupiyou,https://media.api-sports.io/football/players/388777.png,Missing Fixture,Injury,Wolves
157912,B. Traore,https://media.api-sports.io/football/players/157912.png,Missing Fixture,Knee Injury,Wolves
41606,Toti,https://media.api-sports.io/football/players/41606.png,Questionable,Thigh Injury,Wolves
104,Carlos Vinicius,https://media.api-sports.io/football/players/104.png,Missing Fixture,Injury,Fulham
38734,S. Botman,https://media.api-sports.io/football/players/38734.png,Missing Fixture,Knee Injury,Newcastle
18894,J. Lascelles,https://media.api-sports.io/football/players/18894.png,Missing Fixture,Knee Injury,Newcastle
328105,L. Miley,https://media.api-sports.io/football/players/328105.png,Missing Fixture,Back Injury,Newcastle
2939,C. Wilson,https://media.api-sports.io/football/players/2939.png,Missing Fixture,Back Injury,Newcastle
1098,P. Daka,https://media.api-sports.io/football/players/1098.png,Missing Fixture,Ankle Injury,Leicester
405905,N. Opoku,https://media.api-sports.io/football/players/405905.png,Missing Fixture,Broken Leg,Leicester
152970,J. Stolarczyk,https://media.api-sports.io/football/players/152970.png,Missing Fixture,Ankle Injury,Leicester
138822,A. Broja,https://media.api-sports.io/football/players/138822.png,Missing Fixture,Calf Injury,Everton
330412,Chermiti,https://media.api-sports.io/football/players/330412.png,Missing Fixture,Ankle Injury,Everton
2990,I. Gueye,https://media.api-sports.io/football/players/2990.png,Missing Fixture,Injury,Everton
17661,J. Branthwaite,https://media.api-sports.io/football/players/17661.png,Questionable,Groin Injury,Everton
18758,S. Coleman,https://media.api-sports.io/football/players/18758.png,Questionable,Calf Injury,Everton
138417,N. Patterson,https://media.api-sports.io/football/players/138417.png,Questionable,Thigh Injury,Everton
19035,H. Elliott,https://media.api-sports.io/football/players/19035.png,Missing Fixture,Broken ankle,Liverpool
280,Alisson,https://media.api-sports.io/football/players/280.png,Questionable,Thigh Injury,Liverpool
1150,T. Adams,https://media.api-sports.io/football/players/1150.png,Missing Fixture,Back Injury,Bournemouth
105971,G. Bazunu,https://media.api-sports.io/football/players/105971.png,Missing Fixture,Achilles Tendon Injury,Southampton
18940,J. Stephens,https://media.api-sports.io/football/players/18940.png,Missing Fixture,Red Card,Southampton
199837,K. Sulemana,https://media.api-sports.io/football/players/199837.png,Missing Fixture,Ankle Injury,Southampton
130421,W. Smallbone,https://media.api-sports.io/football/players/130421.png,Questionable,Thigh Injury,Southampton
20167,J. Donacien,https://media.api-sports.io/football/players/20167.png,Missing Fixture,Groin Injury,Ipswich
126791,N. Broadhead,https://media.api-sports.io/football/players/126791.png,Questionable,Thigh Injury,Ipswich
138836,H. Clarke,https://media.api-sports.io/football/players/138836.png,Questionable,Achilles Tendon Injury,Ipswich
336564,W. Odobert,https://media.api-sports.io/football/players/336564.png,Missing Fixture,Thigh Injury,Tottenham
2413,Richarlison,https://media.api-sports.io/football/players/2413.png,Missing Fixture,Injury,Tottenham
19362,J. Dasilva,https://media.api-sports.io/football/players/19362.png,Missing Fixture,Knee Injury,Brentford
427736,Gustavo Nunes,https://media.api-sports.io/football/players/427736.png,Missing Fixture,Back Injury,Brentford
19346,R. Henry,https://media.api-sports.io/football/players/19346.png,Missing Fixture,Knee Injury,Brentford
44871,A. Hickey,https://media.api-sports.io/football/players/44871.png,Missing Fixture,Thigh Injury,Brentford
47438,M. Jensen,https://media.api-sports.io/football/players/47438.png,Missing Fixture,Knock,Brentford
196156,I. Thiago,https://media.api-sports.io/football/players/196156.png,Missing Fixture,Knee Injury,Brentford
20649,Y. Wissa,https://media.api-sports.io/football/players/20649.png,Missing Fixture,Ankle Injury,Brentford
3339,C. Doucoure,https://media.api-sports.io/football/players/3339.png,Missing Fixture,Ankle Injury,Crystal Palace
1440,R. Holding,https://media.api-sports.io/football/players/1440.png,Missing Fixture,Lacking Match Fitness,Crystal Palace
311157,Matheus Franca,https://media.api-sports.io/football/players/311157.png,Missing Fixture,Muscle Injury,Crystal Palace
278898,C. Riad,https://media.api-sports.io/football/players/278898.png,Missing Fixture,Knee Injury,Crystal Palace
19720,T. Chalobah,https://media.api-sports.io/football/players/19720.png,Questionable,Injury,Crystal Palace
889,V. Lindelof,https://media.api-sports.io/football/players/889.png,Missing Fixture,Injury,Manchester United
37145,T. Malacia,https://media.api-sports.io/football/players/37145.png,Missing Fixture,Knee Injury,Manchester United
891,L. Shaw,https://media.api-sports.io/football/players/891.png,Missing Fixture,Health problems,Manchester United
342970,L. Yoro,https://media.api-sports.io/football/players/342970.png,Missing Fixture,Ankle Injury,Manchester United
288006,R. Hojlund,https://media.api-sports.io/football/players/288006.png,Questionable,Muscle Injury,Manchester United
19220,M. Mount,https://media.api-sports.io/football/players/19220.png,Questionable,Muscle Injury,Manchester United
328225,B. Gruda,https://media.api-sports.io/football/players/328225.png,Missing Fixture,Lacking Match Fitness,Brighton
18973,S. March,https://media.api-sports.io/football/players/18973.png,Missing Fixture,Knee Injury,Brighton
296,J. Milner,https://media.api-sports.io/football/players/296.png,Missing Fixture,Thigh Injury,Brighton
19030,M. O'Riley,https://media.api-sports.io/football/players/19030.png,Missing Fixture,Ankle Injury,Brighton
275170,Danilo,https://media.api-sports.io/football/players/275170.png,Missing Fixture,Ankle Injury,Nottingham Forest
22149,I. Sangare,https://media.api-sports.io/football/players/22149.png,Missing Fixture,Lacking Match Fitness,Nottingham Forest
18739,W. Boly,https://media.api-sports.io/football/players/18739.png,Questionable,Calf Injury,Nottingham Forest
18861,N. Ake,https://media.api-sports.io/football/players/18861.png,Missing Fixture,Muscle Injury,Manchester City
278133,O. Bobb,https://media.api-sports.io/football/players/278133.png,Missing Fixture,Leg Injury,Manchester City
629,K. De Bruyne,https://media.api-sports.io/football/players/629.png,Questionable,Injury,Manchester City
47311,M. Merino,https://media.api-sports.io/football/players/47311.png,Missing Fixture,Shoulder Injury,Arsenal
37127,M. Odegaard,https://media.api-sports.io/football/players/37127.png,Missing Fixture,Ankle Injury,Arsenal
1117,K. Tierney,https://media.api-sports.io/football/players/1117.png,Missing Fixture,Muscle Injury,Arsenal
2597,T. Tomiyasu,https://media.api-sports.io/football/players/2597.png,Missing Fixture,Knee Injury,Arsenal
641,O. Zinchenko,https://media.api-sports.io/football/players/641.png,Missing Fixture,Calf Injury,Arsenal
1150,T. Adams,https://media.api-sports.io/football/players/1150.png,Missing Fixture,Back Injury,Bournemouth
105971,G. Bazunu,https://media.api-sports.io/football/players/105971.png,Missing Fixture,Achilles Tendon Injury,Southampton
18940,J. Stephens,https://media.api-sports.io/football/players/18940.png,Missing Fixture,Red Card,Southampton
199837,K. Sulemana,https://media.api-sports.io/football/players/199837.png,Missing Fixture,Ankle Injury,Southampton
130421,W. Smallbone,https://media.api-sports.io/football/players/130421.png,Questionable,Thigh Injury,Southampton
3339,C. Doucoure,https://media.api-sports.io/football/players/3339.png,Missing Fixture,Ankle Injury,Crystal Palace
1440,R. Holding,https://media.api-sports.io/football/players/1440.png,Missing Fixture,Lacking Match Fitness,Crystal Palace
311157,Matheus Franca,https://media.api-sports.io/football/players/311157.png,Missing Fixture,Muscle Injury,Crystal Palace
278898,C. Riad,https://media.api-sports.io/football/players/278898.png,Missing Fixture,Knee Injury,Crystal Palace
126949,C. Richards,https://media.api-sports.io/football/players/126949.png,Missing Fixture,Thigh Injury,Crystal Palace
19035,H. Elliott,https://media.api-sports.io/football/players/19035.png,Missing Fixture,Broken ankle,Liverpool
30410,F. Chiesa,https://media.api-sports.io/football/players/30410.png,Questionable,Injury,Liverpool
37127,M. Odegaard,https://media.api-sports.io/football/players/37127.png,Missing Fixture,Ankle Injury,Arsenal
1117,K. Tierney,https://media.api-sports.io/football/players/1117.png,Missing Fixture,Muscle Injury,Arsenal
641,O. Zinchenko,https://media.api-sports.io/football/players/641.png,Missing Fixture,Calf Injury,Arsenal
38746,J. Timber,https://media.api-sports.io/football/players/38746.png,Questionable,Muscle Injury,Arsenal
19959,B. White,https://media.api-sports.io/football/players/19959.png,Questionable,Knee Injury,Arsenal
105971,G. Bazunu,https://media.api-sports.io/football/players/105971.png,Missing Fixture,Achilles Tendon Injury,Southampton
130421,W. Smallbone,https://media.api-sports.io/football/players/130421.png,Missing Fixture,Thigh Injury,Southampton
18940,J. Stephens,https://media.api-sports.io/football/players/18940.png,Missing Fixture,Red Card,Southampton
199837,K. Sulemana,https://media.api-sports.io/football/players/199837.png,Missing Fixture,Ankle Injury,Southampton
19362,J. Dasilva,https://media.api-sports.io/football/players/19362.png,Missing Fixture,Knee Injury,Brentford
427736,Gustavo Nunes,https://media.api-sports.io/football/players/427736.png,Missing Fixture,Back Injury,Brentford
19346,R. Henry,https://media.api-sports.io/football/players/19346.png,Missing Fixture,Knee Injury,Brentford
44871,A. Hickey,https://media.api-sports.io/football/players/44871.png,Missing Fixture,Thigh Injury,Brentford
196156,I. Thiago,https://media.api-sports.io/football/players/196156.png,Missing Fixture,Knee Injury,Brentford
20649,Y. Wissa,https://media.api-sports.io/football/players/20649.png,Missing Fixture,Ankle Injury,Brentford
47438,M. Jensen,https://media.api-sports.io/football/players/47438.png,Questionable,Knock,Brentford
380653,L. Chiwome,https://media.api-sports.io/football/players/380653.png,Missing Fixture,Ankle Injury,Wolves
385726,E. Gonzalez,https://media.api-sports.io/football/players/385726.png,Missing Fixture,Knee Injury,Wolves
7722,S. Kalajdzic,https://media.api-sports.io/football/players/7722.png,Missing Fixture,Knee Injury,Wolves
195717,Y. Mosquera,https://media.api-sports.io/football/players/195717.png,Missing Fixture,Knee Injury,Wolves
157912,B. Traore,https://media.api-sports.io/football/players/157912.png,Missing Fixture,Knee Injury,Wolves
388777,B. Meupiyou,https://media.api-sports.io/football/players/388777.png,Questionable,Injury,Wolves
18779,H. Choudhury,https://media.api-sports.io/football/players/18779.png,Missing Fixture,Shoulder Injury,Leicester
1098,P. Daka,https://media.api-sports.io/football/players/1098.png,Missing Fixture,Ankle Injury,Leicester
405905,N. Opoku,https://media.api-sports.io/football/players/405905.png,Missing Fixture,Broken Leg,Leicester
152970,J. Stolarczyk,https://media.api-sports.io/football/players/152970.png,Missing Fixture,Ankle Injury,Leicester
18943,J. Vestergaard,https://media.api-sports.io/football/players/18943.png,Questionable,Ankle Injury,Leicester
1150,T. Adams,https://media.api-sports.io/football/players/1150.png,Questionable,Back Injury,Bournemouth
18861,N. Ake,https://media.api-sports.io/football/players/18861.png,Missing Fixture,Muscle Injury,Manchester City
278133,O. Bobb,https://media.api-sports.io/football/players/278133.png,Missing Fixture,Leg Injury,Manchester City
629,K. De Bruyne,https://media.api-sports.io/football/players/629.png,Missing Fixture,Muscle Injury,Manchester City
44,Rodri,https://media.api-sports.io/football/players/44.png,Missing Fixture,Knee Injury,Manchester City
104,Carlos Vinicius,https://media.api-sports.io/football/players/104.png,Missing Fixture,Calf Injury,Fulham
131,J. Cuenca,https://media.api-sports.io/football/players/131.png,Missing Fixture,Ankle Injury,Fulham
25391,N. Fullkrug,https://media.api-sports.io/football/players/25391.png,Questionable,Achilles Tendon Injury,West Ham
20167,J. Donacien,https://media.api-sports.io/football/players/20167.png,Missing Fixture,Groin Injury,Ipswich
126791,N. Broadhead,https://media.api-sports.io/football/players/126791.png,Questionable,Thigh Injury,Ipswich
15797,J. Cajuste,https://media.api-sports.io/football/players/15797.png,Questionable,Knee Injury,Ipswich
138822,A. Broja,https://media.api-sports.io/football/players/138822.png,Missing Fixture,Calf Injury,Everton
330412,Chermiti,https://media.api-sports.io/football/players/330412.png,Missing Fixture,Ankle Injury,Everton
18758,S. Coleman,https://media.api-sports.io/football/players/18758.png,Questionable,Calf Injury,Everton
138417,N. Patterson,https://media.api-sports.io/football/players/138417.png,Questionable,Lacking Match Fitness,Everton
38734,S. Botman,https://media.api-sports.io/football/players/38734.png,Missing Fixture,Knee Injury,Newcastle
2864,A. Isak,https://media.api-sports.io/football/players/2864.png,Missing Fixture,Finger Injury,Newcastle
18894,J. Lascelles,https://media.api-sports.io/football/players/18894.png,Missing Fixture,Knee Injury,Newcastle
328105,L. Miley,https://media.api-sports.io/football/players/328105.png,Missing Fixture,Back Injury,Newcastle
2939,C. Wilson,https://media.api-sports.io/football/players/2939.png,Missing Fixture,Back Injury,Newcastle
18941,M. Targett,https://media.api-sports.io/football/players/18941.png,Questionable,Injury,Newcastle
19191,J. McGinn,https://media.api-sports.io/football/players/19191.png,Missing Fixture,Thigh Injury,Aston Villa
162714,A. Onana,https://media.api-sports.io/football/players/162714.png,Questionable,Thigh Injury,Aston Villa
19192,J. Ramsey,https://media.api-sports.io/football/players/19192.png,Questionable,Groin Injury,Aston Villa
37145,T. Malacia,https://media.api-sports.io/football/players/37145.png,Missing Fixture,Knee Injury,Manchester United
342970,L. Yoro,https://media.api-sports.io/football/players/342970.png,Missing Fixture,Ankle Injury,Manchester United
19220,M. Mount,https://media.api-sports.io/football/players/19220.png,Questionable,Head Injury,Manchester United
891,L. Shaw,https://media.api-sports.io/football/players/891.png,Questionable,Health problems,Manchester United
19545,R. James,https://media.api-sports.io/football/players/19545.png,Missing Fixture,Muscle Injury,Chelsea
329347,O. Kellyman,https://media.api-sports.io/football/players/329347.png,Missing Fixture,Muscle Injury,Chelsea
275170,Danilo,https://media.api-sports.io/football/players/275170.png,Missing Fixture,Ankle Injury,Nottingham Forest
22149,I. Sangare,https://media.api-sports.io/football/players/22149.png,Missing Fixture,Lacking Match Fitness,Nottingham Forest
10329,Joao Pedro,https://media.api-sports.io/football/players/10329.png,Missing Fixture,Injury,Brighton
19030,M. O'Riley,https://media.api-sports.io/football/players/19030.png,Missing Fixture,Ankle Injury,Brighton
38695,J. P. van Hecke,https://media.api-sports.io/football/players/38695.png,Missing Fixture,Muscle Injury,Brighton
301771,S. Adingra,https://media.api-sports.io/football/players/301771.png,Questionable,Knock,Brighton
18973,S. March,https://media.api-sports.io/football/players/18973.png,Questionable,Knee Injury,Brighton
296,J. Milner,https://media.api-sports.io/football/players/296.png,Questionable,Thigh Injury,Brighton
336564,W. Odobert,https://media.api-sports.io/football/players/336564.png,Missing Fixture,Thigh Injury,Tottenham
2413,Richarlison,https://media.api-sports.io/football/players/2413.png,Missing Fixture,Injury,Tottenham
186,Son Heung-Min,https://media.api-sports.io/football/players/186.png,Missing Fixture,Injury,Tottenham
336564,W. Odobert,https://media.api-sports.io/football/players/336564.png,Missing Fixture,Thigh Injury,Tottenham
25391,N. Fullkrug,https://media.api-sports.io/football/players/25391.png,Missing Fixture,Achilles Tendon Injury,West Ham
104,Carlos Vinicius,https://media.api-sports.io/football/players/104.png,Missing Fixture,Calf Injury,Fulham
2920,T. Castagne,https://media.api-sports.io/football/players/2920.png,Missing Fixture,Thigh Injury,Fulham
131,J. Cuenca,https://media.api-sports.io/football/players/131.png,Missing Fixture,Ankle Injury,Fulham
2823,S. Lukic,https://media.api-sports.io/football/players/2823.png,Missing Fixture,Shoulder Injury,Fulham
766,R. Olsen,https://media.api-sports.io/football/players/766.png,Missing Fixture,Lacking Match Fitness,Aston Villa
19179,T. Mings,https://media.api-sports.io/football/players/19179.png,Questionable,Lacking Match Fitness,Aston Villa
20167,J. Donacien,https://media.api-sports.io/football/players/20167.png,Missing Fixture,Groin Injury,Ipswich
2752,M. Luongo,https://media.api-sports.io/football/players/2752.png,Missing Fixture,Ankle Injury,Ipswich
19182,A. Tuanzebe,https://media.api-sports.io/football/players/19182.png,Missing Fixture,Finger Injury,Ipswich
299813,A. Al-Hamadi,https://media.api-sports.io/football/players/299813.png,Questionable,Knock,Ipswich
15797,J. Cajuste,https://media.api-sports.io/football/players/15797.png,Questionable,Knee Injury,Ipswich
138822,A. Broja,https://media.api-sports.io/football/players/138822.png,Missing Fixture,Calf Injury,Everton
330412,Chermiti,https://media.api-sports.io/football/players/330412.png,Missing Fixture,Ankle Injury,Everton
895,J. Garner,https://media.api-sports.io/football/players/895.png,Missing Fixture,Lower Back Injury,Everton
284500,T. Iroegbunam,https://media.api-sports.io/football/players/284500.png,Missing Fixture,Ankle Injury,Everton
17661,J. Branthwaite,https://media.api-sports.io/football/players/17661.png,Questionable,Muscle Injury,Everton
2935,H. Maguire,https://media.api-sports.io/football/players/2935.png,Missing Fixture,Muscle Injury,Manchester United
284322,K. Mainoo,https://media.api-sports.io/football/players/284322.png,Missing Fixture,Muscle Injury,Manchester United
342970,L. Yoro,https://media.api-sports.io/football/players/342970.png,Missing Fixture,Ankle Injury,Manchester United
37145,T. Malacia,https://media.api-sports.io/football/players/37145.png,Questionable,Knee Injury,Manchester United
19220,M. Mount,https://media.api-sports.io/football/players/19220.png,Questionable,Head Injury,Manchester United
891,L. Shaw,https://media.api-sports.io/football/players/891.png,Questionable,Health problems,Manchester United
19362,J. Dasilva,https://media.api-sports.io/football/players/19362.png,Missing Fixture,Knee Injury,Brentford
427736,Gustavo Nunes,https://media.api-sports.io/football/players/427736.png,Missing Fixture,Back Injury,Brentford
19346,R. Henry,https://media.api-sports.io/football/players/19346.png,Missing Fixture,Knee Injury,Brentford
44871,A. Hickey,https://media.api-sports.io/football/players/44871.png,Missing Fixture,Thigh Injury,Brentford
196156,I. Thiago,https://media.api-sports.io/football/players/196156.png,Missing Fixture,Knee Injury,Brentford
47438,M. Jensen,https://media.api-sports.io/football/players/47438.png,Questionable,Knock,Brentford
38734,S. Botman,https://media.api-sports.io/football/players/38734.png,Missing Fixture,Knee Injury,Newcastle
18894,J. Lascelles,https://media.api-sports.io/football/players/18894.png,Missing Fixture,Knee Injury,Newcastle
169,K. Trippier,https://media.api-sports.io/football/players/169.png,Missing Fixture,Muscle Injury,Newcastle
2939,C. Wilson,https://media.api-sports.io/football/players/2939.png,Questionable,Back Injury,Newcastle
10329,Joao Pedro,https://media.api-sports.io/football/players/10329.png,Missing Fixture,Injury,Brighton
18973,S. March,https://media.api-sports.io/football/players/18973.png,Missing Fixture,Knee Injury,Brighton
296,J. Milner,https://media.api-sports.io/football/players/296.png,Missing Fixture,Thigh Injury,Brighton
19030,M. O'Riley,https://media.api-sports.io/football/players/19030.png,Missing Fixture,Ankle Injury,Brighton
19265,A. Webster,https://media.api-sports.io/football/players/19265.png,Missing Fixture,Muscle Injury,Brighton
105971,G. Bazunu,https://media.api-sports.io/football/players/105971.png,Missing Fixture,Achilles Tendon Injury,Southampton
18940,J. Stephens,https://media.api-sports.io/football/players/18940.png,Missing Fixture,Red Card,Southampton
45078,R. Stewart,https://media.api-sports.io/football/players/45078.png,Missing Fixture,Thigh Injury,Southampton
18779,H. Choudhury,https://media.api-sports.io/football/players/18779.png,Missing Fixture,Shoulder Injury,Leicester
1098,P. Daka,https://media.api-sports.io/football/players/1098.png,Missing Fixture,Ankle Injury,Leicester
405905,N. Opoku,https://media.api-sports.io/football/players/405905.png,Missing Fixture,Broken Leg,Leicester
152970,J. Stolarczyk,https://media.api-sports.io/football/players/152970.png,Missing Fixture,Ankle Injury,Leicester
912,Neto,https://media.api-sports.io/football/players/912.png,Missing Fixture,Loan agreement,Arsenal
37127,M. Odegaard,https://media.api-sports.io/football/players/37127.png,Missing Fixture,Ankle Injury,Arsenal
1117,K. Tierney,https://media.api-sports.io/football/players/1117.png,Missing Fixture,Muscle Injury,Arsenal
2597,T. Tomiyasu,https://media.api-sports.io/football/players/2597.png,Missing Fixture,Knee Injury,Arsenal
1460,B. Saka,https://media.api-sports.io/football/players/1460.png,Questionable,Muscle Injury,Arsenal
38746,J. Timber,https://media.api-sports.io/football/players/38746.png,Questionable,Muscle Injury,Arsenal
380653,L. Chiwome,https://media.api-sports.io/football/players/380653.png,Missing Fixture,Ankle Injury,Wolves
385726,E. Gonzalez,https://media.api-sports.io/football/players/385726.png,Missing Fixture,Knee Injury,Wolves
24888,Hwang Hee-Chan,https://media.api-sports.io/football/players/24888.png,Missing Fixture,Ankle Injury,Wolves
7722,S. Kalajdzic,https://media.api-sports.io/football/players/7722.png,Missing Fixture,Knee Injury,Wolves
195717,Y. Mosquera,https://media.api-sports.io/football/players/195717.png,Missing Fixture,Knee Injury,Wolves
157912,B. Traore,https://media.api-sports.io/football/players/157912.png,Missing Fixture,Knee Injury,Wolves
388777,B. Meupiyou,https://media.api-sports.io/football/players/388777.png,Questionable,Injury,Wolves
278133,O. Bobb,https://media.api-sports.io/football/players/278133.png,Missing Fixture,Leg Injury,Manchester City
629,K. De Bruyne,https://media.api-sports.io/football/players/629.png,Missing Fixture,Muscle Injury,Manchester City
44,Rodri,https://media.api-sports.io/football/players/44.png,Missing Fixture,Knee Injury,Manchester City
280,Alisson,https://media.api-sports.io/football/players/280.png,Missing Fixture,Hamstring Injury,Liverpool
19035,H. Elliott,https://media.api-sports.io/football/players/19035.png,Missing Fixture,Broken ankle,Liverpool
30410,F. Chiesa,https://media.api-sports.io/football/players/30410.png,Questionable,Injury,Liverpool
47380,M. Cucurella,https://media.api-sports.io/football/players/47380.png,Missing Fixture,Yellow Cards,Chelsea
22094,W. Fofana,https://media.api-sports.io/football/players/22094.png,Missing Fixture,Yellow Cards,Chelsea
329347,O. Kellyman,https://media.api-sports.io/football/players/329347.png,Missing Fixture,Muscle Injury,Chelsea
2933,B. Chilwell,https://media.api-sports.io/football/players/2933.png,Questionable,Illness,Chelsea
275170,Danilo,https://media.api-sports.io/football/players/275170.png,Missing Fixture,Ankle Injury,Nottingham Forest
18746,M. Gibbs-White,https://media.api-sports.io/football/players/18746.png,Missing Fixture,Suspended,Nottingham Forest
22149,I. Sangare,https://media.api-sports.io/football/players/22149.png,Missing Fixture,Lacking Match Fitness,Nottingham Forest
2938,J. Ward-Prowse,https://media.api-sports.io/football/players/2938.png,Missing Fixture,Red Card,Nottingham Forest
1440,R. Holding,https://media.api-sports.io/football/players/1440.png,Missing Fixture,Lacking Match Fitness,Crystal Palace
311157,Matheus Franca,https://media.api-sports.io/football/players/311157.png,Missing Fixture,Muscle Injury,Crystal Palace
278898,C. Riad,https://media.api-sports.io/football/players/278898.png,Missing Fixture,Knee Injury,Crystal Palace
126949,C. Richards,https://media.api-sports.io/football/players/126949.png,Missing Fixture,Thigh Injury,Crystal Palace
50999,M. Turner,https://media.api-sports.io/football/players/50999.png,Missing Fixture,Loan agreement,Crystal Palace
3339,C. Doucoure,https://media.api-sports.io/football/players/3339.png,Questionable,Ankle Injury,Crystal Palace
18779,H. Choudhury,https://media.api-sports.io/football/players/18779.png,Missing Fixture,Shoulder Injury,Leicester
1098,P. Daka,https://media.api-sports.io/football/players/1098.png,Missing Fixture,Ankle Injury,Leicester
405905,N. Opoku,https://media.api-sports.io/football/players/405905.png,Missing Fixture,Broken Leg,Leicester
152970,J. Stolarczyk,https://media.api-sports.io/football/players/152970.png,Missing Fixture,Ankle Injury,Leicester
18943,J. Vestergaard,https://media.api-sports.io/football/players/18943.png,Missing Fixture,Ankle Injury,Leicester
275170,Danilo,https://media.api-sports.io/football/players/275170.png,Missing Fixture,Ankle Injury,Nottingham Forest
22149,I. Sangare,https://media.api-sports.io/football/players/22149.png,Missing Fixture,Lacking Match Fitness,Nottingham Forest
18746,M. Gibbs-White,https://media.api-sports.io/football/players/18746.png,Questionable,Ankle Injury,Nottingham Forest
138931,J. Philogene,https://media.api-sports.io/football/players/138931.png,Missing Fixture,Red Card,Aston Villa
304853,A. Scott,https://media.api-sports.io/football/players/304853.png,Missing Fixture,Knee Injury,Bournemouth
37161,L. Sinisterra,https://media.api-sports.io/football/players/37161.png,Questionable,Injury,Bournemouth
19362,J. Dasilva,https://media.api-sports.io/football/players/19362.png,Missing Fixture,Knee Injury,Brentford
427736,Gustavo Nunes,https://media.api-sports.io/football/players/427736.png,Missing Fixture,Back Injury,Brentford
19346,R. Henry,https://media.api-sports.io/football/players/19346.png,Missing Fixture,Knee Injury,Brentford
44871,A. Hickey,https://media.api-sports.io/football/players/44871.png,Missing Fixture,Thigh Injury,Brentford
196156,I. Thiago,https://media.api-sports.io/football/players/196156.png,Missing Fixture,Knee Injury,Brentford
20167,J. Donacien,https://media.api-sports.io/football/players/20167.png,Missing Fixture,Groin Injury,Ipswich
127579,J. Greaves,https://media.api-sports.io/football/players/127579.png,Missing Fixture,Thigh Injury,Ipswich
2752,M. Luongo,https://media.api-sports.io/football/players/2752.png,Missing Fixture,Ankle Injury,Ipswich
19182,A. Tuanzebe,https://media.api-sports.io/football/players/19182.png,Missing Fixture,Finger Injury,Ipswich
18823,B. Johnson,https://media.api-sports.io/football/players/18823.png,Questionable,Thigh Injury,Ipswich
10329,Joao Pedro,https://media.api-sports.io/football/players/10329.png,Missing Fixture,Injury,Brighton
18973,S. March,https://media.api-sports.io/football/players/18973.png,Missing Fixture,Knee Injury,Brighton
296,J. Milner,https://media.api-sports.io/football/players/296.png,Missing Fixture,Thigh Injury,Brighton
19030,M. O'Riley,https://media.api-sports.io/football/players/19030.png,Missing Fixture,Ankle Injury,Brighton
19265,A. Webster,https://media.api-sports.io/football/players/19265.png,Missing Fixture,Muscle Injury,Brighton
383685,Y. Minteh,https://media.api-sports.io/football/players/383685.png,Questionable,Muscle Injury,Brighton
380653,L. Chiwome,https://media.api-sports.io/football/players/380653.png,Missing Fixture,Ankle Injury,Wolves
385726,E. Gonzalez,https://media.api-sports.io/football/players/385726.png,Missing Fixture,Knee Injury,Wolves
24888,Hwang Hee-Chan,https://media.api-sports.io/football/players/24888.png,Missing Fixture,Ankle Injury,Wolves
7722,S. Kalajdzic,https://media.api-sports.io/football/players/7722.png,Missing Fixture,Knee Injury,Wolves
195717,Y. Mosquera,https://media.api-sports.io/football/players/195717.png,Missing Fixture,Knee Injury,Wolves
157912,B. Traore,https://media.api-sports.io/football/players/157912.png,Missing Fixture,Knee Injury,Wolves
388777,B. Meupiyou,https://media.api-sports.io/football/players/388777.png,Questionable,Injury,Wolves
278133,O. Bobb,https://media.api-sports.io/football/players/278133.png,Missing Fixture,Leg Injury,Manchester City
629,K. De Bruyne,https://media.api-sports.io/football/players/629.png,Missing Fixture,Muscle Injury,Manchester City
1422,J. Doku,https://media.api-sports.io/football/players/1422.png,Missing Fixture,Injury,Manchester City
19187,J. Grealish,https://media.api-sports.io/football/players/19187.png,Missing Fixture,Injury,Manchester City
44,Rodri,https://media.api-sports.io/football/players/44.png,Missing Fixture,Knee Injury,Manchester City
627,K. Walker,https://media.api-sports.io/football/players/627.png,Missing Fixture,Illness,Manchester City
105971,G. Bazunu,https://media.api-sports.io/football/players/105971.png,Missing Fixture,Achilles Tendon Injury,Southampton
18873,R. Fraser,https://media.api-sports.io/football/players/18873.png,Missing Fixture,Red Card,Southampton
130421,W. Smallbone,https://media.api-sports.io/football/players/130421.png,Missing Fixture,Thigh Injury,Southampton
45078,R. Stewart,https://media.api-sports.io/football/players/45078.png,Missing Fixture,Thigh Injury,Southampton
138822,A. Broja,https://media.api-sports.io/football/players/138822.png,Missing Fixture,Calf Injury,Everton
330412,Chermiti,https://media.api-sports.io/football/players/330412.png,Missing Fixture,Ankle Injury,Everton
895,J. Garner,https://media.api-sports.io/football/players/895.png,Missing Fixture,Lower Back Injury,Everton
284500,T. Iroegbunam,https://media.api-sports.io/football/players/284500.png,Missing Fixture,Ankle Injury,Everton
2729,J. Andersen,https://media.api-sports.io/football/players/2729.png,Missing Fixture,Red Card,Fulham
2920,T. Castagne,https://media.api-sports.io/football/players/2920.png,Missing Fixture,Thigh Injury,Fulham
2823,S. Lukic,https://media.api-sports.io/football/players/2823.png,Missing Fixture,Shoulder Injury,Fulham
104,Carlos Vinicius,https://media.api-sports.io/football/players/104.png,Questionable,Calf Injury,Fulham
1440,R. Holding,https://media.api-sports.io/football/players/1440.png,Missing Fixture,Lacking Match Fitness,Crystal Palace
311157,Matheus Franca,https://media.api-sports.io/football/players/311157.png,Missing Fixture,Muscle Injury,Crystal Palace
278898,C. Riad,https://media.api-sports.io/football/players/278898.png,Missing Fixture,Knee Injury,Crystal Palace
126949,C. Richards,https://media.api-sports.io/football/players/126949.png,Missing Fixture,Thigh Injury,Crystal Palace
3339,C. Doucoure,https://media.api-sports.io/football/players/3339.png,Questionable,Ankle Injury,Crystal Palace
186,Son Heung-Min,https://media.api-sports.io/football/players/186.png,Questionable,Injury,Tottenham
19235,D. Spence,https://media.api-sports.io/football/players/19235.png,Questionable,Groin Injury,Tottenham
329347,O. Kellyman,https://media.api-sports.io/football/players/329347.png,Missing Fixture,Muscle Injury,Chelsea
38734,S. Botman,https://media.api-sports.io/football/players/38734.png,Missing Fixture,Knee Injury,Newcastle
18894,J. Lascelles,https://media.api-sports.io/football/players/18894.png,Missing Fixture,Knee Injury,Newcastle
169,K. Trippier,https://media.api-sports.io/football/players/169.png,Missing Fixture,Muscle Injury,Newcastle
2939,C. Wilson,https://media.api-sports.io/football/players/2939.png,Missing Fixture,Back Injury,Newcastle
18886,M. Dubravka,https://media.api-sports.io/football/players/18886.png,Questionable,Knee Injury,Newcastle
25391,N. Fullkrug,https://media.api-sports.io/football/players/25391.png,Missing Fixture,Achilles Tendon Injury,West Ham
15911,M. Kudus,https://media.api-sports.io/football/players/15911.png,Missing Fixture,Red Card,West Ham
9971,Antony,https://media.api-sports.io/football/players/9971.png,Missing Fixture,Ankle Injury,Manchester United
2935,H. Maguire,https://media.api-sports.io/football/players/2935.png,Missing Fixture,Muscle Injury,Manchester United
284322,K. Mainoo,https://media.api-sports.io/football/players/284322.png,Missing Fixture,Muscle Injury,Manchester United
342970,L. Yoro,https://media.api-sports.io/football/players/342970.png,Missing Fixture,Ankle Injury,Manchester United
37145,T. Malacia,https://media.api-sports.io/football/players/37145.png,Questionable,Knee Injury,Manchester United
19220,M. Mount,https://media.api-sports.io/football/players/19220.png,Questionable,Head Injury,Manchester United
891,L. Shaw,https://media.api-sports.io/football/players/891.png,Questionable,Health problems,Manchester United
157052,R. Calafiori,https://media.api-sports.io/football/players/157052.png,Missing Fixture,Knee Injury,Arsenal
37127,M. Odegaard,https://media.api-sports.io/football/players/37127.png,Missing Fixture,Ankle Injury,Arsenal
22090,W. Saliba,https://media.api-sports.io/football/players/22090.png,Missing Fixture,Red Card,Arsenal
1117,K. Tierney,https://media.api-sports.io/football/players/1117.png,Missing Fixture,Muscle Injury,Arsenal
2597,T. Tomiyasu,https://media.api-sports.io/football/players/2597.png,Missing Fixture,Knee Injury,Arsenal
280,Alisson,https://media.api-sports.io/football/players/280.png,Missing Fixture,Hamstring Injury,Liverpool
2678,Diogo Jota,https://media.api-sports.io/football/players/2678.png,Missing Fixture,Muscle Injury,Liverpool
19035,H. Elliott,https://media.api-sports.io/football/players/19035.png,Missing Fixture,Broken ankle,Liverpool
180317,C. Bradley,https://media.api-sports.io/football/players/180317.png,Questionable,Injury,Liverpool
30410,F. Chiesa,https://media.api-sports.io/football/players/30410.png,Questionable,Injury,Liverpool
38734,S. Botman,https://media.api-sports.io/football/players/38734.png,Missing Fixture,Knee Injury,Newcastle
18894,J. Lascelles,https://media.api-sports.io/football/players/18894.png,Missing Fixture,Knee Injury,Newcastle
169,K. Trippier,https://media.api-sports.io/football/players/169.png,Missing Fixture,Muscle Injury,Newcastle
2939,C. Wilson,https://media.api-sports.io/football/players/2939.png,Missing Fixture,Back Injury,Newcastle
19163,J. Murphy,https://media.api-sports.io/football/players/19163.png,Questionable,Thigh Injury,Newcastle
157052,R. Calafiori,https://media.api-sports.io/football/players/157052.png,Missing Fixture,Knee Injury,Arsenal
1117,K. Tierney,https://media.api-sports.io/football/players/1117.png,Missing Fixture,Muscle Injury,Arsenal
2597,T. Tomiyasu,https://media.api-sports.io/football/players/2597.png,Missing Fixture,Knee Injury,Arsenal
37127,M. Odegaard,https://media.api-sports.io/football/players/37127.png,Questionable,Ankle Injury,Arsenal
2273,K. Arrizabalaga,https://media.api-sports.io/football/players/2273.png,Missing Fixture,Groin Injury,Bournemouth
304853,A. Scott,https://media.api-sports.io/football/players/304853.png,Missing Fixture,Knee Injury,Bournemouth
37161,L. Sinisterra,https://media.api-sports.io/football/players/37161.png,Missing Fixture,Injury,Bournemouth
284797,D. Ouattara,https://media.api-sports.io/football/players/284797.png,Questionable,Injury,Bournemouth
278133,O. Bobb,https://media.api-sports.io/football/players/278133.png,Missing Fixture,Leg Injury,Manchester City
19187,J. Grealish,https://media.api-sports.io/football/players/19187.png,Missing Fixture,Injury,Manchester City
44,Rodri,https://media.api-sports.io/football/players/44.png,Missing Fixture,Knee Injury,Manchester City
138836,H. Clarke,https://media.api-sports.io/football/players/138836.png,Missing Fixture,Red Card,Ipswich
20167,J. Donacien,https://media.api-sports.io/football/players/20167.png,Missing Fixture,Groin Injury,Ipswich
127579,J. Greaves,https://media.api-sports.io/football/players/127579.png,Missing Fixture,Thigh Injury,Ipswich
19365,C. Ogbene,https://media.api-sports.io/football/players/19365.png,Missing Fixture,Calf Injury,Ipswich
18397,J. Taylor,https://media.api-sports.io/football/players/18397.png,Missing Fixture,Injury,Ipswich
19182,A. Tuanzebe,https://media.api-sports.io/football/players/19182.png,Missing Fixture,Finger Injury,Ipswich
1098,P. Daka,https://media.api-sports.io/football/players/1098.png,Missing Fixture,Ankle Injury,Leicester
405905,N. Opoku,https://media.api-sports.io/football/players/405905.png,Missing Fixture,Broken Leg,Leicester
152970,J. Stolarczyk,https://media.api-sports.io/football/players/152970.png,Missing Fixture,Ankle Injury,Leicester
18779,H. Choudhury,https://media.api-sports.io/football/players/18779.png,Questionable,Shoulder Injury,Leicester
280,Alisson,https://media.api-sports.io/football/players/280.png,Missing Fixture,Hamstring Injury,Liverpool
30410,F. Chiesa,https://media.api-sports.io/football/players/30410.png,Missing Fixture,Muscle Injury,Liverpool
2678,Diogo Jota,https://media.api-sports.io/football/players/2678.png,Missing Fixture,Chest Injury,Liverpool
19035,H. Elliott,https://media.api-sports.io/football/players/19035.png,Missing Fixture,Broken ankle,Liverpool
18973,S. March,https://media.api-sports.io/football/players/18973.png,Missing Fixture,Knee Injury,Brighton
296,J. Milner,https://media.api-sports.io/football/players/296.png,Missing Fixture,Thigh Injury,Brighton
19265,A. Webster,https://media.api-sports.io/football/players/19265.png,Missing Fixture,Muscle Injury,Brighton
18963,L. Dunk,https://media.api-sports.io/football/players/18963.png,Questionable,Calf Injury,Brighton
10329,Joao Pedro,https://media.api-sports.io/football/players/10329.png,Questionable,Injury,Brighton
383685,Y. Minteh,https://media.api-sports.io/football/players/383685.png,Questionable,Muscle Injury,Brighton
19030,M. O'Riley,https://media.api-sports.io/football/players/19030.png,Questionable,Ankle Injury,Brighton
275170,Danilo,https://media.api-sports.io/football/players/275170.png,Missing Fixture,Ankle Injury,Nottingham Forest
22149,I. Sangare,https://media.api-sports.io/football/players/22149.png,Missing Fixture,Lacking Match Fitness,Nottingham Forest
2938,J. Ward-Prowse,https://media.api-sports.io/football/players/2938.png,Missing Fixture,Loan agreement,Nottingham Forest
25391,N. Fullkrug,https://media.api-sports.io/football/players/25391.png,Missing Fixture,Achilles Tendon Injury,West Ham
15911,M. Kudus,https://media.api-sports.io/football/players/15911.png,Missing Fixture,Red Card,West Ham
1243,T. Soucek,https://media.api-sports.io/football/players/1243.png,Missing Fixture,Illness,West Ham
105971,G. Bazunu,https://media.api-sports.io/football/players/105971.png,Missing Fixture,Achilles Tendon Injury,Southampton
130421,W. Smallbone,https://media.api-sports.io/football/players/130421.png,Missing Fixture,Thigh Injury,Southampton
45078,R. Stewart,https://media.api-sports.io/football/players/45078.png,Missing Fixture,Thigh Injury,Southampton
18873,R. Fraser,https://media.api-sports.io/football/players/18873.png,Questionable,Injury,Southampton
138822,A. Broja,https://media.api-sports.io/football/players/138822.png,Missing Fixture,Calf Injury,Everton
330412,Chermiti,https://media.api-sports.io/football/players/330412.png,Missing Fixture,Ankle Injury,Everton
895,J. Garner,https://media.api-sports.io/football/players/895.png,Missing Fixture,Lower Back Injury,Everton
284500,T. Iroegbunam,https://media.api-sports.io/football/players/284500.png,Missing Fixture,Ankle Injury,Everton
380653,L. Chiwome,https://media.api-sports.io/football/players/380653.png,Missing Fixture,Ankle Injury,Wolves
385726,E. Gonzalez,https://media.api-sports.io/football/players/385726.png,Missing Fixture,Knee Injury,Wolves
24888,Hwang Hee-Chan,https://media.api-sports.io/football/players/24888.png,Missing Fixture,Ankle Injury,Wolves
7722,S. Kalajdzic,https://media.api-sports.io/football/players/7722.png,Missing Fixture,Knee Injury,Wolves
195717,Y. Mosquera,https://media.api-sports.io/football/players/195717.png,Missing Fixture,Knee Injury,Wolves
157912,B. Traore,https://media.api-sports.io/football/players/157912.png,Missing Fixture,Knee Injury,Wolves
388777,B. Meupiyou,https://media.api-sports.io/football/players/388777.png,Questionable,Injury,Wolves
19586,E. Eze,https://media.api-sports.io/football/players/19586.png,Missing Fixture,Thigh Injury,Crystal Palace
1440,R. Holding,https://media.api-sports.io/football/players/1440.png,Missing Fixture,Lacking Match Fitness,Crystal Palace
2490,J. Lerma,https://media.api-sports.io/football/players/2490.png,Missing Fixture,Thigh Injury,Crystal Palace
311157,Matheus Franca,https://media.api-sports.io/football/players/311157.png,Missing Fixture,Muscle Injury,Crystal Palace
278898,C. Riad,https://media.api-sports.io/football/players/278898.png,Missing Fixture,Knee Injury,Crystal Palace
126949,C. Richards,https://media.api-sports.io/football/players/126949.png,Missing Fixture,Thigh Injury,Crystal Palace
18847,J. Ward,https://media.api-sports.io/football/players/18847.png,Missing Fixture,Injury,Crystal Palace
288102,A. Wharton,https://media.api-sports.io/football/players/288102.png,Missing Fixture,Groin Injury,Crystal Palace
336564,W. Odobert,https://media.api-sports.io/football/players/336564.png,Missing Fixture,Thigh Injury,Tottenham
152849,M. van de Ven,https://media.api-sports.io/football/players/152849.png,Missing Fixture,Thigh Injury,Tottenham
19235,D. Spence,https://media.api-sports.io/football/players/19235.png,Questionable,Groin Injury,Tottenham
2287,R. Barkley,https://media.api-sports.io/football/players/2287.png,Missing Fixture,Injury,Aston Villa
9971,Antony,https://media.api-sports.io/football/players/9971.png,Missing Fixture,Ankle Injury,Manchester United
2935,H. Maguire,https://media.api-sports.io/football/players/2935.png,Missing Fixture,Muscle Injury,Manchester United
284322,K. Mainoo,https://media.api-sports.io/football/players/284322.png,Missing Fixture,Muscle Injury,Manchester United
891,L. Shaw,https://media.api-sports.io/football/players/891.png,Missing Fixture,Health problems,Manchester United
342970,L. Yoro,https://media.api-sports.io/football/players/342970.png,Missing Fixture,Ankle Injury,Manchester United
37145,T. Malacia,https://media.api-sports.io/football/players/37145.png,Questionable,Knee Injury,Manchester United
19220,M. Mount,https://media.api-sports.io/football/players/19220.png,Questionable,Head Injury,Manchester United
329347,O. Kellyman,https://media.api-sports.io/football/players/329347.png,Missing Fixture,Muscle Injury,Chelsea
18,J. Sancho,https://media.api-sports.io/football/players/18.png,Missing Fixture,Illness,Chelsea
2823,S. Lukic,https://media.api-sports.io/football/players/2823.png,Missing Fixture,Shoulder Injury,Fulham
104,Carlos Vinicius,https://media.api-sports.io/football/players/104.png,Questionable,Calf Injury,Fulham
19362,J. Dasilva,https://media.api-sports.io/football/players/19362.png,Missing Fixture,Knee Injury,Brentford
427736,Gustavo Nunes,https://media.api-sports.io/football/players/427736.png,Missing Fixture,Back Injury,Brentford
19346,R. Henry,https://media.api-sports.io/football/players/19346.png,Missing Fixture,Knee Injury,Brentford
44871,A. Hickey,https://media.api-sports.io/football/players/44871.png,Missing Fixture,Thigh Injury,Brentford
196156,I. Thiago,https://media.api-sports.io/football/players/196156.png,Missing Fixture,Knee Injury,Brentford
1119,K. Ajer,https://media.api-sports.io/football/players/1119.png,Missing Fixture,Foot Injury,Brentford
19362,J. Dasilva,https://media.api-sports.io/football/players/19362.png,Missing Fixture,Knee Injury,Brentford
19346,R. Henry,https://media.api-sports.io/football/players/19346.png,Missing Fixture,Knee Injury,Brentford
44871,A. Hickey,https://media.api-sports.io/football/players/44871.png,Missing Fixture,Thigh Injury,Brentford
196156,I. Thiago,https://media.api-sports.io/football/players/196156.png,Missing Fixture,Knee Injury,Brentford
284797,D. Ouattara,https://media.api-sports.io/football/players/284797.png,Missing Fixture,Injury,Bournemouth
304853,A. Scott,https://media.api-sports.io/football/players/304853.png,Missing Fixture,Knee Injury,Bournemouth
37161,L. Sinisterra,https://media.api-sports.io/football/players/37161.png,Missing Fixture,Injury,Bournemouth
19586,E. Eze,https://media.api-sports.io/football/players/19586.png,Missing Fixture,Thigh Injury,Crystal Palace
1440,R. Holding,https://media.api-sports.io/football/players/1440.png,Missing Fixture,Lacking Match Fitness,Crystal Palace
18806,W. Hughes,https://media.api-sports.io/football/players/18806.png,Missing Fixture,Yellow Cards,Crystal Palace
2490,J. Lerma,https://media.api-sports.io/football/players/2490.png,Missing Fixture,Thigh Injury,Crystal Palace
311157,Matheus Franca,https://media.api-sports.io/football/players/311157.png,Missing Fixture,Muscle Injury,Crystal Palace
1468,E. Nketiah,https://media.api-sports.io/football/players/1468.png,Missing Fixture,Thigh Injury,Crystal Palace
278898,C. Riad,https://media.api-sports.io/football/players/278898.png,Missing Fixture,Knee Injury,Crystal Palace
288102,A. Wharton,https://media.api-sports.io/football/players/288102.png,Missing Fixture,Groin Injury,Crystal Palace
2823,S. Lukic,https://media.api-sports.io/football/players/2823.png,Missing Fixture,Shoulder Injury,Fulham
2869,E. Alvarez,https://media.api-sports.io/football/players/2869.png,Missing Fixture,Red Card,West Ham
25391,N. Fullkrug,https://media.api-sports.io/football/players/25391.png,Missing Fixture,Achilles Tendon Injury,West Ham
15911,M. Kudus,https://media.api-sports.io/football/players/15911.png,Missing Fixture,Red Card,West Ham
138822,A. Broja,https://media.api-sports.io/football/players/138822.png,Missing Fixture,Calf Injury,Everton
330412,Chermiti,https://media.api-sports.io/football/players/330412.png,Missing Fixture,Ankle Injury,Everton
895,J. Garner,https://media.api-sports.io/football/players/895.png,Missing Fixture,Lower Back Injury,Everton
284500,T. Iroegbunam,https://media.api-sports.io/football/players/284500.png,Missing Fixture,Ankle Injury,Everton
18758,S. Coleman,https://media.api-sports.io/football/players/18758.png,Questionable,Thigh Injury,Everton
18929,D. McNeil,https://media.api-sports.io/football/players/18929.png,Questionable,Knee Injury,Everton
380653,L. Chiwome,https://media.api-sports.io/football/players/380653.png,Missing Fixture,Ankle Injury,Wolves
385726,E. Gonzalez,https://media.api-sports.io/football/players/385726.png,Missing Fixture,Knee Injury,Wolves
7722,S. Kalajdzic,https://media.api-sports.io/football/players/7722.png,Missing Fixture,Knee Injury,Wolves
195717,Y. Mosquera,https://media.api-sports.io/football/players/195717.png,Missing Fixture,Knee Injury,Wolves
157912,B. Traore,https://media.api-sports.io/football/players/157912.png,Missing Fixture,Knee Injury,Wolves
388777,B. Meupiyou,https://media.api-sports.io/football/players/388777.png,Questionable,Injury,Wolves
105971,G. Bazunu,https://media.api-sports.io/football/players/105971.png,Missing Fixture,Achilles Tendon Injury,Southampton
130421,W. Smallbone,https://media.api-sports.io/football/players/130421.png,Missing Fixture,Thigh Injury,Southampton
45078,R. Stewart,https://media.api-sports.io/football/players/45078.png,Missing Fixture,Thigh Injury,Southampton
18873,R. Fraser,https://media.api-sports.io/football/players/18873.png,Questionable,Injury,Southampton
18973,S. March,https://media.api-sports.io/football/players/18973.png,Missing Fixture,Knee Injury,Brighton
296,J. Milner,https://media.api-sports.io/football/players/296.png,Missing Fixture,Thigh Injury,Brighton
19265,A. Webster,https://media.api-sports.io/football/players/19265.png,Missing Fixture,Muscle Injury,Brighton
18963,L. Dunk,https://media.api-sports.io/football/players/18963.png,Questionable,Calf Injury,Brighton
383685,Y. Minteh,https://media.api-sports.io/football/players/383685.png,Questionable,Muscle Injury,Brighton
278133,O. Bobb,https://media.api-sports.io/football/players/278133.png,Missing Fixture,Leg Injury,Manchester City
567,R. Dias,https://media.api-sports.io/football/players/567.png,Missing Fixture,Injury,Manchester City
19187,J. Grealish,https://media.api-sports.io/football/players/19187.png,Missing Fixture,Injury,Manchester City
44,Rodri,https://media.api-sports.io/football/players/44.png,Missing Fixture,Knee Injury,Manchester City
626,J. Stones,https://media.api-sports.io/football/players/626.png,Missing Fixture,Ankle Injury,Manchester City
280,Alisson,https://media.api-sports.io/football/players/280.png,Missing Fixture,Hamstring Injury,Liverpool
30410,F. Chiesa,https://media.api-sports.io/football/players/30410.png,Missing Fixture,Muscle Injury,Liverpool
2678,Diogo Jota,https://media.api-sports.io/football/players/2678.png,Missing Fixture,Chest Injury,Liverpool
19035,H. Elliott,https://media.api-sports.io/football/players/19035.png,Missing Fixture,Broken ankle,Liverpool
2287,R. Barkley,https://media.api-sports.io/football/players/2287.png,Missing Fixture,Muscle Injury,Aston Villa
19298,M. Cash,https://media.api-sports.io/football/players/19298.png,Missing Fixture,Calf Injury,Aston Villa
2935,H. Maguire,https://media.api-sports.io/football/players/2935.png,Missing Fixture,Muscle Injury,Manchester United
284322,K. Mainoo,https://media.api-sports.io/football/players/284322.png,Missing Fixture,Muscle Injury,Manchester United
37145,T. Malacia,https://media.api-sports.io/football/players/37145.png,Missing Fixture,Knee Injury,Manchester United
891,L. Shaw,https://media.api-sports.io/football/players/891.png,Missing Fixture,Health problems,Manchester United
342970,L. Yoro,https://media.api-sports.io/football/players/342970.png,Missing Fixture,Ankle Injury,Manchester United
405905,N. Opoku,https://media.api-sports.io/football/players/405905.png,Missing Fixture,Broken Leg,Leicester
152970,J. Stolarczyk,https://media.api-sports.io/football/players/152970.png,Missing Fixture,Ankle Injury,Leicester
1098,P. Daka,https://media.api-sports.io/football/players/1098.png,Questionable,Ankle Injury,Leicester
19004,B. De Cordova-Reid,https://media.api-sports.io/football/players/19004.png,Questionable,Calf Injury,Leicester
275170,Danilo,https://media.api-sports.io/football/players/275170.png,Missing Fixture,Ankle Injury,Nottingham Forest
22149,I. Sangare,https://media.api-sports.io/football/players/22149.png,Missing Fixture,Lacking Match Fitness,Nottingham Forest
38734,S. Botman,https://media.api-sports.io/football/players/38734.png,Missing Fixture,Knee Injury,Newcastle
18894,J. Lascelles,https://media.api-sports.io/football/players/18894.png,Missing Fixture,Knee Injury,Newcastle
2939,C. Wilson,https://media.api-sports.io/football/players/2939.png,Missing Fixture,Back Injury,Newcastle
380690,M. Moore,https://media.api-sports.io/football/players/380690.png,Missing Fixture,Illness,Tottenham
336564,W. Odobert,https://media.api-sports.io/football/players/336564.png,Missing Fixture,Thigh Injury,Tottenham
2413,Richarlison,https://media.api-sports.io/football/players/2413.png,Missing Fixture,Thigh Injury,Tottenham
152849,M. van de Ven,https://media.api-sports.io/football/players/152849.png,Missing Fixture,Thigh Injury,Tottenham
20167,J. Donacien,https://media.api-sports.io/football/players/20167.png,Missing Fixture,Groin Injury,Ipswich
127579,J. Greaves,https://media.api-sports.io/football/players/127579.png,Missing Fixture,Thigh Injury,Ipswich
19365,C. Ogbene,https://media.api-sports.io/football/players/19365.png,Missing Fixture,Calf Injury,Ipswich
18397,J. Taylor,https://media.api-sports.io/football/players/18397.png,Missing Fixture,Injury,Ipswich
329347,O. Kellyman,https://media.api-sports.io/football/players/329347.png,Missing Fixture,Muscle Injury,Chelsea
18,J. Sancho,https://media.api-sports.io/football/players/18.png,Questionable,Illness,Chelsea
157052,R. Calafiori,https://media.api-sports.io/football/players/157052.png,Missing Fixture,Knee Injury,Arsenal
645,R. Sterling,https://media.api-sports.io/football/players/645.png,Missing Fixture,Loan agreement,Arsenal
1117,K. Tierney,https://media.api-sports.io/football/players/1117.png,Missing Fixture,Muscle Injury,Arsenal
2597,T. Tomiyasu,https://media.api-sports.io/football/players/2597.png,Missing Fixture,Knee Injury,Arsenal
311334,F. Buonanotte,https://media.api-sports.io/football/players/311334.png,Missing Fixture,Yellow Cards,Leicester
303467,I. Fatawu,https://media.api-sports.io/football/players/303467.png,Missing Fixture,Knee Injury,Leicester
405905,N. Opoku,https://media.api-sports.io/football/players/405905.png,Missing Fixture,Broken Leg,Leicester
18771,R. Pereira,https://media.api-sports.io/football/players/18771.png,Missing Fixture,Thigh Injury,Leicester
152970,J. Stolarczyk,https://media.api-sports.io/football/players/152970.png,Missing Fixture,Ankle Injury,Leicester
19545,R. James,https://media.api-sports.io/football/players/19545.png,Missing Fixture,Thigh Injury,Chelsea
329347,O. Kellyman,https://media.api-sports.io/football/players/329347.png,Missing Fixture,Muscle Injury,Chelsea
1117,K. Tierney,https://media.api-sports.io/football/players/1117.png,Missing Fixture,Muscle Injury,Arsenal
2597,T. Tomiyasu,https://media.api-sports.io/football/players/2597.png,Missing Fixture,Knee Injury,Arsenal
19959,B. White,https://media.api-sports.io/football/players/19959.png,Missing Fixture,Knee Injury,Arsenal
275170,Danilo,https://media.api-sports.io/football/players/275170.png,Missing Fixture,Ankle Injury,Nottingham Forest
22149,I. Sangare,https://media.api-sports.io/football/players/22149.png,Missing Fixture,Foot Injury,Nottingham Forest
138908,E. Anderson,https://media.api-sports.io/football/players/138908.png,Questionable,Ankle Injury,Nottingham Forest
1904,B. Kamara,https://media.api-sports.io/football/players/1904.png,Missing Fixture,Muscle Injury,Aston Villa
19354,E. Konsa,https://media.api-sports.io/football/players/19354.png,Missing Fixture,Hip Injury,Aston Villa
162714,A. Onana,https://media.api-sports.io/football/players/162714.png,Missing Fixture,Foot Injury,Aston Villa
19192,J. Ramsey,https://media.api-sports.io/football/players/19192.png,Missing Fixture,Hamstring Injury,Aston Villa
1440,R. Holding,https://media.api-sports.io/football/players/1440.png,Missing Fixture,Lacking Match Fitness,Crystal Palace
2601,D. Kamada,https://media.api-sports.io/football/players/2601.png,Missing Fixture,Red Card,Crystal Palace
311157,Matheus Franca,https://media.api-sports.io/football/players/311157.png,Missing Fixture,Muscle Injury,Crystal Palace
1468,E. Nketiah,https://media.api-sports.io/football/players/1468.png,Missing Fixture,Thigh Injury,Crystal Palace
278898,C. Riad,https://media.api-sports.io/football/players/278898.png,Missing Fixture,Knee Injury,Crystal Palace
288102,A. Wharton,https://media.api-sports.io/football/players/288102.png,Missing Fixture,Groin Injury,Crystal Palace
19586,E. Eze,https://media.api-sports.io/football/players/19586.png,Questionable,Thigh Injury,Crystal Palace
51051,J. Araujo,https://media.api-sports.io/football/players/51051.png,Missing Fixture,Thigh Injury,Bournemouth
1125,R. Christie,https://media.api-sports.io/football/players/1125.png,Missing Fixture,Yellow Cards,Bournemouth
304853,A. Scott,https://media.api-sports.io/football/players/304853.png,Missing Fixture,Knee Injury,Bournemouth
37161,L. Sinisterra,https://media.api-sports.io/football/players/37161.png,Missing Fixture,Injury,Bournemouth
18973,S. March,https://media.api-sports.io/football/players/18973.png,Missing Fixture,Knee Injury,Brighton
296,J. Milner,https://media.api-sports.io/football/players/296.png,Missing Fixture,Thigh Injury,Brighton
18963,L. Dunk,https://media.api-sports.io/football/players/18963.png,Questionable,Calf Injury,Brighton
305730,J. Hinshelwood,https://media.api-sports.io/football/players/305730.png,Questionable,Knee Injury,Brighton
1361,F. Kadioglu,https://media.api-sports.io/football/players/1361.png,Questionable,Toe Injury,Brighton
138815,T. Lamptey,https://media.api-sports.io/football/players/138815.png,Questionable,Calf Injury,Brighton
19265,A. Webster,https://media.api-sports.io/football/players/19265.png,Questionable,Muscle Injury,Brighton
138822,A. Broja,https://media.api-sports.io/football/players/138822.png,Missing Fixture,Calf Injury,Everton
330412,Chermiti,https://media.api-sports.io/football/players/330412.png,Missing Fixture,Ankle Injury,Everton
18758,S. Coleman,https://media.api-sports.io/football/players/18758.png,Missing Fixture,Thigh Injury,Everton
895,J. Garner,https://media.api-sports.io/football/players/895.png,Missing Fixture,Lower Back Injury,Everton
284500,T. Iroegbunam,https://media.api-sports.io/football/players/284500.png,Missing Fixture,Ankle Injury,Everton
1119,K. Ajer,https://media.api-sports.io/football/players/1119.png,Missing Fixture,Foot Injury,Brentford
19362,J. Dasilva,https://media.api-sports.io/football/players/19362.png,Missing Fixture,Knee Injury,Brentford
19346,R. Henry,https://media.api-sports.io/football/players/19346.png,Missing Fixture,Knee Injury,Brentford
44871,A. Hickey,https://media.api-sports.io/football/players/44871.png,Missing Fixture,Thigh Injury,Brentford
19480,H. Reed,https://media.api-sports.io/football/players/19480.png,Missing Fixture,Knee Injury,Fulham
380653,L. Chiwome,https://media.api-sports.io/football/players/380653.png,Missing Fixture,Ankle Injury,Wolves
385726,E. Gonzalez,https://media.api-sports.io/football/players/385726.png,Missing Fixture,Knee Injury,Wolves
7722,S. Kalajdzic,https://media.api-sports.io/football/players/7722.png,Missing Fixture,Knee Injury,Wolves
388777,B. Meupiyou,https://media.api-sports.io/football/players/388777.png,Missing Fixture,Injury,Wolves
195717,Y. Mosquera,https://media.api-sports.io/football/players/195717.png,Missing Fixture,Knee Injury,Wolves
157912,B. Traore,https://media.api-sports.io/football/players/157912.png,Missing Fixture,Knee Injury,Wolves
449245,Pedro Lima,https://media.api-sports.io/football/players/449245.png,Questionable,Ankle Injury,Wolves
278133,O. Bobb,https://media.api-sports.io/football/players/278133.png,Missing Fixture,Leg Injury,Manchester City
567,R. Dias,https://media.api-sports.io/football/players/567.png,Missing Fixture,Injury,Manchester City
2291,M. Kovacic,https://media.api-sports.io/football/players/2291.png,Missing Fixture,Injury,Manchester City
44,Rodri,https://media.api-sports.io/football/players/44.png,Missing Fixture,Knee Injury,Manchester City
1422,J. Doku,https://media.api-sports.io/football/players/1422.png,Questionable,Muscle Injury,Manchester City
863,R. Bentancur,https://media.api-sports.io/football/players/863.png,Missing Fixture,Suspended,Tottenham
380690,M. Moore,https://media.api-sports.io/football/players/380690.png,Missing Fixture,Illness,Tottenham
336564,W. Odobert,https://media.api-sports.io/football/players/336564.png,Missing Fixture,Thigh Injury,Tottenham
2413,Richarlison,https://media.api-sports.io/football/players/2413.png,Missing Fixture,Thigh Injury,Tottenham
30776,C. Romero,https://media.api-sports.io/football/players/30776.png,Missing Fixture,Ankle Injury,Tottenham
152849,M. van de Ven,https://media.api-sports.io/football/players/152849.png,Missing Fixture,Thigh Injury,Tottenham
105971,G. Bazunu,https://media.api-sports.io/football/players/105971.png,Missing Fixture,Achilles Tendon Injury,Southampton
2999,J. Bednarek,https://media.api-sports.io/football/players/2999.png,Missing Fixture,Knee Injury,Southampton
20355,A. Ramsdale,https://media.api-sports.io/football/players/20355.png,Missing Fixture,Finger Injury,Southampton
130421,W. Smallbone,https://media.api-sports.io/football/players/130421.png,Missing Fixture,Thigh Injury,Southampton
45078,R. Stewart,https://media.api-sports.io/football/players/45078.png,Missing Fixture,Thigh Injury,Southampton
283,T. Alexander-Arnold,https://media.api-sports.io/football/players/283.png,Missing Fixture,Thigh Injury,Liverpool
280,Alisson,https://media.api-sports.io/football/players/280.png,Missing Fixture,Hamstring Injury,Liverpool
30410,F. Chiesa,https://media.api-sports.io/football/players/30410.png,Missing Fixture,Muscle Injury,Liverpool
2678,Diogo Jota,https://media.api-sports.io/football/players/2678.png,Missing Fixture,Chest Injury,Liverpool
20167,J. Donacien,https://media.api-sports.io/football/players/20167.png,Missing Fixture,Groin Injury,Ipswich
8794,G. Hirst,https://media.api-sports.io/football/players/8794.png,Missing Fixture,Knee Injury,Ipswich
19365,C. Ogbene,https://media.api-sports.io/football/players/19365.png,Missing Fixture,Calf Injury,Ipswich
126791,N. Broadhead,https://media.api-sports.io/football/players/126791.png,Questionable,Groin Injury,Ipswich
127579,J. Greaves,https://media.api-sports.io/football/players/127579.png,Questionable,Thigh Injury,Ipswich
19130,K. Phillips,https://media.api-sports.io/football/players/19130.png,Questionable,Injury,Ipswich
889,V. Lindelof,https://media.api-sports.io/football/players/889.png,Missing Fixture,Muscle Injury,Manchester United
2935,H. Maguire,https://media.api-sports.io/football/players/2935.png,Missing Fixture,Muscle Injury,Manchester United
342970,L. Yoro,https://media.api-sports.io/football/players/342970.png,Missing Fixture,Ankle Injury,Manchester United
2467,L. Martinez,https://media.api-sports.io/football/players/2467.png,Questionable,Back Injury,Manchester United
38734,S. Botman,https://media.api-sports.io/football/players/38734.png,Missing Fixture,Knee Injury,Newcastle
18961,D. Burn,https://media.api-sports.io/football/players/18961.png,Missing Fixture,Yellow Cards,Newcastle
2855,E. Krafth,https://media.api-sports.io/football/players/2855.png,Missing Fixture,Shoulder Injury,Newcastle
18894,J. Lascelles,https://media.api-sports.io/football/players/18894.png,Missing Fixture,Knee Injury,Newcastle
25391,N. Fullkrug,https://media.api-sports.io/football/players/25391.png,Missing Fixture,Achilles Tendon Injury,West Ham
15911,M. Kudus,https://media.api-sports.io/football/players/15911.png,Missing Fixture,Red Card,West Ham
356041,C. Baleba,https://media.api-sports.io/football/players/356041.png,Missing Fixture,Red Card,Brighton
18973,S. March,https://media.api-sports.io/football/players/18973.png,Missing Fixture,Knee Injury,Brighton
296,J. Milner,https://media.api-sports.io/football/players/296.png,Missing Fixture,Thigh Injury,Brighton
19265,A. Webster,https://media.api-sports.io/football/players/19265.png,Missing Fixture,Muscle Injury,Brighton
305730,J. Hinshelwood,https://media.api-sports.io/football/players/305730.png,Questionable,Knee Injury,Brighton
1361,F. Kadioglu,https://media.api-sports.io/football/players/1361.png,Questionable,Toe Injury,Brighton
105971,G. Bazunu,https://media.api-sports.io/football/players/105971.png,Missing Fixture,Achilles Tendon Injury,Southampton
2999,J. Bednarek,https://media.api-sports.io/football/players/2999.png,Missing Fixture,Knee Injury,Southampton
295,A. Lallana,https://media.api-sports.io/football/players/295.png,Missing Fixture,Thigh Injury,Southampton
20355,A. Ramsdale,https://media.api-sports.io/football/players/20355.png,Missing Fixture,Finger Injury,Southampton
130421,W. Smallbone,https://media.api-sports.io/football/players/130421.png,Missing Fixture,Thigh Injury,Southampton
45078,R. Stewart,https://media.api-sports.io/football/players/45078.png,Missing Fixture,Thigh Injury,Southampton
15812,P. Onuachu,https://media.api-sports.io/football/players/15812.png,Questionable,Injury,Southampton
1119,K. Ajer,https://media.api-sports.io/football/players/1119.png,Missing Fixture,Foot Injury,Brentford
19362,J. Dasilva,https://media.api-sports.io/football/players/19362.png,Missing Fixture,Knee Injury,Brentford
19346,R. Henry,https://media.api-sports.io/football/players/19346.png,Missing Fixture,Knee Injury,Brentford
44871,A. Hickey,https://media.api-sports.io/football/players/44871.png,Missing Fixture,Thigh Injury,Brentford
303467,I. Fatawu,https://media.api-sports.io/football/players/303467.png,Missing Fixture,Knee Injury,Leicester
405905,N. Opoku,https://media.api-sports.io/football/players/405905.png,Missing Fixture,Broken Leg,Leicester
18771,R. Pereira,https://media.api-sports.io/football/players/18771.png,Missing Fixture,Thigh Injury,Leicester
152970,J. Stolarczyk,https://media.api-sports.io/football/players/152970.png,Missing Fixture,Ankle Injury,Leicester
182,H. Winks,https://media.api-sports.io/football/players/182.png,Missing Fixture,Muscle Injury,Leicester
1440,R. Holding,https://media.api-sports.io/football/players/1440.png,Missing Fixture,Lacking Match Fitness,Crystal Palace
2601,D. Kamada,https://media.api-sports.io/football/players/2601.png,Missing Fixture,Red Card,Crystal Palace
311157,Matheus Franca,https://media.api-sports.io/football/players/311157.png,Missing Fixture,Muscle Injury,Crystal Palace
278898,C. Riad,https://media.api-sports.io/football/players/278898.png,Missing Fixture,Knee Injury,Crystal Palace
288102,A. Wharton,https://media.api-sports.io/football/players/288102.png,Missing Fixture,Groin Injury,Crystal Palace
38734,S. Botman,https://media.api-sports.io/football/players/38734.png,Missing Fixture,Knee Injury,Newcastle
2855,E. Krafth,https://media.api-sports.io/football/players/2855.png,Missing Fixture,Shoulder Injury,Newcastle
18894,J. Lascelles,https://media.api-sports.io/football/players/18894.png,Missing Fixture,Knee Injury,Newcastle
275170,Danilo,https://media.api-sports.io/football/players/275170.png,Missing Fixture,Ankle Injury,Nottingham Forest
22149,I. Sangare,https://media.api-sports.io/football/players/22149.png,Missing Fixture,Foot Injury,Nottingham Forest
20167,J. Donacien,https://media.api-sports.io/football/players/20167.png,Missing Fixture,Groin Injury,Ipswich
8794,G. Hirst,https://media.api-sports.io/football/players/8794.png,Missing Fixture,Knee Injury,Ipswich
19365,C. Ogbene,https://media.api-sports.io/football/players/19365.png,Missing Fixture,Calf Injury,Ipswich
18823,B. Johnson,https://media.api-sports.io/football/players/18823.png,Questionable,Knock,Ipswich
19130,K. Phillips,https://media.api-sports.io/football/players/19130.png,Questionable,Injury,Ipswich
380653,L. Chiwome,https://media.api-sports.io/football/players/380653.png,Missing Fixture,Ankle Injury,Wolves
385726,E. Gonzalez,https://media.api-sports.io/football/players/385726.png,Missing Fixture,Knee Injury,Wolves
7722,S. Kalajdzic,https://media.api-sports.io/football/players/7722.png,Missing Fixture,Knee Injury,Wolves
195717,Y. Mosquera,https://media.api-sports.io/football/players/195717.png,Missing Fixture,Knee Injury,Wolves
157912,B. Traore,https://media.api-sports.io/football/players/157912.png,Missing Fixture,Knee Injury,Wolves
449245,Pedro Lima,https://media.api-sports.io/football/players/449245.png,Questionable,Ankle Injury,Wolves
51051,J. Araujo,https://media.api-sports.io/football/players/51051.png,Missing Fixture,Thigh Injury,Bournemouth
304853,A. Scott,https://media.api-sports.io/football/players/304853.png,Missing Fixture,Knee Injury,Bournemouth
19281,A. Semenyo,https://media.api-sports.io/football/players/19281.png,Missing Fixture,Yellow Cards,Bournemouth
37161,L. Sinisterra,https://media.api-sports.io/football/players/37161.png,Missing Fixture,Injury,Bournemouth
25391,N. Fullkrug,https://media.api-sports.io/football/players/25391.png,Missing Fixture,Achilles Tendon Injury,West Ham
15911,M. Kudus,https://media.api-sports.io/football/players/15911.png,Missing Fixture,Red Card,West Ham
2597,T. Tomiyasu,https://media.api-sports.io/football/players/2597.png,Missing Fixture,Knee Injury,Arsenal
19959,B. White,https://media.api-sports.io/football/players/19959.png,Missing Fixture,Knee Injury,Arsenal
19545,R. James,https://media.api-sports.io/football/players/19545.png,Missing Fixture,Thigh Injury,Chelsea
329347,O. Kellyman,https://media.api-sports.io/football/players/329347.png,Missing Fixture,Muscle Injury,Chelsea
19192,J. Ramsey,https://media.api-sports.io/football/players/19192.png,Missing Fixture,Hamstring Injury,Aston Villa
162714,A. Onana,https://media.api-sports.io/football/players/162714.png,Questionable,Foot Injury,Aston Villa
889,V. Lindelof,https://media.api-sports.io/football/players/889.png,Missing Fixture,Muscle Injury,Manchester United
342970,L. Yoro,https://media.api-sports.io/football/players/342970.png,Missing Fixture,Ankle Injury,Manchester United
18772,J. Evans,https://media.api-sports.io/football/players/18772.png,Questionable,Knock,Manchester United
895,J. Garner,https://media.api-sports.io/football/players/895.png,Missing Fixture,Lower Back Injury,Everton
284500,T. Iroegbunam,https://media.api-sports.io/football/players/284500.png,Missing Fixture,Ankle Injury,Everton
138822,A. Broja,https://media.api-sports.io/football/players/138822.png,Questionable,Calf Injury,Everton
330412,Chermiti,https://media.api-sports.io/football/players/330412.png,Questionable,Ankle Injury,Everton
863,R. Bentancur,https://media.api-sports.io/football/players/863.png,Missing Fixture,Suspended,Tottenham
380690,M. Moore,https://media.api-sports.io/football/players/380690.png,Missing Fixture,Illness,Tottenham
336564,W. Odobert,https://media.api-sports.io/football/players/336564.png,Missing Fixture,Thigh Injury,Tottenham
2413,Richarlison,https://media.api-sports.io/football/players/2413.png,Missing Fixture,Thigh Injury,Tottenham
31354,G. Vicario,https://media.api-sports.io/football/players/31354.png,Missing Fixture,Broken ankle,Tottenham
152849,M. van de Ven,https://media.api-sports.io/football/players/152849.png,Missing Fixture,Thigh Injury,Tottenham
30776,C. Romero,https://media.api-sports.io/football/players/30776.png,Questionable,Ankle Injury,Tottenham
2729,J. Andersen,https://media.api-sports.io/football/players/2729.png,Missing Fixture,Calf Injury,Fulham
131,J. Cuenca,https://media.api-sports.io/football/players/131.png,Missing Fixture,Knock,Fulham
19480,H. Reed,https://media.api-sports.io/football/players/19480.png,Missing Fixture,Knee Injury,Fulham
280,Alisson,https://media.api-sports.io/football/players/280.png,Missing Fixture,Hamstring Injury,Liverpool
180317,C. Bradley,https://media.api-sports.io/football/players/180317.png,Missing Fixture,Muscle Injury,Liverpool
30410,F. Chiesa,https://media.api-sports.io/football/players/30410.png,Missing Fixture,Muscle Injury,Liverpool
2678,Diogo Jota,https://media.api-sports.io/football/players/2678.png,Missing Fixture,Chest Injury,Liverpool
1145,I. Konate,https://media.api-sports.io/football/players/1145.png,Missing Fixture,Knee Injury,Liverpool
1600,K. Tsimikas,https://media.api-sports.io/football/players/1600.png,Missing Fixture,Ankle Injury,Liverpool
278133,O. Bobb,https://media.api-sports.io/football/players/278133.png,Missing Fixture,Leg Injury,Manchester City
2291,M. Kovacic,https://media.api-sports.io/football/players/2291.png,Missing Fixture,Injury,Manchester City
44,Rodri,https://media.api-sports.io/football/players/44.png,Missing Fixture,Knee Injury,Manchester City
626,J. Stones,https://media.api-sports.io/football/players/626.png,Questionable,Health problems,Manchester City
20167,J. Donacien,https://media.api-sports.io/football/players/20167.png,Missing Fixture,Ankle Injury,Ipswich
8794,G. Hirst,https://media.api-sports.io/football/players/8794.png,Missing Fixture,Knee Injury,Ipswich
19365,C. Ogbene,https://media.api-sports.io/football/players/19365.png,Missing Fixture,Calf Injury,Ipswich
19182,A. Tuanzebe,https://media.api-sports.io/football/players/19182.png,Missing Fixture,Thigh Injury,Ipswich
1440,R. Holding,https://media.api-sports.io/football/players/1440.png,Missing Fixture,Lacking Match Fitness,Crystal Palace
2601,D. Kamada,https://media.api-sports.io/football/players/2601.png,Missing Fixture,Red Card,Crystal Palace
311157,Matheus Franca,https://media.api-sports.io/football/players/311157.png,Missing Fixture,Muscle Injury,Crystal Palace
278898,C. Riad,https://media.api-sports.io/football/players/278898.png,Missing Fixture,Knee Injury,Crystal Palace
288102,A. Wharton,https://media.api-sports.io/football/players/288102.png,Missing Fixture,Groin Injury,Crystal Palace
303467,I. Fatawu,https://media.api-sports.io/football/players/303467.png,Missing Fixture,Knee Injury,Leicester
405905,N. Opoku,https://media.api-sports.io/football/players/405905.png,Missing Fixture,Broken Leg,Leicester
18771,R. Pereira,https://media.api-sports.io/football/players/18771.png,Missing Fixture,Thigh Injury,Leicester
152970,J. Stolarczyk,https://media.api-sports.io/football/players/152970.png,Missing Fixture,Ankle Injury,Leicester
182,H. Winks,https://media.api-sports.io/football/players/182.png,Missing Fixture,Muscle Injury,Leicester
138,J. Todibo,https://media.api-sports.io/football/players/138.png,Questionable,Injury,West Ham
330412,Chermiti,https://media.api-sports.io/football/players/330412.png,Missing Fixture,Ankle Injury,Everton
895,J. Garner,https://media.api-sports.io/football/players/895.png,Missing Fixture,Lower Back Injury,Everton
284500,T. Iroegbunam,https://media.api-sports.io/football/players/284500.png,Missing Fixture,Ankle Injury,Everton
380653,L. Chiwome,https://media.api-sports.io/football/players/380653.png,Missing Fixture,Ankle Injury,Wolves
385726,E. Gonzalez,https://media.api-sports.io/football/players/385726.png,Missing Fixture,Knee Injury,Wolves
7722,S. Kalajdzic,https://media.api-sports.io/football/players/7722.png,Missing Fixture,Knee Injury,Wolves
195717,Y. Mosquera,https://media.api-sports.io/football/players/195717.png,Missing Fixture,Knee Injury,Wolves
130,N. Semedo,https://media.api-sports.io/football/players/130.png,Missing Fixture,Yellow Cards,Wolves
157912,B. Traore,https://media.api-sports.io/football/players/157912.png,Missing Fixture,Knee Injury,Wolves
278133,O. Bobb,https://media.api-sports.io/football/players/278133.png,Missing Fixture,Leg Injury,Manchester City
2291,M. Kovacic,https://media.api-sports.io/football/players/2291.png,Missing Fixture,Injury,Manchester City
44,Rodri,https://media.api-sports.io/football/players/44.png,Missing Fixture,Knee Injury,Manchester City
626,J. Stones,https://media.api-sports.io/football/players/626.png,Missing Fixture,Health problems,Manchester City
275170,Danilo,https://media.api-sports.io/football/players/275170.png,Missing Fixture,Ankle Injury,Nottingham Forest
22149,I. Sangare,https://media.api-sports.io/football/players/22149.png,Missing Fixture,Foot Injury,Nottingham Forest
38734,S. Botman,https://media.api-sports.io/football/players/38734.png,Missing Fixture,Knee Injury,Newcastle
2855,E. Krafth,https://media.api-sports.io/football/players/2855.png,Missing Fixture,Shoulder Injury,Newcastle
18894,J. Lascelles,https://media.api-sports.io/football/players/18894.png,Missing Fixture,Knee Injury,Newcastle
280,Alisson,https://media.api-sports.io/football/players/280.png,Missing Fixture,Hamstring Injury,Liverpool
180317,C. Bradley,https://media.api-sports.io/football/players/180317.png,Missing Fixture,Muscle Injury,Liverpool
30410,F. Chiesa,https://media.api-sports.io/football/players/30410.png,Missing Fixture,Muscle Injury,Liverpool
2678,Diogo Jota,https://media.api-sports.io/football/players/2678.png,Missing Fixture,Chest Injury,Liverpool
1145,I. Konate,https://media.api-sports.io/football/players/1145.png,Missing Fixture,Knee Injury,Liverpool
1600,K. Tsimikas,https://media.api-sports.io/football/players/1600.png,Missing Fixture,Ankle Injury,Liverpool
105971,G. Bazunu,https://media.api-sports.io/football/players/105971.png,Missing Fixture,Achilles Tendon Injury,Southampton
304317,T. Dibling,https://media.api-sports.io/football/players/304317.png,Missing Fixture,Yellow Cards,Southampton
19733,F. Downes,https://media.api-sports.io/football/players/19733.png,Missing Fixture,Yellow Cards,Southampton
144729,T. Harwood-Bellis,https://media.api-sports.io/football/players/144729.png,Missing Fixture,Yellow Cards,Southampton
295,A. Lallana,https://media.api-sports.io/football/players/295.png,Missing Fixture,Thigh Injury,Southampton
20355,A. Ramsdale,https://media.api-sports.io/football/players/20355.png,Missing Fixture,Finger Injury,Southampton
130421,W. Smallbone,https://media.api-sports.io/football/players/130421.png,Missing Fixture,Thigh Injury,Southampton
45078,R. Stewart,https://media.api-sports.io/football/players/45078.png,Missing Fixture,Thigh Injury,Southampton
270508,L. Ugochukwu,https://media.api-sports.io/football/players/270508.png,Missing Fixture,Loan agreement,Southampton
2999,J. Bednarek,https://media.api-sports.io/football/players/2999.png,Questionable,Knee Injury,Southampton
15812,P. Onuachu,https://media.api-sports.io/football/players/15812.png,Questionable,Injury,Southampton
22094,W. Fofana,https://media.api-sports.io/football/players/22094.png,Missing Fixture,Muscle Injury,Chelsea
19545,R. James,https://media.api-sports.io/football/players/19545.png,Missing Fixture,Thigh Injury,Chelsea
329347,O. Kellyman,https://media.api-sports.io/football/players/329347.png,Missing Fixture,Muscle Injury,Chelsea
157052,R. Calafiori,https://media.api-sports.io/football/players/157052.png,Missing Fixture,Injury,Arsenal
2597,T. Tomiyasu,https://media.api-sports.io/football/players/2597.png,Missing Fixture,Knee Injury,Arsenal
19959,B. White,https://media.api-sports.io/football/players/19959.png,Missing Fixture,Knee Injury,Arsenal
22224,Gabriel,https://media.api-sports.io/football/players/22224.png,Questionable,Injury,Arsenal
889,V. Lindelof,https://media.api-sports.io/football/players/889.png,Missing Fixture,Muscle Injury,Manchester United
284322,K. Mainoo,https://media.api-sports.io/football/players/284322.png,Missing Fixture,Yellow Cards,Manchester United
2467,L. Martinez,https://media.api-sports.io/football/players/2467.png,Missing Fixture,Yellow Cards,Manchester United
891,L. Shaw,https://media.api-sports.io/football/players/891.png,Missing Fixture,Injury,Manchester United
18772,J. Evans,https://media.api-sports.io/football/players/18772.png,Questionable,Knock,Manchester United
162714,A. Onana,https://media.api-sports.io/football/players/162714.png,Missing Fixture,Foot Injury,Aston Villa
19192,J. Ramsey,https://media.api-sports.io/football/players/19192.png,Missing Fixture,Hamstring Injury,Aston Villa
1119,K. Ajer,https://media.api-sports.io/football/players/1119.png,Missing Fixture,Foot Injury,Brentford
19362,J. Dasilva,https://media.api-sports.io/football/players/19362.png,Missing Fixture,Knee Injury,Brentford
19346,R. Henry,https://media.api-sports.io/football/players/19346.png,Missing Fixture,Knee Injury,Brentford
44871,A. Hickey,https://media.api-sports.io/football/players/44871.png,Missing Fixture,Thigh Injury,Brentford
47438,M. Jensen,https://media.api-sports.io/football/players/47438.png,Missing Fixture,Thigh Injury,Brentford
2729,J. Andersen,https://media.api-sports.io/football/players/2729.png,Missing Fixture,Calf Injury,Fulham
19025,T. Cairney,https://media.api-sports.io/football/players/19025.png,Missing Fixture,Red Card,Fulham
2823,S. Lukic,https://media.api-sports.io/football/players/2823.png,Missing Fixture,Yellow Cards,Fulham
19480,H. Reed,https://media.api-sports.io/football/players/19480.png,Missing Fixture,Knee Injury,Fulham
305730,J. Hinshelwood,https://media.api-sports.io/football/players/305730.png,Missing Fixture,Knee Injury,Brighton
1361,F. Kadioglu,https://media.api-sports.io/football/players/1361.png,Missing Fixture,Toe Injury,Brighton
18973,S. March,https://media.api-sports.io/football/players/18973.png,Missing Fixture,Knee Injury,Brighton
296,J. Milner,https://media.api-sports.io/football/players/296.png,Missing Fixture,Thigh Injury,Brighton
19265,A. Webster,https://media.api-sports.io/football/players/19265.png,Missing Fixture,Muscle Injury,Brighton
537,J. Veltman,https://media.api-sports.io/football/players/537.png,Questionable,Muscle Injury,Brighton
51051,J. Araujo,https://media.api-sports.io/football/players/51051.png,Missing Fixture,Thigh Injury,Bournemouth
304853,A. Scott,https://media.api-sports.io/football/players/304853.png,Missing Fixture,Knee Injury,Bournemouth
37161,L. Sinisterra,https://media.api-sports.io/football/players/37161.png,Missing Fixture,Thigh Injury,Bournemouth
863,R. Bentancur,https://media.api-sports.io/football/players/863.png,Missing Fixture,Suspended,Tottenham
380690,M. Moore,https://media.api-sports.io/football/players/380690.png,Missing Fixture,Illness,Tottenham
336564,W. Odobert,https://media.api-sports.io/football/players/336564.png,Missing Fixture,Thigh Injury,Tottenham
2413,Richarlison,https://media.api-sports.io/football/players/2413.png,Missing Fixture,Thigh Injury,Tottenham
31354,G. Vicario,https://media.api-sports.io/football/players/31354.png,Missing Fixture,Broken ankle,Tottenham
152849,M. van de Ven,https://media.api-sports.io/football/players/152849.png,Missing Fixture,Thigh Injury,Tottenham
30776,C. Romero,https://media.api-sports.io/football/players/30776.png,Questionable,Ankle Injury,Tottenham
19192,J. Ramsey,https://media.api-sports.io/football/players/19192.png,Missing Fixture,Hamstring Injury,Aston Villa
105971,G. Bazunu,https://media.api-sports.io/football/players/105971.png,Missing Fixture,Achilles Tendon Injury,Southampton
295,A. Lallana,https://media.api-sports.io/football/players/295.png,Missing Fixture,Thigh Injury,Southampton
284264,J. Larios,https://media.api-sports.io/football/players/284264.png,Missing Fixture,Injury,Southampton
15812,P. Onuachu,https://media.api-sports.io/football/players/15812.png,Missing Fixture,Injury,Southampton
20355,A. Ramsdale,https://media.api-sports.io/football/players/20355.png,Missing Fixture,Finger Injury,Southampton
130421,W. Smallbone,https://media.api-sports.io/football/players/130421.png,Missing Fixture,Thigh Injury,Southampton
18940,J. Stephens,https://media.api-sports.io/football/players/18940.png,Missing Fixture,Red Card,Southampton
45078,R. Stewart,https://media.api-sports.io/football/players/45078.png,Missing Fixture,Thigh Injury,Southampton
2999,J. Bednarek,https://media.api-sports.io/football/players/2999.png,Questionable,Knee Injury,Southampton
19362,J. Dasilva,https://media.api-sports.io/football/players/19362.png,Missing Fixture,Knee Injury,Brentford
19346,R. Henry,https://media.api-sports.io/football/players/19346.png,Missing Fixture,Knee Injury,Brentford
44871,A. Hickey,https://media.api-sports.io/football/players/44871.png,Missing Fixture,Thigh Injury,Brentford
47438,M. Jensen,https://media.api-sports.io/football/players/47438.png,Missing Fixture,Thigh Injury,Brentford
38734,S. Botman,https://media.api-sports.io/football/players/38734.png,Missing Fixture,Knee Injury,Newcastle
2855,E. Krafth,https://media.api-sports.io/football/players/2855.png,Missing Fixture,Shoulder Injury,Newcastle
18894,J. Lascelles,https://media.api-sports.io/football/players/18894.png,Missing Fixture,Knee Injury,Newcastle
1440,R. Holding,https://media.api-sports.io/football/players/1440.png,Missing Fixture,Lacking Match Fitness,Crystal Palace
311157,Matheus Franca,https://media.api-sports.io/football/players/311157.png,Missing Fixture,Muscle Injury,Crystal Palace
288102,A. Wharton,https://media.api-sports.io/football/players/288102.png,Missing Fixture,Groin Injury,Crystal Palace
278898,C. Riad,https://media.api-sports.io/football/players/278898.png,Questionable,Knee Injury,Crystal Palace
18861,N. Ake,https://media.api-sports.io/football/players/18861.png,Missing Fixture,Thigh Injury,Manchester City
278133,O. Bobb,https://media.api-sports.io/football/players/278133.png,Missing Fixture,Leg Injury,Manchester City
631,P. Foden,https://media.api-sports.io/football/players/631.png,Missing Fixture,Illness,Manchester City
2291,M. Kovacic,https://media.api-sports.io/football/players/2291.png,Missing Fixture,Injury,Manchester City
44,Rodri,https://media.api-sports.io/football/players/44.png,Missing Fixture,Knee Injury,Manchester City
5,M. Akanji,https://media.api-sports.io/football/players/5.png,Questionable,Injury,Manchester City
626,J. Stones,https://media.api-sports.io/football/players/626.png,Questionable,Health problems,Manchester City
18772,J. Evans,https://media.api-sports.io/football/players/18772.png,Missing Fixture,Knock,Manchester United
889,V. Lindelof,https://media.api-sports.io/football/players/889.png,Missing Fixture,Muscle Injury,Manchester United
891,L. Shaw,https://media.api-sports.io/football/players/891.png,Missing Fixture,Injury,Manchester United
275170,Danilo,https://media.api-sports.io/football/players/275170.png,Missing Fixture,Ankle Injury,Nottingham Forest
22149,I. Sangare,https://media.api-sports.io/football/players/22149.png,Missing Fixture,Foot Injury,Nottingham Forest
2729,J. Andersen,https://media.api-sports.io/football/players/2729.png,Missing Fixture,Calf Injury,Fulham
19025,T. Cairney,https://media.api-sports.io/football/players/19025.png,Missing Fixture,Red Card,Fulham
727,R. Nelson,https://media.api-sports.io/football/players/727.png,Missing Fixture,Thigh Injury,Fulham
19480,H. Reed,https://media.api-sports.io/football/players/19480.png,Missing Fixture,Knee Injury,Fulham
2597,T. Tomiyasu,https://media.api-sports.io/football/players/2597.png,Missing Fixture,Knee Injury,Arsenal
19959,B. White,https://media.api-sports.io/football/players/19959.png,Missing Fixture,Knee Injury,Arsenal
641,O. Zinchenko,https://media.api-sports.io/football/players/641.png,Missing Fixture,Injury,Arsenal
157052,R. Calafiori,https://media.api-sports.io/football/players/157052.png,Questionable,Injury,Arsenal
22224,Gabriel,https://media.api-sports.io/football/players/22224.png,Questionable,Injury,Arsenal
20167,J. Donacien,https://media.api-sports.io/football/players/20167.png,Missing Fixture,Ankle Injury,Ipswich
8794,G. Hirst,https://media.api-sports.io/football/players/8794.png,Missing Fixture,Knee Injury,Ipswich
19365,C. Ogbene,https://media.api-sports.io/football/players/19365.png,Missing Fixture,Calf Injury,Ipswich
19182,A. Tuanzebe,https://media.api-sports.io/football/players/19182.png,Missing Fixture,Thigh Injury,Ipswich
51051,J. Araujo,https://media.api-sports.io/football/players/51051.png,Missing Fixture,Thigh Injury,Bournemouth
304853,A. Scott,https://media.api-sports.io/football/players/304853.png,Missing Fixture,Knee Injury,Bournemouth
6610,M. Senesi,https://media.api-sports.io/football/players/6610.png,Missing Fixture,Thigh Injury,Bournemouth
37161,L. Sinisterra,https://media.api-sports.io/football/players/37161.png,Missing Fixture,Thigh Injury,Bournemouth
311334,F. Buonanotte,https://media.api-sports.io/football/players/311334.png,Missing Fixture,Loan agreement,Leicester
303467,I. Fatawu,https://media.api-sports.io/football/players/303467.png,Missing Fixture,Knee Injury,Leicester
405905,N. Opoku,https://media.api-sports.io/football/players/405905.png,Missing Fixture,Broken Leg,Leicester
18771,R. Pereira,https://media.api-sports.io/football/players/18771.png,Missing Fixture,Thigh Injury,Leicester
152970,J. Stolarczyk,https://media.api-sports.io/football/players/152970.png,Missing Fixture,Ankle Injury,Leicester
182,H. Winks,https://media.api-sports.io/football/players/182.png,Missing Fixture,Muscle Injury,Leicester
305730,J. Hinshelwood,https://media.api-sports.io/football/players/305730.png,Missing Fixture,Knee Injury,Brighton
1361,F. Kadioglu,https://media.api-sports.io/football/players/1361.png,Missing Fixture,Toe Injury,Brighton
18973,S. March,https://media.api-sports.io/football/players/18973.png,Missing Fixture,Knee Injury,Brighton
296,J. Milner,https://media.api-sports.io/football/players/296.png,Missing Fixture,Thigh Injury,Brighton
19265,A. Webster,https://media.api-sports.io/football/players/19265.png,Missing Fixture,Muscle Injury,Brighton
537,J. Veltman,https://media.api-sports.io/football/players/537.png,Questionable,Muscle Injury,Brighton
863,R. Bentancur,https://media.api-sports.io/football/players/863.png,Missing Fixture,Suspended,Tottenham
164,B. Davies,https://media.api-sports.io/football/players/164.png,Missing Fixture,Thigh Injury,Tottenham
380690,M. Moore,https://media.api-sports.io/football/players/380690.png,Missing Fixture,Illness,Tottenham
336564,W. Odobert,https://media.api-sports.io/football/players/336564.png,Missing Fixture,Thigh Injury,Tottenham
2413,Richarlison,https://media.api-sports.io/football/players/2413.png,Missing Fixture,Thigh Injury,Tottenham
31354,G. Vicario,https://media.api-sports.io/football/players/31354.png,Missing Fixture,Broken ankle,Tottenham
22094,W. Fofana,https://media.api-sports.io/football/players/22094.png,Missing Fixture,Muscle Injury,Chelsea
19545,R. James,https://media.api-sports.io/football/players/19545.png,Missing Fixture,Thigh Injury,Chelsea
329347,O. Kellyman,https://media.api-sports.io/football/players/329347.png,Missing Fixture,Muscle Injury,Chelsea
63577,M. Mudryk,https://media.api-sports.io/football/players/63577.png,Missing Fixture,Illness,Chelsea
18819,M. Antonio,https://media.api-sports.io/football/players/18819.png,Missing Fixture,Inactive,West Ham
380653,L. Chiwome,https://media.api-sports.io/football/players/380653.png,Missing Fixture,Ankle Injury,Wolves
385726,E. Gonzalez,https://media.api-sports.io/football/players/385726.png,Missing Fixture,Knee Injury,Wolves
7722,S. Kalajdzic,https://media.api-sports.io/football/players/7722.png,Missing Fixture,Knee Injury,Wolves
195717,Y. Mosquera,https://media.api-sports.io/football/players/195717.png,Missing Fixture,Knee Injury,Wolves
157912,B. Traore,https://media.api-sports.io/football/players/157912.png,Missing Fixture,Knee Injury,Wolves
2056,P. Sarabia,https://media.api-sports.io/football/players/2056.png,Questionable,Muscle Injury,Wolves
157052,R. Calafiori,https://media.api-sports.io/football/players/157052.png,Missing Fixture,Knee Injury,Arsenal
2597,T. Tomiyasu,https://media.api-sports.io/football/players/2597.png,Missing Fixture,Knee Injury,Arsenal
19959,B. White,https://media.api-sports.io/football/players/19959.png,Missing Fixture,Knee Injury,Arsenal
641,O. Zinchenko,https://media.api-sports.io/football/players/641.png,Missing Fixture,Muscle Injury,Arsenal
895,J. Garner,https://media.api-sports.io/football/players/895.png,Missing Fixture,Lower Back Injury,Everton
284500,T. Iroegbunam,https://media.api-sports.io/football/players/284500.png,Missing Fixture,Ankle Injury,Everton
330412,Chermiti,https://media.api-sports.io/football/players/330412.png,Questionable,Ankle Injury,Everton
180317,C. Bradley,https://media.api-sports.io/football/players/180317.png,Missing Fixture,Muscle Injury,Liverpool
1145,I. Konate,https://media.api-sports.io/football/players/1145.png,Missing Fixture,Knee Injury,Liverpool
6716,A. Mac Allister,https://media.api-sports.io/football/players/6716.png,Missing Fixture,Yellow Cards,Liverpool
1600,K. Tsimikas,https://media.api-sports.io/football/players/1600.png,Missing Fixture,Ankle Injury,Liverpool
2729,J. Andersen,https://media.api-sports.io/football/players/2729.png,Missing Fixture,Calf Injury,Fulham
152967,C. Bassey,https://media.api-sports.io/football/players/152967.png,Missing Fixture,Yellow Cards,Fulham
19025,T. Cairney,https://media.api-sports.io/football/players/19025.png,Missing Fixture,Red Card,Fulham
727,R. Nelson,https://media.api-sports.io/football/players/727.png,Missing Fixture,Thigh Injury,Fulham
19480,H. Reed,https://media.api-sports.io/football/players/19480.png,Missing Fixture,Knee Injury,Fulham
38734,S. Botman,https://media.api-sports.io/football/players/38734.png,Missing Fixture,Knee Injury,Newcastle
2855,E. Krafth,https://media.api-sports.io/football/players/2855.png,Missing Fixture,Shoulder Injury,Newcastle
18894,J. Lascelles,https://media.api-sports.io/football/players/18894.png,Missing Fixture,Knee Injury,Newcastle
2939,C. Wilson,https://media.api-sports.io/football/players/2939.png,Missing Fixture,Thigh Injury,Newcastle
18911,N. Pope,https://media.api-sports.io/football/players/18911.png,Questionable,Knee Injury,Newcastle
303467,I. Fatawu,https://media.api-sports.io/football/players/303467.png,Missing Fixture,Knee Injury,Leicester
18786,W. Ndidi,https://media.api-sports.io/football/players/18786.png,Missing Fixture,Thigh Injury,Leicester
405905,N. Opoku,https://media.api-sports.io/football/players/405905.png,Missing Fixture,Broken Leg,Leicester
18771,R. Pereira,https://media.api-sports.io/football/players/18771.png,Missing Fixture,Thigh Injury,Leicester
22233,B. Soumare,https://media.api-sports.io/football/players/22233.png,Missing Fixture,Yellow Cards,Leicester
152970,J. Stolarczyk,https://media.api-sports.io/football/players/152970.png,Missing Fixture,Ankle Injury,Leicester
182,H. Winks,https://media.api-sports.io/football/players/182.png,Questionable,Muscle Injury,Leicester
380653,L. Chiwome,https://media.api-sports.io/football/players/380653.png,Missing Fixture,Ankle Injury,Wolves
195103,J. Gomes,https://media.api-sports.io/football/players/195103.png,Missing Fixture,Yellow Cards,Wolves
385726,E. Gonzalez,https://media.api-sports.io/football/players/385726.png,Missing Fixture,Knee Injury,Wolves
7722,S. Kalajdzic,https://media.api-sports.io/football/players/7722.png,Missing Fixture,Knee Injury,Wolves
195717,Y. Mosquera,https://media.api-sports.io/football/players/195717.png,Missing Fixture,Knee Injury,Wolves
2056,P. Sarabia,https://media.api-sports.io/football/players/2056.png,Missing Fixture,Muscle Injury,Wolves
157912,B. Traore,https://media.api-sports.io/football/players/157912.png,Missing Fixture,Knee Injury,Wolves
1590,J. Sa,https://media.api-sports.io/football/players/1590.png,Questionable,Shoulder Injury,Wolves
20167,J. Donacien,https://media.api-sports.io/football/players/20167.png,Missing Fixture,Ankle Injury,Ipswich
8794,G. Hirst,https://media.api-sports.io/football/players/8794.png,Missing Fixture,Knee Injury,Ipswich
19365,C. Ogbene,https://media.api-sports.io/football/players/19365.png,Missing Fixture,Calf Injury,Ipswich
19182,A. Tuanzebe,https://media.api-sports.io/football/players/19182.png,Missing Fixture,Thigh Injury,Ipswich
275170,Danilo,https://media.api-sports.io/football/players/275170.png,Missing Fixture,Ankle Injury,Nottingham Forest
47547,A. Moreno,https://media.api-sports.io/football/players/47547.png,Missing Fixture,Loan agreement,Nottingham Forest
22149,I. Sangare,https://media.api-sports.io/football/players/22149.png,Missing Fixture,Foot Injury,Nottingham Forest
19192,J. Ramsey,https://media.api-sports.io/football/players/19192.png,Missing Fixture,Hamstring Injury,Aston Villa
983,L. Bailey,https://media.api-sports.io/football/players/983.png,Questionable,Thigh Injury,Aston Villa
19265,A. Webster,https://media.api-sports.io/football/players/19265.png,Missing Fixture,Muscle Injury,Brighton
305730,J. Hinshelwood,https://media.api-sports.io/football/players/305730.png,Questionable,Knee Injury,Brighton
1361,F. Kadioglu,https://media.api-sports.io/football/players/1361.png,Questionable,Toe Injury,Brighton
18973,S. March,https://media.api-sports.io/football/players/18973.png,Questionable,Knee Injury,Brighton
296,J. Milner,https://media.api-sports.io/football/players/296.png,Questionable,Thigh Injury,Brighton
537,J. Veltman,https://media.api-sports.io/football/players/537.png,Questionable,Muscle Injury,Brighton
1440,R. Holding,https://media.api-sports.io/football/players/1440.png,Missing Fixture,Lacking Match Fitness,Crystal Palace
311157,Matheus Franca,https://media.api-sports.io/football/players/311157.png,Missing Fixture,Muscle Injury,Crystal Palace
278898,C. Riad,https://media.api-sports.io/football/players/278898.png,Missing Fixture,Knee Injury,Crystal Palace
18847,J. Ward,https://media.api-sports.io/football/players/18847.png,Questionable,Calf Injury,Crystal Palace
288102,A. Wharton,https://media.api-sports.io/football/players/288102.png,Questionable,Groin Injury,Crystal Palace
5,M. Akanji,https://media.api-sports.io/football/players/5.png,Missing Fixture,Injury,Manchester City
18861,N. Ake,https://media.api-sports.io/football/players/18861.png,Missing Fixture,Thigh Injury,Manchester City
278133,O. Bobb,https://media.api-sports.io/football/players/278133.png,Missing Fixture,Leg Injury,Manchester City
284230,R. Lewis,https://media.api-sports.io/football/players/284230.png,Missing Fixture,Red Card,Manchester City
44,Rodri,https://media.api-sports.io/football/players/44.png,Missing Fixture,Knee Injury,Manchester City
284324,A. Garnacho,https://media.api-sports.io/football/players/284324.png,Missing Fixture,Coach's decision,Manchester United
909,M. Rashford,https://media.api-sports.io/football/players/909.png,Missing Fixture,Coach's decision,Manchester United
891,L. Shaw,https://media.api-sports.io/football/players/891.png,Missing Fixture,Calf Injury,Manchester United
18772,J. Evans,https://media.api-sports.io/football/players/18772.png,Questionable,Knock,Manchester United
22094,W. Fofana,https://media.api-sports.io/football/players/22094.png,Missing Fixture,Muscle Injury,Chelsea
19545,R. James,https://media.api-sports.io/football/players/19545.png,Missing Fixture,Thigh Injury,Chelsea
329347,O. Kellyman,https://media.api-sports.io/football/players/329347.png,Missing Fixture,Muscle Injury,Chelsea
1864,P. Neto,https://media.api-sports.io/football/players/1864.png,Missing Fixture,Yellow Cards,Chelsea
19362,J. Dasilva,https://media.api-sports.io/football/players/19362.png,Missing Fixture,Knee Injury,Brentford
19346,R. Henry,https://media.api-sports.io/football/players/19346.png,Missing Fixture,Knee Injury,Brentford
44871,A. Hickey,https://media.api-sports.io/football/players/44871.png,Missing Fixture,Thigh Injury,Brentford
47438,M. Jensen,https://media.api-sports.io/football/players/47438.png,Missing Fixture,Thigh Injury,Brentford
105971,G. Bazunu,https://media.api-sports.io/football/players/105971.png,Missing Fixture,Achilles Tendon Injury,Southampton
284264,J. Larios,https://media.api-sports.io/football/players/284264.png,Missing Fixture,Injury,Southampton
130421,W. Smallbone,https://media.api-sports.io/football/players/130421.png,Missing Fixture,Thigh Injury,Southampton
18940,J. Stephens,https://media.api-sports.io/football/players/18940.png,Missing Fixture,Red Card,Southampton
45078,R. Stewart,https://media.api-sports.io/football/players/45078.png,Missing Fixture,Thigh Injury,Southampton
20355,A. Ramsdale,https://media.api-sports.io/football/players/20355.png,Questionable,Finger Injury,Southampton
863,R. Bentancur,https://media.api-sports.io/football/players/863.png,Missing Fixture,Suspended,Tottenham
18968,Y. Bissouma,https://media.api-sports.io/football/players/18968.png,Missing Fixture,Yellow Cards,Tottenham
164,B. Davies,https://media.api-sports.io/football/players/164.png,Missing Fixture,Thigh Injury,Tottenham
336564,W. Odobert,https://media.api-sports.io/football/players/336564.png,Missing Fixture,Thigh Injury,Tottenham
2413,Richarlison,https://media.api-sports.io/football/players/2413.png,Missing Fixture,Thigh Injury,Tottenham
30776,C. Romero,https://media.api-sports.io/football/players/30776.png,Missing Fixture,Ankle Injury,Tottenham
31354,G. Vicario,https://media.api-sports.io/football/players/31354.png,Missing Fixture,Broken ankle,Tottenham
152849,M. van de Ven,https://media.api-sports.io/football/players/152849.png,Missing Fixture,Injury,Tottenham
51051,J. Araujo,https://media.api-sports.io/football/players/51051.png,Missing Fixture,Thigh Injury,Bournemouth
304853,A. Scott,https://media.api-sports.io/football/players/304853.png,Missing Fixture,Knee Injury,Bournemouth
6610,M. Senesi,https://media.api-sports.io/football/players/6610.png,Missing Fixture,Thigh Injury,Bournemouth
37161,L. Sinisterra,https://media.api-sports.io/football/players/37161.png,Missing Fixture,Thigh Injury,Bournemouth
19245,M. Tavernier,https://media.api-sports.io/football/players/19245.png,Missing Fixture,Thigh Injury,Bournemouth
18819,M. Antonio,https://media.api-sports.io/football/players/18819.png,Missing Fixture,Inactive,West Ham
2284,Emerson,https://media.api-sports.io/football/players/2284.png,Missing Fixture,Yellow Cards,West Ham
19192,J. Ramsey,https://media.api-sports.io/football/players/19192.png,Missing Fixture,Hamstring Injury,Aston Villa
278133,O. Bobb,https://media.api-sports.io/football/players/278133.png,Missing Fixture,Leg Injury,Manchester City
567,R. Dias,https://media.api-sports.io/football/players/567.png,Missing Fixture,Muscle Injury,Manchester City
44,Rodri,https://media.api-sports.io/football/players/44.png,Missing Fixture,Knee Injury,Manchester City
19362,J. Dasilva,https://media.api-sports.io/football/players/19362.png,Missing Fixture,Knee Injury,Brentford
19346,R. Henry,https://media.api-sports.io/football/players/19346.png,Missing Fixture,Knee Injury,Brentford
44871,A. Hickey,https://media.api-sports.io/football/players/44871.png,Missing Fixture,Thigh Injury,Brentford
47438,M. Jensen,https://media.api-sports.io/football/players/47438.png,Missing Fixture,Thigh Injury,Brentford
19789,E. Pinnock,https://media.api-sports.io/football/players/19789.png,Missing Fixture,Thigh Injury,Brentford
196156,I. Thiago,https://media.api-sports.io/football/players/196156.png,Missing Fixture,Knock,Brentford
36922,S. van den Berg,https://media.api-sports.io/football/players/36922.png,Questionable,Groin Injury,Brentford
275170,Danilo,https://media.api-sports.io/football/players/275170.png,Missing Fixture,Ankle Injury,Nottingham Forest
22149,I. Sangare,https://media.api-sports.io/football/players/22149.png,Missing Fixture,Foot Injury,Nottingham Forest
161948,L. Delap,https://media.api-sports.io/football/players/161948.png,Missing Fixture,Yellow Cards,Ipswich
20167,J. Donacien,https://media.api-sports.io/football/players/20167.png,Missing Fixture,Ankle Injury,Ipswich
8794,G. Hirst,https://media.api-sports.io/football/players/8794.png,Missing Fixture,Knee Injury,Ipswich
19365,C. Ogbene,https://media.api-sports.io/football/players/19365.png,Missing Fixture,Calf Injury,Ipswich
19182,A. Tuanzebe,https://media.api-sports.io/football/players/19182.png,Missing Fixture,Thigh Injury,Ipswich
723,Joelinton,https://media.api-sports.io/football/players/723.png,Missing Fixture,Yellow Cards,Newcastle
2855,E. Krafth,https://media.api-sports.io/football/players/2855.png,Missing Fixture,Shoulder Injury,Newcastle
18894,J. Lascelles,https://media.api-sports.io/football/players/18894.png,Missing Fixture,Knee Injury,Newcastle
18911,N. Pope,https://media.api-sports.io/football/players/18911.png,Missing Fixture,Knee Injury,Newcastle
2939,C. Wilson,https://media.api-sports.io/football/players/2939.png,Missing Fixture,Thigh Injury,Newcastle
38734,S. Botman,https://media.api-sports.io/football/players/38734.png,Questionable,Injury,Newcastle
18819,M. Antonio,https://media.api-sports.io/football/players/18819.png,Missing Fixture,Inactive,West Ham
930,C. Soler,https://media.api-sports.io/football/players/930.png,Missing Fixture,Yellow Cards,West Ham
296,J. Milner,https://media.api-sports.io/football/players/296.png,Missing Fixture,Thigh Injury,Brighton
1469,D. Welbeck,https://media.api-sports.io/football/players/1469.png,Missing Fixture,Ankle Injury,Brighton
305730,J. Hinshelwood,https://media.api-sports.io/football/players/305730.png,Questionable,Knee Injury,Brighton
1361,F. Kadioglu,https://media.api-sports.io/football/players/1361.png,Questionable,Toe Injury,Brighton
18973,S. March,https://media.api-sports.io/football/players/18973.png,Questionable,Knee Injury,Brighton
19265,A. Webster,https://media.api-sports.io/football/players/19265.png,Questionable,Muscle Injury,Brighton
19586,E. Eze,https://media.api-sports.io/football/players/19586.png,Missing Fixture,Leg Injury,Crystal Palace
1440,R. Holding,https://media.api-sports.io/football/players/1440.png,Missing Fixture,Coach's decision,Crystal Palace
311157,Matheus Franca,https://media.api-sports.io/football/players/311157.png,Missing Fixture,Muscle Injury,Crystal Palace
13736,D. Munoz,https://media.api-sports.io/football/players/13736.png,Missing Fixture,Yellow Cards,Crystal Palace
288102,A. Wharton,https://media.api-sports.io/football/players/288102.png,Missing Fixture,Groin Injury,Crystal Palace
278898,C. Riad,https://media.api-sports.io/football/players/278898.png,Questionable,Knee Injury,Crystal Palace
2597,T. Tomiyasu,https://media.api-sports.io/football/players/2597.png,Missing Fixture,Knee Injury,Arsenal
19959,B. White,https://media.api-sports.io/football/players/19959.png,Missing Fixture,Knee Injury,Arsenal
641,O. Zinchenko,https://media.api-sports.io/football/players/641.png,Questionable,Muscle Injury,Arsenal
138822,A. Broja,https://media.api-sports.io/football/players/138822.png,Missing Fixture,Loan agreement,Everton
895,J. Garner,https://media.api-sports.io/football/players/895.png,Missing Fixture,Lower Back Injury,Everton
284500,T. Iroegbunam,https://media.api-sports.io/football/players/284500.png,Missing Fixture,Ankle Injury,Everton
18929,D. McNeil,https://media.api-sports.io/football/players/18929.png,Questionable,Knee Injury,Everton
95,B. Badiashile,https://media.api-sports.io/football/players/95.png,Missing Fixture,Injury,Chelsea
47380,M. Cucurella,https://media.api-sports.io/football/players/47380.png,Missing Fixture,Red Card,Chelsea
22094,W. Fofana,https://media.api-sports.io/football/players/22094.png,Missing Fixture,Muscle Injury,Chelsea
19545,R. James,https://media.api-sports.io/football/players/19545.png,Missing Fixture,Thigh Injury,Chelsea
329347,O. Kellyman,https://media.api-sports.io/football/players/329347.png,Missing Fixture,Muscle Injury,Chelsea
63577,M. Mudryk,https://media.api-sports.io/football/players/63577.png,Missing Fixture,Suspended,Chelsea
282125,R. Lavia,https://media.api-sports.io/football/players/282125.png,Questionable,Injury,Chelsea
727,R. Nelson,https://media.api-sports.io/football/players/727.png,Missing Fixture,Thigh Injury,Fulham
899,A. Pereira,https://media.api-sports.io/football/players/899.png,Missing Fixture,Yellow Cards,Fulham
19480,H. Reed,https://media.api-sports.io/football/players/19480.png,Missing Fixture,Knee Injury,Fulham
657,K. Tete,https://media.api-sports.io/football/players/657.png,Missing Fixture,Knee Injury,Fulham
105971,G. Bazunu,https://media.api-sports.io/football/players/105971.png,Missing Fixture,Achilles Tendon Injury,Southampton
130421,W. Smallbone,https://media.api-sports.io/football/players/130421.png,Missing Fixture,Thigh Injury,Southampton
18940,J. Stephens,https://media.api-sports.io/football/players/18940.png,Missing Fixture,Red Card,Southampton
45078,R. Stewart,https://media.api-sports.io/football/players/45078.png,Missing Fixture,Thigh Injury,Southampton
303467,I. Fatawu,https://media.api-sports.io/football/players/303467.png,Missing Fixture,Knee Injury,Leicester
18786,W. Ndidi,https://media.api-sports.io/football/players/18786.png,Missing Fixture,Thigh Injury,Leicester
405905,N. Opoku,https://media.api-sports.io/football/players/405905.png,Missing Fixture,Broken Leg,Leicester
18771,R. Pereira,https://media.api-sports.io/football/players/18771.png,Missing Fixture,Thigh Injury,Leicester
1135,O. Edouard,https://media.api-sports.io/football/players/1135.png,Questionable,Lacking Match Fitness,Leicester
15870,M. Hermansen,https://media.api-sports.io/football/players/15870.png,Questionable,Muscle Injury,Leicester
21138,R. Ait-Nouri,https://media.api-sports.io/football/players/21138.png,Missing Fixture,Red Card,Wolves
385726,E. Gonzalez,https://media.api-sports.io/football/players/385726.png,Missing Fixture,Knee Injury,Wolves
7722,S. Kalajdzic,https://media.api-sports.io/football/players/7722.png,Missing Fixture,Knee Injury,Wolves
195717,Y. Mosquera,https://media.api-sports.io/football/players/195717.png,Missing Fixture,Knee Injury,Wolves
2056,P. Sarabia,https://media.api-sports.io/football/players/2056.png,Missing Fixture,Muscle Injury,Wolves
157912,B. Traore,https://media.api-sports.io/football/players/157912.png,Missing Fixture,Knee Injury,Wolves
889,V. Lindelof,https://media.api-sports.io/football/players/889.png,Missing Fixture,Injury,Manchester United
19220,M. Mount,https://media.api-sports.io/football/players/19220.png,Missing Fixture,Leg Injury,Manchester United
891,L. Shaw,https://media.api-sports.io/football/players/891.png,Missing Fixture,Calf Injury,Manchester United
51051,J. Araujo,https://media.api-sports.io/football/players/51051.png,Missing Fixture,Thigh Injury,Bournemouth
304853,A. Scott,https://media.api-sports.io/football/players/304853.png,Missing Fixture,Knee Injury,Bournemouth
6610,M. Senesi,https://media.api-sports.io/football/players/6610.png,Missing Fixture,Thigh Injury,Bournemouth
37161,L. Sinisterra,https://media.api-sports.io/football/players/37161.png,Missing Fixture,Thigh Injury,Bournemouth
19245,M. Tavernier,https://media.api-sports.io/football/players/19245.png,Missing Fixture,Thigh Injury,Bournemouth
863,R. Bentancur,https://media.api-sports.io/football/players/863.png,Missing Fixture,Suspended,Tottenham
164,B. Davies,https://media.api-sports.io/football/players/164.png,Missing Fixture,Thigh Injury,Tottenham
336564,W. Odobert,https://media.api-sports.io/football/players/336564.png,Missing Fixture,Thigh Injury,Tottenham
2413,Richarlison,https://media.api-sports.io/football/players/2413.png,Missing Fixture,Thigh Injury,Tottenham
30776,C. Romero,https://media.api-sports.io/football/players/30776.png,Missing Fixture,Ankle Injury,Tottenham
31354,G. Vicario,https://media.api-sports.io/football/players/31354.png,Missing Fixture,Broken ankle,Tottenham
152849,M. van de Ven,https://media.api-sports.io/football/players/152849.png,Missing Fixture,Injury,Tottenham
180317,C. Bradley,https://media.api-sports.io/football/players/180317.png,Missing Fixture,Muscle Injury,Liverpool
1145,I. Konate,https://media.api-sports.io/football/players/1145.png,Missing Fixture,Knee Injury,Liverpool
278133,O. Bobb,https://media.api-sports.io/football/players/278133.png,Missing Fixture,Leg Injury,Manchester City
567,R. Dias,https://media.api-sports.io/football/players/567.png,Missing Fixture,Muscle Injury,Manchester City
44,Rodri,https://media.api-sports.io/football/players/44.png,Missing Fixture,Knee Injury,Manchester City
626,J. Stones,https://media.api-sports.io/football/players/626.png,Missing Fixture,Ankle Injury,Manchester City
617,Ederson,https://media.api-sports.io/football/players/617.png,Questionable,Injury,Manchester City
41621,M. Nunes,https://media.api-sports.io/football/players/41621.png,Questionable,Injury,Manchester City
895,J. Garner,https://media.api-sports.io/football/players/895.png,Missing Fixture,Lower Back Injury,Everton
284500,T. Iroegbunam,https://media.api-sports.io/football/players/284500.png,Missing Fixture,Ankle Injury,Everton
894,A. Young,https://media.api-sports.io/football/players/894.png,Missing Fixture,Yellow Cards,Everton
18929,D. McNeil,https://media.api-sports.io/football/players/18929.png,Questionable,Knee Injury,Everton
51051,J. Araujo,https://media.api-sports.io/football/players/51051.png,Missing Fixture,Thigh Injury,Bournemouth
304853,A. Scott,https://media.api-sports.io/football/players/304853.png,Missing Fixture,Knee Injury,Bournemouth
6610,M. Senesi,https://media.api-sports.io/football/players/6610.png,Missing Fixture,Thigh Injury,Bournemouth
37161,L. Sinisterra,https://media.api-sports.io/football/players/37161.png,Missing Fixture,Thigh Injury,Bournemouth
19245,M. Tavernier,https://media.api-sports.io/football/players/19245.png,Missing Fixture,Thigh Injury,Bournemouth
18869,A. Smith,https://media.api-sports.io/football/players/18869.png,Questionable,Knock,Bournemouth
1440,R. Holding,https://media.api-sports.io/football/players/1440.png,Missing Fixture,Coach's decision,Crystal Palace
311157,Matheus Franca,https://media.api-sports.io/football/players/311157.png,Missing Fixture,Muscle Injury,Crystal Palace
288102,A. Wharton,https://media.api-sports.io/football/players/288102.png,Missing Fixture,Groin Injury,Crystal Palace
278898,C. Riad,https://media.api-sports.io/football/players/278898.png,Questionable,Knee Injury,Crystal Palace
95,B. Badiashile,https://media.api-sports.io/football/players/95.png,Missing Fixture,Injury,Chelsea
22094,W. Fofana,https://media.api-sports.io/football/players/22094.png,Missing Fixture,Muscle Injury,Chelsea
19545,R. James,https://media.api-sports.io/football/players/19545.png,Missing Fixture,Thigh Injury,Chelsea
329347,O. Kellyman,https://media.api-sports.io/football/players/329347.png,Missing Fixture,Muscle Injury,Chelsea
282125,R. Lavia,https://media.api-sports.io/football/players/282125.png,Missing Fixture,Muscle Injury,Chelsea
63577,M. Mudryk,https://media.api-sports.io/football/players/63577.png,Missing Fixture,Suspended,Chelsea
727,R. Nelson,https://media.api-sports.io/football/players/727.png,Missing Fixture,Thigh Injury,Fulham
19480,H. Reed,https://media.api-sports.io/football/players/19480.png,Missing Fixture,Knee Injury,Fulham
657,K. Tete,https://media.api-sports.io/football/players/657.png,Missing Fixture,Knee Injury,Fulham
1934,S. Berge,https://media.api-sports.io/football/players/1934.png,Questionable,Ankle Injury,Fulham
1161,E. Smith Rowe,https://media.api-sports.io/football/players/1161.png,Questionable,Leg Injury,Fulham
2855,E. Krafth,https://media.api-sports.io/football/players/2855.png,Missing Fixture,Shoulder Injury,Newcastle
18894,J. Lascelles,https://media.api-sports.io/football/players/18894.png,Missing Fixture,Knee Injury,Newcastle
18911,N. Pope,https://media.api-sports.io/football/players/18911.png,Missing Fixture,Knee Injury,Newcastle
2939,C. Wilson,https://media.api-sports.io/football/players/2939.png,Missing Fixture,Thigh Injury,Newcastle
38734,S. Botman,https://media.api-sports.io/football/players/38734.png,Questionable,Injury,Newcastle
19192,J. Ramsey,https://media.api-sports.io/football/players/19192.png,Missing Fixture,Hamstring Injury,Aston Villa
275170,Danilo,https://media.api-sports.io/football/players/275170.png,Missing Fixture,Ankle Injury,Nottingham Forest
6056,N. Dominguez,https://media.api-sports.io/football/players/6056.png,Missing Fixture,Yellow Cards,Nottingham Forest
22149,I. Sangare,https://media.api-sports.io/football/players/22149.png,Missing Fixture,Foot Injury,Nottingham Forest
164,B. Davies,https://media.api-sports.io/football/players/164.png,Missing Fixture,Thigh Injury,Tottenham
336564,W. Odobert,https://media.api-sports.io/football/players/336564.png,Missing Fixture,Thigh Injury,Tottenham
2413,Richarlison,https://media.api-sports.io/football/players/2413.png,Missing Fixture,Thigh Injury,Tottenham
30776,C. Romero,https://media.api-sports.io/football/players/30776.png,Missing Fixture,Ankle Injury,Tottenham
31354,G. Vicario,https://media.api-sports.io/football/players/31354.png,Missing Fixture,Broken ankle,Tottenham
152849,M. van de Ven,https://media.api-sports.io/football/players/152849.png,Missing Fixture,Injury,Tottenham
105971,G. Bazunu,https://media.api-sports.io/football/players/105971.png,Missing Fixture,Achilles Tendon Injury,Southampton
665,M. Cornet,https://media.api-sports.io/football/players/665.png,Missing Fixture,Loan agreement,Southampton
130421,W. Smallbone,https://media.api-sports.io/football/players/130421.png,Missing Fixture,Thigh Injury,Southampton
45078,R. Stewart,https://media.api-sports.io/football/players/45078.png,Missing Fixture,Thigh Injury,Southampton
18819,M. Antonio,https://media.api-sports.io/football/players/18819.png,Missing Fixture,Inactive,West Ham
1646,L. Paqueta,https://media.api-sports.io/football/players/1646.png,Missing Fixture,Yellow Cards,West Ham
385726,E. Gonzalez,https://media.api-sports.io/football/players/385726.png,Missing Fixture,Knee Injury,Wolves
7722,S. Kalajdzic,https://media.api-sports.io/football/players/7722.png,Missing Fixture,Knee Injury,Wolves
195717,Y. Mosquera,https://media.api-sports.io/football/players/195717.png,Missing Fixture,Knee Injury,Wolves
2056,P. Sarabia,https://media.api-sports.io/football/players/2056.png,Missing Fixture,Calf Injury,Wolves
157912,B. Traore,https://media.api-sports.io/football/players/157912.png,Missing Fixture,Knee Injury,Wolves
18947,M. Lemina,https://media.api-sports.io/football/players/18947.png,Questionable,Muscle Injury,Wolves
889,V. Lindelof,https://media.api-sports.io/football/players/889.png,Missing Fixture,Injury,Manchester United
19220,M. Mount,https://media.api-sports.io/football/players/19220.png,Missing Fixture,Leg Injury,Manchester United
909,M. Rashford,https://media.api-sports.io/football/players/909.png,Missing Fixture,Coach's decision,Manchester United
891,L. Shaw,https://media.api-sports.io/football/players/891.png,Missing Fixture,Calf Injury,Manchester United
180317,C. Bradley,https://media.api-sports.io/football/players/180317.png,Missing Fixture,Muscle Injury,Liverpool
1145,I. Konate,https://media.api-sports.io/football/players/1145.png,Missing Fixture,Knee Injury,Liverpool
303467,I. Fatawu,https://media.api-sports.io/football/players/303467.png,Missing Fixture,Knee Injury,Leicester
15870,M. Hermansen,https://media.api-sports.io/football/players/15870.png,Missing Fixture,Muscle Injury,Leicester
18786,W. Ndidi,https://media.api-sports.io/football/players/18786.png,Missing Fixture,Thigh Injury,Leicester
405905,N. Opoku,https://media.api-sports.io/football/players/405905.png,Missing Fixture,Broken Leg,Leicester
18771,R. Pereira,https://media.api-sports.io/football/players/18771.png,Missing Fixture,Thigh Injury,Leicester
18788,J. Vardy,https://media.api-sports.io/football/players/18788.png,Questionable,Knock,Leicester
296,J. Milner,https://media.api-sports.io/football/players/296.png,Missing Fixture,Thigh Injury,Brighton
92993,M. Wieffer,https://media.api-sports.io/football/players/92993.png,Missing Fixture,Injury,Brighton
305730,J. Hinshelwood,https://media.api-sports.io/football/players/305730.png,Questionable,Knee Injury,Brighton
1361,F. Kadioglu,https://media.api-sports.io/football/players/1361.png,Questionable,Toe Injury,Brighton
19265,A. Webster,https://media.api-sports.io/football/players/19265.png,Questionable,Muscle Injury,Brighton
1469,D. Welbeck,https://media.api-sports.io/football/players/1469.png,Questionable,Ankle Injury,Brighton
1119,K. Ajer,https://media.api-sports.io/football/players/1119.png,Missing Fixture,Ankle Injury,Brentford
19362,J. Dasilva,https://media.api-sports.io/football/players/19362.png,Missing Fixture,Knee Injury,Brentford
19346,R. Henry,https://media.api-sports.io/football/players/19346.png,Missing Fixture,Knee Injury,Brentford
44871,A. Hickey,https://media.api-sports.io/football/players/44871.png,Missing Fixture,Thigh Injury,Brentford
47438,M. Jensen,https://media.api-sports.io/football/players/47438.png,Missing Fixture,Thigh Injury,Brentford
19789,E. Pinnock,https://media.api-sports.io/football/players/19789.png,Missing Fixture,Thigh Injury,Brentford
196156,I. Thiago,https://media.api-sports.io/football/players/196156.png,Missing Fixture,Knock,Brentford
36922,S. van den Berg,https://media.api-sports.io/football/players/36922.png,Missing Fixture,Groin Injury,Brentford
1460,B. Saka,https://media.api-sports.io/football/players/1460.png,Missing Fixture,Thigh Injury,Arsenal
645,R. Sterling,https://media.api-sports.io/football/players/645.png,Missing Fixture,Knee Injury,Arsenal
2597,T. Tomiyasu,https://media.api-sports.io/football/players/2597.png,Missing Fixture,Knee Injury,Arsenal
19959,B. White,https://media.api-sports.io/football/players/19959.png,Missing Fixture,Knee Injury,Arsenal
20167,J. Donacien,https://media.api-sports.io/football/players/20167.png,Missing Fixture,Ankle Injury,Ipswich
8794,G. Hirst,https://media.api-sports.io/football/players/8794.png,Missing Fixture,Knee Injury,Ipswich
19558,S. Morsy,https://media.api-sports.io/football/players/19558.png,Missing Fixture,Yellow Cards,Ipswich
19365,C. Ogbene,https://media.api-sports.io/football/players/19365.png,Missing Fixture,Calf Injury,Ipswich
19182,A. Tuanzebe,https://media.api-sports.io/football/players/19182.png,Missing Fixture,Thigh Injury,Ipswich
2752,M. Luongo,https://media.api-sports.io/football/players/2752.png,Questionable,Illness,Ipswich
3428,J. Ayew,https://media.api-sports.io/football/players/3428.png,Missing Fixture,Yellow Cards,Leicester
303467,I. Fatawu,https://media.api-sports.io/football/players/303467.png,Missing Fixture,Knee Injury,Leicester
15870,M. Hermansen,https://media.api-sports.io/football/players/15870.png,Missing Fixture,Muscle Injury,Leicester
18786,W. Ndidi,https://media.api-sports.io/football/players/18786.png,Missing Fixture,Thigh Injury,Leicester
405905,N. Opoku,https://media.api-sports.io/football/players/405905.png,Missing Fixture,Broken Leg,Leicester
18771,R. Pereira,https://media.api-sports.io/football/players/18771.png,Missing Fixture,Thigh Injury,Leicester
8694,W. Faes,https://media.api-sports.io/football/players/8694.png,Questionable,Injury,Leicester
283290,K. McAteer,https://media.api-sports.io/football/players/283290.png,Questionable,Knock,Leicester
278133,O. Bobb,https://media.api-sports.io/football/players/278133.png,Missing Fixture,Leg Injury,Manchester City
567,R. Dias,https://media.api-sports.io/football/players/567.png,Missing Fixture,Muscle Injury,Manchester City
44,Rodri,https://media.api-sports.io/football/players/44.png,Missing Fixture,Knee Injury,Manchester City
626,J. Stones,https://media.api-sports.io/football/players/626.png,Missing Fixture,Ankle Injury,Manchester City
617,Ederson,https://media.api-sports.io/football/players/617.png,Questionable,Injury,Manchester City
41621,M. Nunes,https://media.api-sports.io/football/players/41621.png,Questionable,Injury,Manchester City
67971,M. Guehi,https://media.api-sports.io/football/players/67971.png,Missing Fixture,Yellow Cards,Crystal Palace
1440,R. Holding,https://media.api-sports.io/football/players/1440.png,Missing Fixture,Coach's decision,Crystal Palace
311157,Matheus Franca,https://media.api-sports.io/football/players/311157.png,Missing Fixture,Muscle Injury,Crystal Palace
288102,A. Wharton,https://media.api-sports.io/football/players/288102.png,Missing Fixture,Groin Injury,Crystal Palace
105971,G. Bazunu,https://media.api-sports.io/football/players/105971.png,Missing Fixture,Achilles Tendon Injury,Southampton
130421,W. Smallbone,https://media.api-sports.io/football/players/130421.png,Missing Fixture,Thigh Injury,Southampton
18940,J. Stephens,https://media.api-sports.io/football/players/18940.png,Missing Fixture,Knock,Southampton
45078,R. Stewart,https://media.api-sports.io/football/players/45078.png,Missing Fixture,Thigh Injury,Southampton
895,J. Garner,https://media.api-sports.io/football/players/895.png,Missing Fixture,Lower Back Injury,Everton
284500,T. Iroegbunam,https://media.api-sports.io/football/players/284500.png,Missing Fixture,Ankle Injury,Everton
18758,S. Coleman,https://media.api-sports.io/football/players/18758.png,Questionable,Calf Injury,Everton
18929,D. McNeil,https://media.api-sports.io/football/players/18929.png,Questionable,Knee Injury,Everton
275170,Danilo,https://media.api-sports.io/football/players/275170.png,Missing Fixture,Ankle Injury,Nottingham Forest
22149,I. Sangare,https://media.api-sports.io/football/players/22149.png,Missing Fixture,Foot Injury,Nottingham Forest
19305,R. Yates,https://media.api-sports.io/football/players/19305.png,Missing Fixture,Yellow Cards,Nottingham Forest
1934,S. Berge,https://media.api-sports.io/football/players/1934.png,Missing Fixture,Ankle Injury,Fulham
727,R. Nelson,https://media.api-sports.io/football/players/727.png,Missing Fixture,Thigh Injury,Fulham
19480,H. Reed,https://media.api-sports.io/football/players/19480.png,Missing Fixture,Knee Injury,Fulham
657,K. Tete,https://media.api-sports.io/football/players/657.png,Missing Fixture,Knee Injury,Fulham
51051,J. Araujo,https://media.api-sports.io/football/players/51051.png,Missing Fixture,Thigh Injury,Bournemouth
792,J. Kluivert,https://media.api-sports.io/football/players/792.png,Missing Fixture,Yellow Cards,Bournemouth
304853,A. Scott,https://media.api-sports.io/football/players/304853.png,Missing Fixture,Knee Injury,Bournemouth
6610,M. Senesi,https://media.api-sports.io/football/players/6610.png,Missing Fixture,Thigh Injury,Bournemouth
37161,L. Sinisterra,https://media.api-sports.io/football/players/37161.png,Missing Fixture,Thigh Injury,Bournemouth
18869,A. Smith,https://media.api-sports.io/football/players/18869.png,Missing Fixture,Leg Injury,Bournemouth
19245,M. Tavernier,https://media.api-sports.io/football/players/19245.png,Missing Fixture,Thigh Injury,Bournemouth
164,B. Davies,https://media.api-sports.io/football/players/164.png,Missing Fixture,Thigh Injury,Tottenham
336564,W. Odobert,https://media.api-sports.io/football/players/336564.png,Missing Fixture,Thigh Injury,Tottenham
2413,Richarlison,https://media.api-sports.io/football/players/2413.png,Missing Fixture,Thigh Injury,Tottenham
30776,C. Romero,https://media.api-sports.io/football/players/30776.png,Missing Fixture,Thigh Injury,Tottenham
19235,D. Spence,https://media.api-sports.io/football/players/19235.png,Missing Fixture,Red Card,Tottenham
31354,G. Vicario,https://media.api-sports.io/football/players/31354.png,Missing Fixture,Broken ankle,Tottenham
152849,M. van de Ven,https://media.api-sports.io/football/players/152849.png,Missing Fixture,Thigh Injury,Tottenham
385726,E. Gonzalez,https://media.api-sports.io/football/players/385726.png,Missing Fixture,Knee Injury,Wolves
7722,S. Kalajdzic,https://media.api-sports.io/football/players/7722.png,Missing Fixture,Knee Injury,Wolves
195717,Y. Mosquera,https://media.api-sports.io/football/players/195717.png,Missing Fixture,Knee Injury,Wolves
2056,P. Sarabia,https://media.api-sports.io/football/players/2056.png,Missing Fixture,Calf Injury,Wolves
157912,B. Traore,https://media.api-sports.io/football/players/157912.png,Missing Fixture,Knee Injury,Wolves
18947,M. Lemina,https://media.api-sports.io/football/players/18947.png,Questionable,Muscle Injury,Wolves
18819,M. Antonio,https://media.api-sports.io/football/players/18819.png,Missing Fixture,Inactive,West Ham
2997,L. Fabianski,https://media.api-sports.io/football/players/2997.png,Missing Fixture,Head Injury,West Ham
2476,G. Rodriguez,https://media.api-sports.io/football/players/2476.png,Missing Fixture,Yellow Cards,West Ham
1243,T. Soucek,https://media.api-sports.io/football/players/1243.png,Missing Fixture,Yellow Cards,West Ham
180317,C. Bradley,https://media.api-sports.io/football/players/180317.png,Missing Fixture,Muscle Injury,Liverpool
30410,F. Chiesa,https://media.api-sports.io/football/players/30410.png,Missing Fixture,Inactive,Liverpool
1145,I. Konate,https://media.api-sports.io/football/players/1145.png,Missing Fixture,Knee Injury,Liverpool
1096,D. Szoboszlai,https://media.api-sports.io/football/players/1096.png,Missing Fixture,Yellow Cards,Liverpool
19298,M. Cash,https://media.api-sports.io/football/players/19298.png,Missing Fixture,Yellow Cards,Aston Villa
13489,J. Duran,https://media.api-sports.io/football/players/13489.png,Missing Fixture,Red Card,Aston Villa
129643,E. Ferguson,https://media.api-sports.io/football/players/129643.png,Missing Fixture,Knock,Brighton
296,J. Milner,https://media.api-sports.io/football/players/296.png,Missing Fixture,Thigh Injury,Brighton
1469,D. Welbeck,https://media.api-sports.io/football/players/1469.png,Missing Fixture,Ankle Injury,Brighton
305730,J. Hinshelwood,https://media.api-sports.io/football/players/305730.png,Questionable,Knee Injury,Brighton
1361,F. Kadioglu,https://media.api-sports.io/football/players/1361.png,Questionable,Toe Injury,Brighton
19265,A. Webster,https://media.api-sports.io/football/players/19265.png,Questionable,Muscle Injury,Brighton
20167,J. Donacien,https://media.api-sports.io/football/players/20167.png,Missing Fixture,Ankle Injury,Ipswich
8794,G. Hirst,https://media.api-sports.io/football/players/8794.png,Missing Fixture,Knee Injury,Ipswich
19365,C. Ogbene,https://media.api-sports.io/football/players/19365.png,Missing Fixture,Calf Injury,Ipswich
19182,A. Tuanzebe,https://media.api-sports.io/football/players/19182.png,Missing Fixture,Hamstring Injury,Ipswich
2752,M. Luongo,https://media.api-sports.io/football/players/2752.png,Questionable,Illness,Ipswich
95,B. Badiashile,https://media.api-sports.io/football/players/95.png,Missing Fixture,Injury,Chelsea
22094,W. Fofana,https://media.api-sports.io/football/players/22094.png,Missing Fixture,Muscle Injury,Chelsea
329347,O. Kellyman,https://media.api-sports.io/football/players/329347.png,Missing Fixture,Muscle Injury,Chelsea
63577,M. Mudryk,https://media.api-sports.io/football/players/63577.png,Missing Fixture,Suspended,Chelsea
138935,C. Chukwuemeka,https://media.api-sports.io/football/players/138935.png,Questionable,Illness,Chelsea
148099,K. Dewsbury-Hall,https://media.api-sports.io/football/players/148099.png,Questionable,Knock,Chelsea
282125,R. Lavia,https://media.api-sports.io/football/players/282125.png,Questionable,Muscle Injury,Chelsea
1485,B. Fernandes,https://media.api-sports.io/football/players/1485.png,Missing Fixture,Red Card,Manchester United
889,V. Lindelof,https://media.api-sports.io/football/players/889.png,Missing Fixture,Injury,Manchester United
19220,M. Mount,https://media.api-sports.io/football/players/19220.png,Missing Fixture,Leg Injury,Manchester United
891,L. Shaw,https://media.api-sports.io/football/players/891.png,Missing Fixture,Calf Injury,Manchester United
51494,M. Ugarte,https://media.api-sports.io/football/players/51494.png,Missing Fixture,Yellow Cards,Manchester United
2855,E. Krafth,https://media.api-sports.io/football/players/2855.png,Missing Fixture,Shoulder Injury,Newcastle
18894,J. Lascelles,https://media.api-sports.io/football/players/18894.png,Missing Fixture,Knee Injury,Newcastle
18911,N. Pope,https://media.api-sports.io/football/players/18911.png,Missing Fixture,Knee Injury,Newcastle
2939,C. Wilson,https://media.api-sports.io/football/players/2939.png,Missing Fixture,Thigh Injury,Newcastle
38734,S. Botman,https://media.api-sports.io/football/players/38734.png,Questionable,Injury,Newcastle
1119,K. Ajer,https://media.api-sports.io/football/players/1119.png,Missing Fixture,Ankle Injury,Brentford
19362,J. Dasilva,https://media.api-sports.io/football/players/19362.png,Missing Fixture,Knee Injury,Brentford
19346,R. Henry,https://media.api-sports.io/football/players/19346.png,Missing Fixture,Knee Injury,Brentford
44871,A. Hickey,https://media.api-sports.io/football/players/44871.png,Missing Fixture,Thigh Injury,Brentford
18917,B. Mee,https://media.api-sports.io/football/players/18917.png,Missing Fixture,Injury,Brentford
19789,E. Pinnock,https://media.api-sports.io/football/players/19789.png,Missing Fixture,Thigh Injury,Brentford
196156,I. Thiago,https://media.api-sports.io/football/players/196156.png,Questionable,Knock,Brentford
1460,B. Saka,https://media.api-sports.io/football/players/1460.png,Missing Fixture,Thigh Injury,Arsenal
645,R. Sterling,https://media.api-sports.io/football/players/645.png,Missing Fixture,Knee Injury,Arsenal
2597,T. Tomiyasu,https://media.api-sports.io/football/players/2597.png,Missing Fixture,Knee Injury,Arsenal
19959,B. White,https://media.api-sports.io/football/players/19959.png,Missing Fixture,Knee Injury,Arsenal
863,R. Bentancur,https://media.api-sports.io/football/players/863.png,Missing Fixture,Yellow Cards,Tottenham
164,B. Davies,https://media.api-sports.io/football/players/164.png,Missing Fixture,Thigh Injury,Tottenham
380690,M. Moore,https://media.api-sports.io/football/players/380690.png,Missing Fixture,Illness,Tottenham
336564,W. Odobert,https://media.api-sports.io/football/players/336564.png,Missing Fixture,Thigh Injury,Tottenham
2413,Richarlison,https://media.api-sports.io/football/players/2413.png,Missing Fixture,Thigh Injury,Tottenham
30776,C. Romero,https://media.api-sports.io/football/players/30776.png,Missing Fixture,Thigh Injury,Tottenham
204039,D. Udogie,https://media.api-sports.io/football/players/204039.png,Missing Fixture,Thigh Injury,Tottenham
31354,G. Vicario,https://media.api-sports.io/football/players/31354.png,Missing Fixture,Broken ankle,Tottenham
152849,M. van de Ven,https://media.api-sports.io/football/players/152849.png,Missing Fixture,Thigh Injury,Tottenham
18932,F. Forster,https://media.api-sports.io/football/players/18932.png,Questionable,Health problems,Tottenham
2855,E. Krafth,https://media.api-sports.io/football/players/2855.png,Missing Fixture,Shoulder Injury,Newcastle
18894,J. Lascelles,https://media.api-sports.io/football/players/18894.png,Missing Fixture,Knee Injury,Newcastle
18911,N. Pope,https://media.api-sports.io/football/players/18911.png,Missing Fixture,Knee Injury,Newcastle
2806,F. Schar,https://media.api-sports.io/football/players/2806.png,Missing Fixture,Yellow Cards,Newcastle
2939,C. Wilson,https://media.api-sports.io/football/players/2939.png,Missing Fixture,Thigh Injury,Newcastle
21090,Diego Carlos,https://media.api-sports.io/football/players/21090.png,Missing Fixture,Ankle Injury,Aston Villa
13489,J. Duran,https://media.api-sports.io/football/players/13489.png,Missing Fixture,Red Card,Aston Villa
138931,J. Philogene,https://media.api-sports.io/football/players/138931.png,Missing Fixture,Knock,Aston Villa
19170,M. Rogers,https://media.api-sports.io/football/players/19170.png,Missing Fixture,Yellow Cards,Aston Villa
46815,P. Torres,https://media.api-sports.io/football/players/46815.png,Missing Fixture,Foot Injury,Aston Villa
303467,I. Fatawu,https://media.api-sports.io/football/players/303467.png,Missing Fixture,Knee Injury,Leicester
15870,M. Hermansen,https://media.api-sports.io/football/players/15870.png,Missing Fixture,Muscle Injury,Leicester
283290,K. McAteer,https://media.api-sports.io/football/players/283290.png,Missing Fixture,Knock,Leicester
18786,W. Ndidi,https://media.api-sports.io/football/players/18786.png,Missing Fixture,Thigh Injury,Leicester
405905,N. Opoku,https://media.api-sports.io/football/players/405905.png,Missing Fixture,Broken Leg,Leicester
18771,R. Pereira,https://media.api-sports.io/football/players/18771.png,Missing Fixture,Thigh Injury,Leicester
51051,J. Araujo,https://media.api-sports.io/football/players/51051.png,Missing Fixture,Thigh Injury,Bournemouth
304853,A. Scott,https://media.api-sports.io/football/players/304853.png,Missing Fixture,Knee Injury,Bournemouth
6610,M. Senesi,https://media.api-sports.io/football/players/6610.png,Missing Fixture,Thigh Injury,Bournemouth
37161,L. Sinisterra,https://media.api-sports.io/football/players/37161.png,Missing Fixture,Thigh Injury,Bournemouth
18869,A. Smith,https://media.api-sports.io/football/players/18869.png,Missing Fixture,Leg Injury,Bournemouth
19245,M. Tavernier,https://media.api-sports.io/football/players/19245.png,Missing Fixture,Thigh Injury,Bournemouth
18758,S. Coleman,https://media.api-sports.io/football/players/18758.png,Missing Fixture,Calf Injury,Everton
895,J. Garner,https://media.api-sports.io/football/players/895.png,Missing Fixture,Lower Back Injury,Everton
284500,T. Iroegbunam,https://media.api-sports.io/football/players/284500.png,Missing Fixture,Ankle Injury,Everton
18929,D. McNeil,https://media.api-sports.io/football/players/18929.png,Missing Fixture,Knee Injury,Everton
19720,T. Chalobah,https://media.api-sports.io/football/players/19720.png,Missing Fixture,Loan agreement,Crystal Palace
1440,R. Holding,https://media.api-sports.io/football/players/1440.png,Missing Fixture,Coach's decision,Crystal Palace
18806,W. Hughes,https://media.api-sports.io/football/players/18806.png,Missing Fixture,Ankle Injury,Crystal Palace
311157,Matheus Franca,https://media.api-sports.io/football/players/311157.png,Missing Fixture,Muscle Injury,Crystal Palace
288102,A. Wharton,https://media.api-sports.io/football/players/288102.png,Missing Fixture,Groin Injury,Crystal Palace
95,B. Badiashile,https://media.api-sports.io/football/players/95.png,Missing Fixture,Thigh Injury,Chelsea
148099,K. Dewsbury-Hall,https://media.api-sports.io/football/players/148099.png,Missing Fixture,Knock,Chelsea
22094,W. Fofana,https://media.api-sports.io/football/players/22094.png,Missing Fixture,Muscle Injury,Chelsea
329347,O. Kellyman,https://media.api-sports.io/football/players/329347.png,Missing Fixture,Muscle Injury,Chelsea
63577,M. Mudryk,https://media.api-sports.io/football/players/63577.png,Missing Fixture,Suspended,Chelsea
138935,C. Chukwuemeka,https://media.api-sports.io/football/players/138935.png,Questionable,Illness,Chelsea
282125,R. Lavia,https://media.api-sports.io/football/players/282125.png,Questionable,Muscle Injury,Chelsea
278133,O. Bobb,https://media.api-sports.io/football/players/278133.png,Missing Fixture,Leg Injury,Manchester City
567,R. Dias,https://media.api-sports.io/football/players/567.png,Missing Fixture,Muscle Injury,Manchester City
44,Rodri,https://media.api-sports.io/football/players/44.png,Missing Fixture,Knee Injury,Manchester City
626,J. Stones,https://media.api-sports.io/football/players/626.png,Missing Fixture,Ankle Injury,Manchester City
617,Ederson,https://media.api-sports.io/football/players/617.png,Questionable,Injury,Manchester City
18819,M. Antonio,https://media.api-sports.io/football/players/18819.png,Missing Fixture,Inactive,West Ham
19428,J. Bowen,https://media.api-sports.io/football/players/19428.png,Missing Fixture,Broken Leg,West Ham
2997,L. Fabianski,https://media.api-sports.io/football/players/2997.png,Missing Fixture,Head Injury,West Ham
105971,G. Bazunu,https://media.api-sports.io/football/players/105971.png,Missing Fixture,Achilles Tendon Injury,Southampton
336585,M. Fernandes,https://media.api-sports.io/football/players/336585.png,Missing Fixture,Yellow Cards,Southampton
18940,J. Stephens,https://media.api-sports.io/football/players/18940.png,Missing Fixture,Knock,Southampton
45078,R. Stewart,https://media.api-sports.io/football/players/45078.png,Missing Fixture,Thigh Injury,Southampton
19733,F. Downes,https://media.api-sports.io/football/players/19733.png,Questionable,Thigh Injury,Southampton
130421,W. Smallbone,https://media.api-sports.io/football/players/130421.png,Questionable,Thigh Injury,Southampton
1119,K. Ajer,https://media.api-sports.io/football/players/1119.png,Missing Fixture,Ankle Injury,Brentford
153066,F. Carvalho,https://media.api-sports.io/football/players/153066.png,Missing Fixture,Groin Injury,Brentford
19362,J. Dasilva,https://media.api-sports.io/football/players/19362.png,Missing Fixture,Knee Injury,Brentford
19346,R. Henry,https://media.api-sports.io/football/players/19346.png,Missing Fixture,Knee Injury,Brentford
44871,A. Hickey,https://media.api-sports.io/football/players/44871.png,Missing Fixture,Hamstring Injury,Brentford
18917,B. Mee,https://media.api-sports.io/football/players/18917.png,Missing Fixture,Injury,Brentford
19789,E. Pinnock,https://media.api-sports.io/football/players/19789.png,Missing Fixture,Thigh Injury,Brentford
196156,I. Thiago,https://media.api-sports.io/football/players/196156.png,Missing Fixture,Knee Injury,Brentford
129643,E. Ferguson,https://media.api-sports.io/football/players/129643.png,Missing Fixture,Ankle Injury,Brighton
278370,D. Gomez,https://media.api-sports.io/football/players/278370.png,Missing Fixture,Inactive,Brighton
305730,J. Hinshelwood,https://media.api-sports.io/football/players/305730.png,Missing Fixture,Knee Injury,Brighton
1361,F. Kadioglu,https://media.api-sports.io/football/players/1361.png,Missing Fixture,Toe Injury,Brighton
296,J. Milner,https://media.api-sports.io/football/players/296.png,Missing Fixture,Thigh Injury,Brighton
1469,D. Welbeck,https://media.api-sports.io/football/players/1469.png,Missing Fixture,Ankle Injury,Brighton
92993,M. Wieffer,https://media.api-sports.io/football/players/92993.png,Missing Fixture,Thigh Injury,Brighton
1460,B. Saka,https://media.api-sports.io/football/players/1460.png,Missing Fixture,Thigh Injury,Arsenal
645,R. Sterling,https://media.api-sports.io/football/players/645.png,Missing Fixture,Knee Injury,Arsenal
38746,J. Timber,https://media.api-sports.io/football/players/38746.png,Missing Fixture,Yellow Cards,Arsenal
2597,T. Tomiyasu,https://media.api-sports.io/football/players/2597.png,Missing Fixture,Knee Injury,Arsenal
19959,B. White,https://media.api-sports.io/football/players/19959.png,Missing Fixture,Knee Injury,Arsenal
1934,S. Berge,https://media.api-sports.io/football/players/1934.png,Missing Fixture,Ankle Injury,Fulham
727,R. Nelson,https://media.api-sports.io/football/players/727.png,Missing Fixture,Thigh Injury,Fulham
19480,H. Reed,https://media.api-sports.io/football/players/19480.png,Missing Fixture,Knee Injury,Fulham
657,K. Tete,https://media.api-sports.io/football/players/657.png,Missing Fixture,Knee Injury,Fulham
20007,C. Chaplin,https://media.api-sports.io/football/players/20007.png,Missing Fixture,Knee Injury,Ipswich
20167,J. Donacien,https://media.api-sports.io/football/players/20167.png,Missing Fixture,Ankle Injury,Ipswich
8794,G. Hirst,https://media.api-sports.io/football/players/8794.png,Missing Fixture,Knee Injury,Ipswich
19365,C. Ogbene,https://media.api-sports.io/football/players/19365.png,Missing Fixture,Calf Injury,Ipswich
19182,A. Tuanzebe,https://media.api-sports.io/football/players/19182.png,Missing Fixture,Hamstring Injury,Ipswich
2752,M. Luongo,https://media.api-sports.io/football/players/2752.png,Questionable,Illness,Ipswich
284,J. Gomez,https://media.api-sports.io/football/players/284.png,Missing Fixture,Hamstring Injury,Liverpool
1096,D. Szoboszlai,https://media.api-sports.io/football/players/1096.png,Missing Fixture,Illness,Liverpool
889,V. Lindelof,https://media.api-sports.io/football/players/889.png,Missing Fixture,Injury,Manchester United
19220,M. Mount,https://media.api-sports.io/football/players/19220.png,Missing Fixture,Leg Injury,Manchester United
909,M. Rashford,https://media.api-sports.io/football/players/909.png,Missing Fixture,Illness,Manchester United
891,L. Shaw,https://media.api-sports.io/football/players/891.png,Missing Fixture,Calf Injury,Manchester United
1165,M. Cunha,https://media.api-sports.io/football/players/1165.png,Missing Fixture,Suspended,Wolves
385726,E. Gonzalez,https://media.api-sports.io/football/players/385726.png,Missing Fixture,Knee Injury,Wolves
7722,S. Kalajdzic,https://media.api-sports.io/football/players/7722.png,Missing Fixture,Knee Injury,Wolves
195717,Y. Mosquera,https://media.api-sports.io/football/players/195717.png,Missing Fixture,Knee Injury,Wolves
41606,Toti,https://media.api-sports.io/football/players/41606.png,Missing Fixture,Thigh Injury,Wolves
157912,B. Traore,https://media.api-sports.io/football/players/157912.png,Missing Fixture,Knee Injury,Wolves
275170,Danilo,https://media.api-sports.io/football/players/275170.png,Missing Fixture,Ankle Injury,Nottingham Forest
22149,I. Sangare,https://media.api-sports.io/football/players/22149.png,Missing Fixture,Foot Injury,Nottingham Forest
1119,K. Ajer,https://media.api-sports.io/football/players/1119.png,Missing Fixture,Ankle Injury,Brentford
19362,J. Dasilva,https://media.api-sports.io/football/players/19362.png,Missing Fixture,Knee Injury,Brentford
44871,A. Hickey,https://media.api-sports.io/football/players/44871.png,Missing Fixture,Hamstring Injury,Brentford
19789,E. Pinnock,https://media.api-sports.io/football/players/19789.png,Missing Fixture,Thigh Injury,Brentford
196156,I. Thiago,https://media.api-sports.io/football/players/196156.png,Missing Fixture,Knee Injury,Brentford
382925,R. Trevitt,https://media.api-sports.io/football/players/382925.png,Missing Fixture,Calf Injury,Brentford
278133,O. Bobb,https://media.api-sports.io/football/players/278133.png,Missing Fixture,Leg Injury,Manchester City
567,R. Dias,https://media.api-sports.io/football/players/567.png,Missing Fixture,Muscle Injury,Manchester City
44,Rodri,https://media.api-sports.io/football/players/44.png,Missing Fixture,Knee Injury,Manchester City
626,J. Stones,https://media.api-sports.io/football/players/626.png,Missing Fixture,Ankle Injury,Manchester City
95,B. Badiashile,https://media.api-sports.io/football/players/95.png,Missing Fixture,Thigh Injury,Chelsea
270507,C. Casadei,https://media.api-sports.io/football/players/270507.png,Missing Fixture,Coach's decision,Chelsea
2933,B. Chilwell,https://media.api-sports.io/football/players/2933.png,Missing Fixture,Coach's decision,Chelsea
148099,K. Dewsbury-Hall,https://media.api-sports.io/football/players/148099.png,Missing Fixture,Knock,Chelsea
22094,W. Fofana,https://media.api-sports.io/football/players/22094.png,Missing Fixture,Muscle Injury,Chelsea
329347,O. Kellyman,https://media.api-sports.io/football/players/329347.png,Missing Fixture,Muscle Injury,Chelsea
63577,M. Mudryk,https://media.api-sports.io/football/players/63577.png,Missing Fixture,Suspended,Chelsea
51051,J. Araujo,https://media.api-sports.io/football/players/51051.png,Missing Fixture,Hamstring Injury,Bournemouth
2273,K. Arrizabalaga,https://media.api-sports.io/football/players/2273.png,Missing Fixture,Loan agreement,Bournemouth
152856,Evanilson,https://media.api-sports.io/football/players/152856.png,Missing Fixture,Foot Injury,Bournemouth
304853,A. Scott,https://media.api-sports.io/football/players/304853.png,Missing Fixture,Knee Injury,Bournemouth
6610,M. Senesi,https://media.api-sports.io/football/players/6610.png,Missing Fixture,Thigh Injury,Bournemouth
37161,L. Sinisterra,https://media.api-sports.io/football/players/37161.png,Missing Fixture,Thigh Injury,Bournemouth
18869,A. Smith,https://media.api-sports.io/football/players/18869.png,Missing Fixture,Leg Injury,Bournemouth
19245,M. Tavernier,https://media.api-sports.io/football/players/19245.png,Missing Fixture,Thigh Injury,Bournemouth
47499,E. Unal,https://media.api-sports.io/football/players/47499.png,Missing Fixture,Knee Injury,Bournemouth
18819,M. Antonio,https://media.api-sports.io/football/players/18819.png,Missing Fixture,Inactive,West Ham
19428,J. Bowen,https://media.api-sports.io/football/players/19428.png,Missing Fixture,Broken Leg,West Ham
25391,N. Fullkrug,https://media.api-sports.io/football/players/25391.png,Missing Fixture,Leg Injury,West Ham
138,J. Todibo,https://media.api-sports.io/football/players/138.png,Missing Fixture,Injury,West Ham
37724,C. Summerville,https://media.api-sports.io/football/players/37724.png,Questionable,Injury,West Ham
727,R. Nelson,https://media.api-sports.io/football/players/727.png,Missing Fixture,Thigh Injury,Fulham
657,K. Tete,https://media.api-sports.io/football/players/657.png,Missing Fixture,Knee Injury,Fulham
22149,I. Sangare,https://media.api-sports.io/football/players/22149.png,Missing Fixture,Foot Injury,Nottingham Forest
284,J. Gomez,https://media.api-sports.io/football/players/284.png,Missing Fixture,Hamstring Injury,Liverpool
51617,D. Nunez,https://media.api-sports.io/football/players/51617.png,Missing Fixture,Yellow Cards,Liverpool
138822,A. Broja,https://media.api-sports.io/football/players/138822.png,Missing Fixture,Ankle Injury,Everton
330412,Chermiti,https://media.api-sports.io/football/players/330412.png,Missing Fixture,Thigh Injury,Everton
895,J. Garner,https://media.api-sports.io/football/players/895.png,Missing Fixture,Lower Back Injury,Everton
284500,T. Iroegbunam,https://media.api-sports.io/football/players/284500.png,Missing Fixture,Ankle Injury,Everton
18929,D. McNeil,https://media.api-sports.io/football/players/18929.png,Missing Fixture,Knee Injury,Everton
18758,S. Coleman,https://media.api-sports.io/football/players/18758.png,Questionable,Calf Injury,Everton
2287,R. Barkley,https://media.api-sports.io/football/players/2287.png,Missing Fixture,Calf Injury,Aston Villa
19191,J. McGinn,https://media.api-sports.io/football/players/19191.png,Missing Fixture,Thigh Injury,Aston Villa
46815,P. Torres,https://media.api-sports.io/football/players/46815.png,Missing Fixture,Foot Injury,Aston Villa
21090,Diego Carlos,https://media.api-sports.io/football/players/21090.png,Questionable,Ankle Injury,Aston Villa
1135,O. Edouard,https://media.api-sports.io/football/players/1135.png,Missing Fixture,Loan agreement,Leicester
303467,I. Fatawu,https://media.api-sports.io/football/players/303467.png,Missing Fixture,Knee Injury,Leicester
15870,M. Hermansen,https://media.api-sports.io/football/players/15870.png,Missing Fixture,Muscle Injury,Leicester
18786,W. Ndidi,https://media.api-sports.io/football/players/18786.png,Missing Fixture,Thigh Injury,Leicester
405905,N. Opoku,https://media.api-sports.io/football/players/405905.png,Missing Fixture,Broken Leg,Leicester
18771,R. Pereira,https://media.api-sports.io/football/players/18771.png,Missing Fixture,Thigh Injury,Leicester
1440,R. Holding,https://media.api-sports.io/football/players/1440.png,Missing Fixture,Coach's decision,Crystal Palace
311157,Matheus Franca,https://media.api-sports.io/football/players/311157.png,Missing Fixture,Muscle Injury,Crystal Palace
288102,A. Wharton,https://media.api-sports.io/football/players/288102.png,Missing Fixture,Groin Injury,Crystal Palace
18778,H. Barnes,https://media.api-sports.io/football/players/18778.png,Missing Fixture,Thigh Injury,Newcastle
18894,J. Lascelles,https://media.api-sports.io/football/players/18894.png,Missing Fixture,Knee Injury,Newcastle
18911,N. Pope,https://media.api-sports.io/football/players/18911.png,Missing Fixture,Knee Injury,Newcastle
2939,C. Wilson,https://media.api-sports.io/football/players/2939.png,Missing Fixture,Thigh Injury,Newcastle
385726,E. Gonzalez,https://media.api-sports.io/football/players/385726.png,Missing Fixture,Knee Injury,Wolves
7722,S. Kalajdzic,https://media.api-sports.io/football/players/7722.png,Missing Fixture,Knee Injury,Wolves
195717,Y. Mosquera,https://media.api-sports.io/football/players/195717.png,Missing Fixture,Knee Injury,Wolves
41606,Toti,https://media.api-sports.io/football/players/41606.png,Missing Fixture,Thigh Injury,Wolves
157912,B. Traore,https://media.api-sports.io/football/players/157912.png,Missing Fixture,Knee Injury,Wolves
643,Gabriel Jesus,https://media.api-sports.io/football/players/643.png,Missing Fixture,Knee Injury,Arsenal
313236,E. Nwaneri,https://media.api-sports.io/football/players/313236.png,Missing Fixture,Muscle Injury,Arsenal
1460,B. Saka,https://media.api-sports.io/football/players/1460.png,Missing Fixture,Thigh Injury,Arsenal
2597,T. Tomiyasu,https://media.api-sports.io/football/players/2597.png,Missing Fixture,Knee Injury,Arsenal
19959,B. White,https://media.api-sports.io/football/players/19959.png,Missing Fixture,Knee Injury,Arsenal
157052,R. Calafiori,https://media.api-sports.io/football/players/157052.png,Questionable,Muscle Injury,Arsenal
863,R. Bentancur,https://media.api-sports.io/football/players/863.png,Missing Fixture,Concussion,Tottenham
164,B. Davies,https://media.api-sports.io/football/players/164.png,Missing Fixture,Thigh Injury,Tottenham
336564,W. Odobert,https://media.api-sports.io/football/players/336564.png,Missing Fixture,Thigh Injury,Tottenham
30776,C. Romero,https://media.api-sports.io/football/players/30776.png,Missing Fixture,Thigh Injury,Tottenham
204039,D. Udogie,https://media.api-sports.io/football/players/204039.png,Missing Fixture,Thigh Injury,Tottenham
31354,G. Vicario,https://media.api-sports.io/football/players/31354.png,Missing Fixture,Broken ankle,Tottenham
1166,T. Werner,https://media.api-sports.io/football/players/1166.png,Missing Fixture,Muscle Injury,Tottenham
152849,M. van de Ven,https://media.api-sports.io/football/players/152849.png,Missing Fixture,Thigh Injury,Tottenham
18932,F. Forster,https://media.api-sports.io/football/players/18932.png,Questionable,Health problems,Tottenham
20007,C. Chaplin,https://media.api-sports.io/football/players/20007.png,Missing Fixture,Knee Injury,Ipswich
19365,C. Ogbene,https://media.api-sports.io/football/players/19365.png,Missing Fixture,Calf Injury,Ipswich
17579,S. Szmodics,https://media.api-sports.io/football/players/17579.png,Missing Fixture,Ankle Injury,Ipswich
19182,A. Tuanzebe,https://media.api-sports.io/football/players/19182.png,Missing Fixture,Hamstring Injury,Ipswich
129643,E. Ferguson,https://media.api-sports.io/football/players/129643.png,Missing Fixture,Ankle Injury,Brighton
278370,D. Gomez,https://media.api-sports.io/football/players/278370.png,Missing Fixture,Inactive,Brighton
305730,J. Hinshelwood,https://media.api-sports.io/football/players/305730.png,Missing Fixture,Knee Injury,Brighton
7600,Igor,https://media.api-sports.io/football/players/7600.png,Missing Fixture,Thigh Injury,Brighton
1361,F. Kadioglu,https://media.api-sports.io/football/players/1361.png,Missing Fixture,Toe Injury,Brighton
296,J. Milner,https://media.api-sports.io/football/players/296.png,Missing Fixture,Thigh Injury,Brighton
92993,M. Wieffer,https://media.api-sports.io/football/players/92993.png,Missing Fixture,Thigh Injury,Brighton
886,D. Dalot,https://media.api-sports.io/football/players/886.png,Missing Fixture,Red Card,Manchester United
18772,J. Evans,https://media.api-sports.io/football/players/18772.png,Missing Fixture,Muscle Injury,Manchester United
889,V. Lindelof,https://media.api-sports.io/football/players/889.png,Missing Fixture,Injury,Manchester United
19220,M. Mount,https://media.api-sports.io/football/players/19220.png,Missing Fixture,Leg Injury,Manchester United
909,M. Rashford,https://media.api-sports.io/football/players/909.png,Missing Fixture,Coach's decision,Manchester United
891,L. Shaw,https://media.api-sports.io/football/players/891.png,Missing Fixture,Calf Injury,Manchester United
18940,J. Stephens,https://media.api-sports.io/football/players/18940.png,Missing Fixture,Knock,Southampton
45078,R. Stewart,https://media.api-sports.io/football/players/45078.png,Missing Fixture,Thigh Injury,Southampton
18778,H. Barnes,https://media.api-sports.io/football/players/18778.png,Missing Fixture,Thigh Injury,Newcastle
18894,J. Lascelles,https://media.api-sports.io/football/players/18894.png,Missing Fixture,Knee Injury,Newcastle
18911,N. Pope,https://media.api-sports.io/football/players/18911.png,Missing Fixture,Knee Injury,Newcastle
2939,C. Wilson,https://media.api-sports.io/football/players/2939.png,Missing Fixture,Thigh Injury,Newcastle
51051,J. Araujo,https://media.api-sports.io/football/players/51051.png,Missing Fixture,Hamstring Injury,Bournemouth
152856,Evanilson,https://media.api-sports.io/football/players/152856.png,Missing Fixture,Foot Injury,Bournemouth
304853,A. Scott,https://media.api-sports.io/football/players/304853.png,Missing Fixture,Knee Injury,Bournemouth
6610,M. Senesi,https://media.api-sports.io/football/players/6610.png,Missing Fixture,Thigh Injury,Bournemouth
37161,L. Sinisterra,https://media.api-sports.io/football/players/37161.png,Missing Fixture,Thigh Injury,Bournemouth
18869,A. Smith,https://media.api-sports.io/football/players/18869.png,Missing Fixture,Leg Injury,Bournemouth
363333,J. Soler,https://media.api-sports.io/football/players/363333.png,Missing Fixture,International duty,Bournemouth
19245,M. Tavernier,https://media.api-sports.io/football/players/19245.png,Missing Fixture,Thigh Injury,Bournemouth
47499,E. Unal,https://media.api-sports.io/football/players/47499.png,Missing Fixture,Knee Injury,Bournemouth
20093,J. Hill,https://media.api-sports.io/football/players/20093.png,Questionable,Thigh Injury,Bournemouth
1119,K. Ajer,https://media.api-sports.io/football/players/1119.png,Missing Fixture,Ankle Injury,Brentford
19362,J. Dasilva,https://media.api-sports.io/football/players/19362.png,Missing Fixture,Knee Injury,Brentford
44871,A. Hickey,https://media.api-sports.io/football/players/44871.png,Missing Fixture,Hamstring Injury,Brentford
19789,E. Pinnock,https://media.api-sports.io/football/players/19789.png,Missing Fixture,Thigh Injury,Brentford
196156,I. Thiago,https://media.api-sports.io/football/players/196156.png,Missing Fixture,Knee Injury,Brentford
382925,R. Trevitt,https://media.api-sports.io/football/players/382925.png,Missing Fixture,Calf Injury,Brentford
284,J. Gomez,https://media.api-sports.io/football/players/284.png,Missing Fixture,Hamstring Injury,Liverpool
2678,Diogo Jota,https://media.api-sports.io/football/players/2678.png,Questionable,Injury,Liverpool
303467,I. Fatawu,https://media.api-sports.io/football/players/303467.png,Missing Fixture,Knee Injury,Leicester
15870,M. Hermansen,https://media.api-sports.io/football/players/15870.png,Missing Fixture,Muscle Injury,Leicester
18786,W. Ndidi,https://media.api-sports.io/football/players/18786.png,Missing Fixture,Thigh Injury,Leicester
405905,N. Opoku,https://media.api-sports.io/football/players/405905.png,Missing Fixture,Broken Leg,Leicester
18771,R. Pereira,https://media.api-sports.io/football/players/18771.png,Missing Fixture,Thigh Injury,Leicester
727,R. Nelson,https://media.api-sports.io/football/players/727.png,Missing Fixture,Thigh Injury,Fulham
657,K. Tete,https://media.api-sports.io/football/players/657.png,Missing Fixture,Knee Injury,Fulham
18819,M. Antonio,https://media.api-sports.io/football/players/18819.png,Missing Fixture,Inactive,West Ham
19428,J. Bowen,https://media.api-sports.io/football/players/19428.png,Missing Fixture,Broken Leg,West Ham
25391,N. Fullkrug,https://media.api-sports.io/football/players/25391.png,Missing Fixture,Leg Injury,West Ham
138,J. Todibo,https://media.api-sports.io/football/players/138.png,Missing Fixture,Injury,West Ham
37724,C. Summerville,https://media.api-sports.io/football/players/37724.png,Questionable,Hamstring Injury,West Ham
1440,R. Holding,https://media.api-sports.io/football/players/1440.png,Missing Fixture,Coach's decision,Crystal Palace
2490,J. Lerma,https://media.api-sports.io/football/players/2490.png,Missing Fixture,Illness,Crystal Palace
311157,Matheus Franca,https://media.api-sports.io/football/players/311157.png,Missing Fixture,Muscle Injury,Crystal Palace
288102,A. Wharton,https://media.api-sports.io/football/players/288102.png,Missing Fixture,Groin Injury,Crystal Palace
643,Gabriel Jesus,https://media.api-sports.io/football/players/643.png,Missing Fixture,Knee Injury,Arsenal
313236,E. Nwaneri,https://media.api-sports.io/football/players/313236.png,Missing Fixture,Muscle Injury,Arsenal
1460,B. Saka,https://media.api-sports.io/football/players/1460.png,Missing Fixture,Thigh Injury,Arsenal
22090,W. Saliba,https://media.api-sports.io/football/players/22090.png,Missing Fixture,Hamstring Injury,Arsenal
2597,T. Tomiyasu,https://media.api-sports.io/football/players/2597.png,Missing Fixture,Knee Injury,Arsenal
19959,B. White,https://media.api-sports.io/football/players/19959.png,Missing Fixture,Knee Injury,Arsenal
157052,R. Calafiori,https://media.api-sports.io/football/players/157052.png,Questionable,Muscle Injury,Arsenal
2287,R. Barkley,https://media.api-sports.io/football/players/2287.png,Missing Fixture,Calf Injury,Aston Villa
21090,Diego Carlos,https://media.api-sports.io/football/players/21090.png,Missing Fixture,Ankle Injury,Aston Villa
19191,J. McGinn,https://media.api-sports.io/football/players/19191.png,Missing Fixture,Thigh Injury,Aston Villa
46815,P. Torres,https://media.api-sports.io/football/players/46815.png,Missing Fixture,Foot Injury,Aston Villa
138822,A. Broja,https://media.api-sports.io/football/players/138822.png,Missing Fixture,Ankle Injury,Everton
330412,Chermiti,https://media.api-sports.io/football/players/330412.png,Missing Fixture,Thigh Injury,Everton
18758,S. Coleman,https://media.api-sports.io/football/players/18758.png,Missing Fixture,Calf Injury,Everton
895,J. Garner,https://media.api-sports.io/football/players/895.png,Missing Fixture,Lower Back Injury,Everton
284500,T. Iroegbunam,https://media.api-sports.io/football/players/284500.png,Missing Fixture,Ankle Injury,Everton
18929,D. McNeil,https://media.api-sports.io/football/players/18929.png,Missing Fixture,Knee Injury,Everton
863,R. Bentancur,https://media.api-sports.io/football/players/863.png,Missing Fixture,Concussion,Tottenham
336564,W. Odobert,https://media.api-sports.io/football/players/336564.png,Missing Fixture,Thigh Injury,Tottenham
30776,C. Romero,https://media.api-sports.io/football/players/30776.png,Missing Fixture,Thigh Injury,Tottenham
18883,D. Solanke,https://media.api-sports.io/football/players/18883.png,Missing Fixture,Knee Injury,Tottenham
204039,D. Udogie,https://media.api-sports.io/football/players/204039.png,Missing Fixture,Thigh Injury,Tottenham
31354,G. Vicario,https://media.api-sports.io/football/players/31354.png,Missing Fixture,Broken ankle,Tottenham
1166,T. Werner,https://media.api-sports.io/football/players/1166.png,Missing Fixture,Muscle Injury,Tottenham
152849,M. van de Ven,https://media.api-sports.io/football/players/152849.png,Missing Fixture,Thigh Injury,Tottenham
18968,Y. Bissouma,https://media.api-sports.io/football/players/18968.png,Questionable,Calf Injury,Tottenham
129711,B. Johnson,https://media.api-sports.io/football/players/129711.png,Questionable,Calf Injury,Tottenham
18772,J. Evans,https://media.api-sports.io/football/players/18772.png,Missing Fixture,Muscle Injury,Manchester United
889,V. Lindelof,https://media.api-sports.io/football/players/889.png,Missing Fixture,Injury,Manchester United
19220,M. Mount,https://media.api-sports.io/football/players/19220.png,Missing Fixture,Leg Injury,Manchester United
909,M. Rashford,https://media.api-sports.io/football/players/909.png,Missing Fixture,Coach's decision,Manchester United
891,L. Shaw,https://media.api-sports.io/football/players/891.png,Missing Fixture,Calf Injury,Manchester United
328225,B. Gruda,https://media.api-sports.io/football/players/328225.png,Missing Fixture,Injury,Brighton
7600,Igor,https://media.api-sports.io/football/players/7600.png,Missing Fixture,Thigh Injury,Brighton
1361,F. Kadioglu,https://media.api-sports.io/football/players/1361.png,Missing Fixture,Toe Injury,Brighton
296,J. Milner,https://media.api-sports.io/football/players/296.png,Missing Fixture,Thigh Injury,Brighton
92993,M. Wieffer,https://media.api-sports.io/football/players/92993.png,Missing Fixture,Thigh Injury,Brighton
129643,E. Ferguson,https://media.api-sports.io/football/players/129643.png,Questionable,Ankle Injury,Brighton
305730,J. Hinshelwood,https://media.api-sports.io/football/players/305730.png,Questionable,Knee Injury,Brighton
22149,I. Sangare,https://media.api-sports.io/football/players/22149.png,Missing Fixture,Foot Injury,Nottingham Forest
18940,J. Stephens,https://media.api-sports.io/football/players/18940.png,Missing Fixture,Knock,Southampton
45078,R. Stewart,https://media.api-sports.io/football/players/45078.png,Missing Fixture,Thigh Injury,Southampton
304317,T. Dibling,https://media.api-sports.io/football/players/304317.png,Questionable,Ankle Injury,Southampton
20007,C. Chaplin,https://media.api-sports.io/football/players/20007.png,Missing Fixture,Knee Injury,Ipswich
19365,C. Ogbene,https://media.api-sports.io/football/players/19365.png,Missing Fixture,Calf Injury,Ipswich
19130,K. Phillips,https://media.api-sports.io/football/players/19130.png,Missing Fixture,Loan agreement,Ipswich
17579,S. Szmodics,https://media.api-sports.io/football/players/17579.png,Missing Fixture,Ankle Injury,Ipswich
278133,O. Bobb,https://media.api-sports.io/football/players/278133.png,Missing Fixture,Leg Injury,Manchester City
44,Rodri,https://media.api-sports.io/football/players/44.png,Missing Fixture,Knee Injury,Manchester City
626,J. Stones,https://media.api-sports.io/football/players/626.png,Questionable,Ankle Injury,Manchester City
95,B. Badiashile,https://media.api-sports.io/football/players/95.png,Missing Fixture,Thigh Injury,Chelsea
270507,C. Casadei,https://media.api-sports.io/football/players/270507.png,Missing Fixture,Coach's decision,Chelsea
2933,B. Chilwell,https://media.api-sports.io/football/players/2933.png,Missing Fixture,Coach's decision,Chelsea
22094,W. Fofana,https://media.api-sports.io/football/players/22094.png,Missing Fixture,Muscle Injury,Chelsea
329347,O. Kellyman,https://media.api-sports.io/football/players/329347.png,Missing Fixture,Muscle Injury,Chelsea
63577,M. Mudryk,https://media.api-sports.io/football/players/63577.png,Missing Fixture,Suspended,Chelsea
152953,L. Colwill,https://media.api-sports.io/football/players/152953.png,Questionable,Injury,Chelsea
5996,E. Fernandez,https://media.api-sports.io/football/players/5996.png,Questionable,Injury,Chelsea
282125,R. Lavia,https://media.api-sports.io/football/players/282125.png,Questionable,Thigh Injury,Chelsea
385726,E. Gonzalez,https://media.api-sports.io/football/players/385726.png,Missing Fixture,Knee Injury,Wolves
7722,S. Kalajdzic,https://media.api-sports.io/football/players/7722.png,Missing Fixture,Knee Injury,Wolves
195717,Y. Mosquera,https://media.api-sports.io/football/players/195717.png,Missing Fixture,Knee Injury,Wolves
41606,Toti,https://media.api-sports.io/football/players/41606.png,Missing Fixture,Thigh Injury,Wolves
157912,B. Traore,https://media.api-sports.io/football/players/157912.png,Questionable,Knee Injury,Wolves
51051,J. Araujo,https://media.api-sports.io/football/players/51051.png,Missing Fixture,Thigh Injury,Bournemouth
152856,Evanilson,https://media.api-sports.io/football/players/152856.png,Missing Fixture,Foot Injury,Bournemouth
20093,J. Hill,https://media.api-sports.io/football/players/20093.png,Missing Fixture,Thigh Injury,Bournemouth
304853,A. Scott,https://media.api-sports.io/football/players/304853.png,Missing Fixture,Knee Injury,Bournemouth
6610,M. Senesi,https://media.api-sports.io/football/players/6610.png,Missing Fixture,Thigh Injury,Bournemouth
37161,L. Sinisterra,https://media.api-sports.io/football/players/37161.png,Missing Fixture,Thigh Injury,Bournemouth
18869,A. Smith,https://media.api-sports.io/football/players/18869.png,Missing Fixture,Leg Injury,Bournemouth
363333,J. Soler,https://media.api-sports.io/football/players/363333.png,Missing Fixture,International duty,Bournemouth
47499,E. Unal,https://media.api-sports.io/football/players/47499.png,Missing Fixture,Knee Injury,Bournemouth
22149,I. Sangare,https://media.api-sports.io/football/players/22149.png,Missing Fixture,Thigh Injury,Nottingham Forest
2298,C. Hudson-Odoi,https://media.api-sports.io/football/players/2298.png,Questionable,Muscle Injury,Nottingham Forest
129643,E. Ferguson,https://media.api-sports.io/football/players/129643.png,Missing Fixture,Ankle Injury,Brighton
7600,Igor,https://media.api-sports.io/football/players/7600.png,Missing Fixture,Thigh Injury,Brighton
1361,F. Kadioglu,https://media.api-sports.io/football/players/1361.png,Missing Fixture,Toe Injury,Brighton
296,J. Milner,https://media.api-sports.io/football/players/296.png,Missing Fixture,Thigh Injury,Brighton
18960,J. Steele,https://media.api-sports.io/football/players/18960.png,Missing Fixture,Shoulder Injury,Brighton
92993,M. Wieffer,https://media.api-sports.io/football/players/92993.png,Missing Fixture,Thigh Injury,Brighton
138822,A. Broja,https://media.api-sports.io/football/players/138822.png,Missing Fixture,Ankle Injury,Everton
330412,Chermiti,https://media.api-sports.io/football/players/330412.png,Missing Fixture,Thigh Injury,Everton
18758,S. Coleman,https://media.api-sports.io/football/players/18758.png,Missing Fixture,Calf Injury,Everton
284500,T. Iroegbunam,https://media.api-sports.io/football/players/284500.png,Missing Fixture,Ankle Injury,Everton
18929,D. McNeil,https://media.api-sports.io/football/players/18929.png,Missing Fixture,Knee Injury,Everton
2678,Diogo Jota,https://media.api-sports.io/football/players/2678.png,Missing Fixture,Muscle Injury,Liverpool
284,J. Gomez,https://media.api-sports.io/football/players/284.png,Missing Fixture,Hamstring Injury,Liverpool
293,C. Jones,https://media.api-sports.io/football/players/293.png,Questionable,Muscle Injury,Liverpool
20007,C. Chaplin,https://media.api-sports.io/football/players/20007.png,Missing Fixture,Knee Injury,Ipswich
19365,C. Ogbene,https://media.api-sports.io/football/players/19365.png,Missing Fixture,Calf Injury,Ipswich
17579,S. Szmodics,https://media.api-sports.io/football/players/17579.png,Missing Fixture,Ankle Injury,Ipswich
304317,T. Dibling,https://media.api-sports.io/football/players/304317.png,Missing Fixture,Ankle Injury,Southampton
263177,A. Gronbaek,https://media.api-sports.io/football/players/263177.png,Missing Fixture,Coach's decision,Southampton
18940,J. Stephens,https://media.api-sports.io/football/players/18940.png,Missing Fixture,Knock,Southampton
45078,R. Stewart,https://media.api-sports.io/football/players/45078.png,Missing Fixture,Thigh Injury,Southampton
199837,K. Sulemana,https://media.api-sports.io/football/players/199837.png,Missing Fixture,Thigh Injury,Southampton
20355,A. Ramsdale,https://media.api-sports.io/football/players/20355.png,Questionable,Lacking Match Fitness,Southampton
18778,H. Barnes,https://media.api-sports.io/football/players/18778.png,Missing Fixture,Thigh Injury,Newcastle
18894,J. Lascelles,https://media.api-sports.io/football/players/18894.png,Missing Fixture,Knee Injury,Newcastle
2939,C. Wilson,https://media.api-sports.io/football/players/2939.png,Missing Fixture,Thigh Injury,Newcastle
385726,E. Gonzalez,https://media.api-sports.io/football/players/385726.png,Missing Fixture,Knee Injury,Wolves
7722,S. Kalajdzic,https://media.api-sports.io/football/players/7722.png,Missing Fixture,Knee Injury,Wolves
18947,M. Lemina,https://media.api-sports.io/football/players/18947.png,Missing Fixture,Illness,Wolves
195717,Y. Mosquera,https://media.api-sports.io/football/players/195717.png,Missing Fixture,Knee Injury,Wolves
157912,B. Traore,https://media.api-sports.io/football/players/157912.png,Questionable,Knee Injury,Wolves
643,Gabriel Jesus,https://media.api-sports.io/football/players/643.png,Missing Fixture,Knee Injury,Arsenal
47311,M. Merino,https://media.api-sports.io/football/players/47311.png,Missing Fixture,Injury,Arsenal
37127,M. Odegaard,https://media.api-sports.io/football/players/37127.png,Missing Fixture,Illness,Arsenal
1460,B. Saka,https://media.api-sports.io/football/players/1460.png,Missing Fixture,Thigh Injury,Arsenal
2597,T. Tomiyasu,https://media.api-sports.io/football/players/2597.png,Missing Fixture,Knee Injury,Arsenal
19959,B. White,https://media.api-sports.io/football/players/19959.png,Missing Fixture,Knee Injury,Arsenal
18861,N. Ake,https://media.api-sports.io/football/players/18861.png,Missing Fixture,Muscle Injury,Manchester City
278133,O. Bobb,https://media.api-sports.io/football/players/278133.png,Missing Fixture,Leg Injury,Manchester City
567,R. Dias,https://media.api-sports.io/football/players/567.png,Missing Fixture,Injury,Manchester City
1422,J. Doku,https://media.api-sports.io/football/players/1422.png,Missing Fixture,Injury,Manchester City
44,Rodri,https://media.api-sports.io/football/players/44.png,Missing Fixture,Knee Injury,Manchester City
95,B. Badiashile,https://media.api-sports.io/football/players/95.png,Missing Fixture,Thigh Injury,Chelsea
270507,C. Casadei,https://media.api-sports.io/football/players/270507.png,Missing Fixture,Coach's decision,Chelsea
2933,B. Chilwell,https://media.api-sports.io/football/players/2933.png,Missing Fixture,Coach's decision,Chelsea
22094,W. Fofana,https://media.api-sports.io/football/players/22094.png,Missing Fixture,Muscle Injury,Chelsea
583,Joao Felix,https://media.api-sports.io/football/players/583.png,Missing Fixture,Personal Reasons,Chelsea
329347,O. Kellyman,https://media.api-sports.io/football/players/329347.png,Missing Fixture,Muscle Injury,Chelsea
282125,R. Lavia,https://media.api-sports.io/football/players/282125.png,Missing Fixture,Thigh Injury,Chelsea
63577,M. Mudryk,https://media.api-sports.io/football/players/63577.png,Missing Fixture,Suspended,Chelsea
3339,C. Doucoure,https://media.api-sports.io/football/players/3339.png,Missing Fixture,Knee Injury,Crystal Palace
1440,R. Holding,https://media.api-sports.io/football/players/1440.png,Missing Fixture,Coach's decision,Crystal Palace
311157,Matheus Franca,https://media.api-sports.io/football/players/311157.png,Missing Fixture,Muscle Injury,Crystal Palace
278898,C. Riad,https://media.api-sports.io/football/players/278898.png,Missing Fixture,Knee Injury,Crystal Palace
288102,A. Wharton,https://media.api-sports.io/football/players/288102.png,Missing Fixture,Groin Injury,Crystal Palace
19362,J. Dasilva,https://media.api-sports.io/football/players/19362.png,Missing Fixture,Knee Injury,Brentford
44871,A. Hickey,https://media.api-sports.io/football/players/44871.png,Missing Fixture,Hamstring Injury,Brentford
342022,M. Kayode,https://media.api-sports.io/football/players/342022.png,Missing Fixture,Coach's decision,Brentford
19789,E. Pinnock,https://media.api-sports.io/football/players/19789.png,Missing Fixture,Thigh Injury,Brentford
196156,I. Thiago,https://media.api-sports.io/football/players/196156.png,Missing Fixture,Knee Injury,Brentford
382925,R. Trevitt,https://media.api-sports.io/football/players/382925.png,Questionable,Calf Injury,Brentford
129711,B. Johnson,https://media.api-sports.io/football/players/129711.png,Missing Fixture,Calf Injury,Tottenham
336564,W. Odobert,https://media.api-sports.io/football/players/336564.png,Missing Fixture,Thigh Injury,Tottenham
18883,D. Solanke,https://media.api-sports.io/football/players/18883.png,Missing Fixture,Knee Injury,Tottenham
204039,D. Udogie,https://media.api-sports.io/football/players/204039.png,Missing Fixture,Thigh Injury,Tottenham
31354,G. Vicario,https://media.api-sports.io/football/players/31354.png,Missing Fixture,Broken ankle,Tottenham
1166,T. Werner,https://media.api-sports.io/football/players/1166.png,Missing Fixture,Muscle Injury,Tottenham
30776,C. Romero,https://media.api-sports.io/football/players/30776.png,Questionable,Thigh Injury,Tottenham
19235,D. Spence,https://media.api-sports.io/football/players/19235.png,Questionable,Knock,Tottenham
152849,M. van de Ven,https://media.api-sports.io/football/players/152849.png,Questionable,Thigh Injury,Tottenham
303467,I. Fatawu,https://media.api-sports.io/football/players/303467.png,Missing Fixture,Knee Injury,Leicester
15870,M. Hermansen,https://media.api-sports.io/football/players/15870.png,Missing Fixture,Muscle Injury,Leicester
405905,N. Opoku,https://media.api-sports.io/football/players/405905.png,Missing Fixture,Broken Leg,Leicester
18771,R. Pereira,https://media.api-sports.io/football/players/18771.png,Missing Fixture,Thigh Injury,Leicester
18786,W. Ndidi,https://media.api-sports.io/football/players/18786.png,Questionable,Thigh Injury,Leicester
2287,R. Barkley,https://media.api-sports.io/football/players/2287.png,Missing Fixture,Calf Injury,Aston Villa
46815,P. Torres,https://media.api-sports.io/football/players/46815.png,Missing Fixture,Foot Injury,Aston Villa
162714,A. Onana,https://media.api-sports.io/football/players/162714.png,Questionable,Thigh Injury,Aston Villa
18819,M. Antonio,https://media.api-sports.io/football/players/18819.png,Missing Fixture,Inactive,West Ham
19428,J. Bowen,https://media.api-sports.io/football/players/19428.png,Missing Fixture,Broken Leg,West Ham
25391,N. Fullkrug,https://media.api-sports.io/football/players/25391.png,Missing Fixture,Leg Injury,West Ham
1445,K. Mavropanos,https://media.api-sports.io/football/players/1445.png,Missing Fixture,Red Card,West Ham
138,J. Todibo,https://media.api-sports.io/football/players/138.png,Missing Fixture,Injury,West Ham
37724,C. Summerville,https://media.api-sports.io/football/players/37724.png,Questionable,Hamstring Injury,West Ham
727,R. Nelson,https://media.api-sports.io/football/players/727.png,Missing Fixture,Thigh Injury,Fulham
657,K. Tete,https://media.api-sports.io/football/players/657.png,Missing Fixture,Knee Injury,Fulham
18772,J. Evans,https://media.api-sports.io/football/players/18772.png,Missing Fixture,Muscle Injury,Manchester United
19220,M. Mount,https://media.api-sports.io/football/players/19220.png,Missing Fixture,Leg Injury,Manchester United
909,M. Rashford,https://media.api-sports.io/football/players/909.png,Missing Fixture,Coach's decision,Manchester United
891,L. Shaw,https://media.api-sports.io/football/players/891.png,Missing Fixture,Calf Injury,Manchester United
2298,C. Hudson-Odoi,https://media.api-sports.io/football/players/2298.png,Missing Fixture,Muscle Injury,Nottingham Forest
7600,Igor,https://media.api-sports.io/football/players/7600.png,Missing Fixture,Thigh Injury,Brighton
1361,F. Kadioglu,https://media.api-sports.io/football/players/1361.png,Missing Fixture,Toe Injury,Brighton
18973,S. March,https://media.api-sports.io/football/players/18973.png,Missing Fixture,Injury,Brighton
296,J. Milner,https://media.api-sports.io/football/players/296.png,Missing Fixture,Thigh Injury,Brighton
18960,J. Steele,https://media.api-sports.io/football/players/18960.png,Missing Fixture,Shoulder Injury,Brighton
92993,M. Wieffer,https://media.api-sports.io/football/players/92993.png,Missing Fixture,Thigh Injury,Brighton
46731,P. Estupinan,https://media.api-sports.io/football/players/46731.png,Questionable,Injury,Brighton
51051,J. Araujo,https://media.api-sports.io/football/players/51051.png,Missing Fixture,Thigh Injury,Bournemouth
152856,Evanilson,https://media.api-sports.io/football/players/152856.png,Missing Fixture,Foot Injury,Bournemouth
20093,J. Hill,https://media.api-sports.io/football/players/20093.png,Missing Fixture,Thigh Injury,Bournemouth
304853,A. Scott,https://media.api-sports.io/football/players/304853.png,Missing Fixture,Knee Injury,Bournemouth
6610,M. Senesi,https://media.api-sports.io/football/players/6610.png,Missing Fixture,Thigh Injury,Bournemouth
18869,A. Smith,https://media.api-sports.io/football/players/18869.png,Missing Fixture,Leg Injury,Bournemouth
363333,J. Soler,https://media.api-sports.io/football/players/363333.png,Missing Fixture,International duty,Bournemouth
47499,E. Unal,https://media.api-sports.io/football/players/47499.png,Missing Fixture,Knee Injury,Bournemouth
37161,L. Sinisterra,https://media.api-sports.io/football/players/37161.png,Questionable,Thigh Injury,Bournemouth
284,J. Gomez,https://media.api-sports.io/football/players/284.png,Questionable,Hamstring Injury,Liverpool
138822,A. Broja,https://media.api-sports.io/football/players/138822.png,Missing Fixture,Ankle Injury,Everton
18766,D. Calvert-Lewin,https://media.api-sports.io/football/players/18766.png,Missing Fixture,Muscle Injury,Everton
330412,Chermiti,https://media.api-sports.io/football/players/330412.png,Missing Fixture,Thigh Injury,Everton
18758,S. Coleman,https://media.api-sports.io/football/players/18758.png,Missing Fixture,Calf Injury,Everton
24882,O. Mangala,https://media.api-sports.io/football/players/24882.png,Missing Fixture,Knee Injury,Everton
18929,D. McNeil,https://media.api-sports.io/football/players/18929.png,Missing Fixture,Knee Injury,Everton
303467,I. Fatawu,https://media.api-sports.io/football/players/303467.png,Missing Fixture,Knee Injury,Leicester
405905,N. Opoku,https://media.api-sports.io/football/players/405905.png,Missing Fixture,Broken Leg,Leicester
18771,R. Pereira,https://media.api-sports.io/football/players/18771.png,Missing Fixture,Thigh Injury,Leicester
20079,H. Souttar,https://media.api-sports.io/football/players/20079.png,Missing Fixture,Ankle Injury,Leicester
18786,W. Ndidi,https://media.api-sports.io/football/players/18786.png,Questionable,Thigh Injury,Leicester
20089,W. Burns,https://media.api-sports.io/football/players/20089.png,Missing Fixture,Knee Injury,Ipswich
20007,C. Chaplin,https://media.api-sports.io/football/players/20007.png,Missing Fixture,Knee Injury,Ipswich
19365,C. Ogbene,https://media.api-sports.io/football/players/19365.png,Missing Fixture,Calf Injury,Ipswich
17579,S. Szmodics,https://media.api-sports.io/football/players/17579.png,Missing Fixture,Ankle Injury,Ipswich
45078,R. Stewart,https://media.api-sports.io/football/players/45078.png,Missing Fixture,Thigh Injury,Southampton
18873,R. Fraser,https://media.api-sports.io/football/players/18873.png,Questionable,Injury,Southampton
19248,N. Wood,https://media.api-sports.io/football/players/19248.png,Questionable,Injury,Southampton
18778,H. Barnes,https://media.api-sports.io/football/players/18778.png,Missing Fixture,Thigh Injury,Newcastle
18894,J. Lascelles,https://media.api-sports.io/football/players/18894.png,Missing Fixture,Knee Injury,Newcastle
2939,C. Wilson,https://media.api-sports.io/football/players/2939.png,Questionable,Thigh Injury,Newcastle
657,K. Tete,https://media.api-sports.io/football/players/657.png,Missing Fixture,Knee Injury,Fulham
19221,H. Wilson,https://media.api-sports.io/football/players/19221.png,Missing Fixture,Injury,Fulham
727,R. Nelson,https://media.api-sports.io/football/players/727.png,Questionable,Thigh Injury,Fulham
380653,L. Chiwome,https://media.api-sports.io/football/players/380653.png,Missing Fixture,Knee Injury,Wolves
385726,E. Gonzalez,https://media.api-sports.io/football/players/385726.png,Missing Fixture,Knee Injury,Wolves
195103,Joao Gomes,https://media.api-sports.io/football/players/195103.png,Missing Fixture,Red Card,Wolves
7722,S. Kalajdzic,https://media.api-sports.io/football/players/7722.png,Missing Fixture,Knee Injury,Wolves
2032,J. S. Larsen,https://media.api-sports.io/football/players/2032.png,Missing Fixture,Thigh Injury,Wolves
18947,M. Lemina,https://media.api-sports.io/football/players/18947.png,Missing Fixture,Illness,Wolves
195717,Y. Mosquera,https://media.api-sports.io/football/players/195717.png,Missing Fixture,Knee Injury,Wolves
157912,B. Traore,https://media.api-sports.io/football/players/157912.png,Questionable,Knee Injury,Wolves
19298,M. Cash,https://media.api-sports.io/football/players/19298.png,Missing Fixture,Muscle Injury,Aston Villa
19179,T. Mings,https://media.api-sports.io/football/players/19179.png,Missing Fixture,Knee Injury,Aston Villa
46815,P. Torres,https://media.api-sports.io/football/players/46815.png,Missing Fixture,Foot Injury,Aston Villa
2287,R. Barkley,https://media.api-sports.io/football/players/2287.png,Questionable,Calf Injury,Aston Villa
19362,J. Dasilva,https://media.api-sports.io/football/players/19362.png,Missing Fixture,Knee Injury,Brentford
19346,R. Henry,https://media.api-sports.io/football/players/19346.png,Missing Fixture,Thigh Injury,Brentford
44871,A. Hickey,https://media.api-sports.io/football/players/44871.png,Missing Fixture,Hamstring Injury,Brentford
196156,I. Thiago,https://media.api-sports.io/football/players/196156.png,Missing Fixture,Knee Injury,Brentford
162498,R. Dragusin,https://media.api-sports.io/football/players/162498.png,Missing Fixture,Knee Injury,Tottenham
129711,B. Johnson,https://media.api-sports.io/football/players/129711.png,Missing Fixture,Calf Injury,Tottenham
18784,J. Maddison,https://media.api-sports.io/football/players/18784.png,Missing Fixture,Calf Injury,Tottenham
336564,W. Odobert,https://media.api-sports.io/football/players/336564.png,Missing Fixture,Thigh Injury,Tottenham
30776,C. Romero,https://media.api-sports.io/football/players/30776.png,Missing Fixture,Thigh Injury,Tottenham
18883,D. Solanke,https://media.api-sports.io/football/players/18883.png,Missing Fixture,Knee Injury,Tottenham
204039,D. Udogie,https://media.api-sports.io/football/players/204039.png,Missing Fixture,Thigh Injury,Tottenham
31354,G. Vicario,https://media.api-sports.io/football/players/31354.png,Missing Fixture,Broken ankle,Tottenham
1166,T. Werner,https://media.api-sports.io/football/players/1166.png,Missing Fixture,Muscle Injury,Tottenham
18772,J. Evans,https://media.api-sports.io/football/players/18772.png,Missing Fixture,Muscle Injury,Manchester United
19220,M. Mount,https://media.api-sports.io/football/players/19220.png,Missing Fixture,Leg Injury,Manchester United
909,M. Rashford,https://media.api-sports.io/football/players/909.png,Missing Fixture,Coach's decision,Manchester United
891,L. Shaw,https://media.api-sports.io/football/players/891.png,Missing Fixture,Calf Injury,Manchester United
3339,C. Doucoure,https://media.api-sports.io/football/players/3339.png,Missing Fixture,Knee Injury,Crystal Palace
278898,C. Riad,https://media.api-sports.io/football/players/278898.png,Missing Fixture,Knee Injury,Crystal Palace
18847,J. Ward,https://media.api-sports.io/football/players/18847.png,Missing Fixture,Calf Injury,Crystal Palace
643,Gabriel Jesus,https://media.api-sports.io/football/players/643.png,Missing Fixture,Knee Injury,Arsenal
1460,B. Saka,https://media.api-sports.io/football/players/1460.png,Missing Fixture,Thigh Injury,Arsenal
2597,T. Tomiyasu,https://media.api-sports.io/football/players/2597.png,Missing Fixture,Knee Injury,Arsenal
19959,B. White,https://media.api-sports.io/football/players/19959.png,Missing Fixture,Knee Injury,Arsenal
18861,N. Ake,https://media.api-sports.io/football/players/18861.png,Missing Fixture,Muscle Injury,Manchester City
567,R. Dias,https://media.api-sports.io/football/players/567.png,Missing Fixture,Muscle Injury,Manchester City
1422,J. Doku,https://media.api-sports.io/football/players/1422.png,Missing Fixture,Injury,Manchester City
44,Rodri,https://media.api-sports.io/football/players/44.png,Missing Fixture,Knee Injury,Manchester City
278133,O. Bobb,https://media.api-sports.io/football/players/278133.png,Questionable,Leg Injury,Manchester City
95,B. Badiashile,https://media.api-sports.io/football/players/95.png,Missing Fixture,Thigh Injury,Chelsea
22094,W. Fofana,https://media.api-sports.io/football/players/22094.png,Missing Fixture,Muscle Injury,Chelsea
329347,O. Kellyman,https://media.api-sports.io/football/players/329347.png,Missing Fixture,Muscle Injury,Chelsea
282125,R. Lavia,https://media.api-sports.io/football/players/282125.png,Missing Fixture,Thigh Injury,Chelsea
63577,M. Mudryk,https://media.api-sports.io/football/players/63577.png,Missing Fixture,Suspended,Chelsea
18819,M. Antonio,https://media.api-sports.io/football/players/18819.png,Missing Fixture,Inactive,West Ham
25391,N. Fullkrug,https://media.api-sports.io/football/players/25391.png,Missing Fixture,Leg Injury,West Ham
138,J. Todibo,https://media.api-sports.io/football/players/138.png,Missing Fixture,Injury,West Ham
37724,C. Summerville,https://media.api-sports.io/football/players/37724.png,Questionable,Hamstring Injury,West Ham
138822,A. Broja,https://media.api-sports.io/football/players/138822.png,Missing Fixture,Ankle Injury,Everton
18766,D. Calvert-Lewin,https://media.api-sports.io/football/players/18766.png,Missing Fixture,Muscle Injury,Everton
330412,Chermiti,https://media.api-sports.io/football/players/330412.png,Missing Fixture,Thigh Injury,Everton
18758,S. Coleman,https://media.api-sports.io/football/players/18758.png,Missing Fixture,Calf Injury,Everton
24882,O. Mangala,https://media.api-sports.io/football/players/24882.png,Missing Fixture,Knee Injury,Everton
18929,D. McNeil,https://media.api-sports.io/football/players/18929.png,Missing Fixture,Knee Injury,Everton
138417,N. Patterson,https://media.api-sports.io/football/players/138417.png,Missing Fixture,Muscle Injury,Everton
284,J. Gomez,https://media.api-sports.io/football/players/284.png,Missing Fixture,Thigh Injury,Liverpool
46731,P. Estupinan,https://media.api-sports.io/football/players/46731.png,Missing Fixture,Injury,Brighton
7600,Igor,https://media.api-sports.io/football/players/7600.png,Missing Fixture,Thigh Injury,Brighton
1361,F. Kadioglu,https://media.api-sports.io/football/players/1361.png,Missing Fixture,Toe Injury,Brighton
18973,S. March,https://media.api-sports.io/football/players/18973.png,Missing Fixture,Injury,Brighton
296,J. Milner,https://media.api-sports.io/football/players/296.png,Missing Fixture,Thigh Injury,Brighton
18960,J. Steele,https://media.api-sports.io/football/players/18960.png,Missing Fixture,Shoulder Injury,Brighton
18963,L. Dunk,https://media.api-sports.io/football/players/18963.png,Questionable,Back Injury,Brighton
95,B. Badiashile,https://media.api-sports.io/football/players/95.png,Missing Fixture,Thigh Injury,Chelsea
22094,W. Fofana,https://media.api-sports.io/football/players/22094.png,Missing Fixture,Muscle Injury,Chelsea
392270,M. Guiu,https://media.api-sports.io/football/players/392270.png,Missing Fixture,Muscle Injury,Chelsea
283058,N. Jackson,https://media.api-sports.io/football/players/283058.png,Missing Fixture,Thigh Injury,Chelsea
329347,O. Kellyman,https://media.api-sports.io/football/players/329347.png,Missing Fixture,Muscle Injury,Chelsea
282125,R. Lavia,https://media.api-sports.io/football/players/282125.png,Missing Fixture,Thigh Injury,Chelsea
63577,M. Mudryk,https://media.api-sports.io/football/players/63577.png,Missing Fixture,Suspended,Chelsea
303467,I. Fatawu,https://media.api-sports.io/football/players/303467.png,Missing Fixture,Knee Injury,Leicester
405905,N. Opoku,https://media.api-sports.io/football/players/405905.png,Missing Fixture,Broken Leg,Leicester
18771,R. Pereira,https://media.api-sports.io/football/players/18771.png,Missing Fixture,Thigh Injury,Leicester
20079,H. Souttar,https://media.api-sports.io/football/players/20079.png,Missing Fixture,Ankle Injury,Leicester
643,Gabriel Jesus,https://media.api-sports.io/football/players/643.png,Missing Fixture,Knee Injury,Arsenal
978,K. Havertz,https://media.api-sports.io/football/players/978.png,Missing Fixture,Hamstring Injury,Arsenal
127769,G. Martinelli,https://media.api-sports.io/football/players/127769.png,Missing Fixture,Thigh Injury,Arsenal
1460,B. Saka,https://media.api-sports.io/football/players/1460.png,Missing Fixture,Thigh Injury,Arsenal
2597,T. Tomiyasu,https://media.api-sports.io/football/players/2597.png,Missing Fixture,Knee Injury,Arsenal
2287,R. Barkley,https://media.api-sports.io/football/players/2287.png,Missing Fixture,Calf Injury,Aston Villa
19298,M. Cash,https://media.api-sports.io/football/players/19298.png,Missing Fixture,Muscle Injury,Aston Villa
19354,E. Konsa,https://media.api-sports.io/football/players/19354.png,Missing Fixture,Muscle Injury,Aston Villa
46815,P. Torres,https://media.api-sports.io/football/players/46815.png,Missing Fixture,Foot Injury,Aston Villa
20089,W. Burns,https://media.api-sports.io/football/players/20089.png,Missing Fixture,Knee Injury,Ipswich
20007,C. Chaplin,https://media.api-sports.io/football/players/20007.png,Missing Fixture,Knee Injury,Ipswich
19365,C. Ogbene,https://media.api-sports.io/football/players/19365.png,Missing Fixture,Calf Injury,Ipswich
19541,C. Walton,https://media.api-sports.io/football/players/19541.png,Missing Fixture,Muscle Injury,Ipswich
17579,S. Szmodics,https://media.api-sports.io/football/players/17579.png,Questionable,Ankle Injury,Ipswich
727,R. Nelson,https://media.api-sports.io/football/players/727.png,Missing Fixture,Thigh Injury,Fulham
657,K. Tete,https://media.api-sports.io/football/players/657.png,Missing Fixture,Knee Injury,Fulham
19221,H. Wilson,https://media.api-sports.io/football/players/19221.png,Missing Fixture,Injury,Fulham
8598,T. Awoniyi,https://media.api-sports.io/football/players/8598.png,Missing Fixture,Broken nose,Nottingham Forest
10373,Carlos Miguel,https://media.api-sports.io/football/players/10373.png,Missing Fixture,Thigh Injury,Nottingham Forest
5,M. Akanji,https://media.api-sports.io/football/players/5.png,Missing Fixture,Injury,Manchester City
278133,O. Bobb,https://media.api-sports.io/football/players/278133.png,Missing Fixture,Leg Injury,Manchester City
414385,C. Echeverri,https://media.api-sports.io/football/players/414385.png,Missing Fixture,International duty,Manchester City
44,Rodri,https://media.api-sports.io/football/players/44.png,Missing Fixture,Knee Injury,Manchester City
19187,J. Grealish,https://media.api-sports.io/football/players/19187.png,Questionable,Injury,Manchester City
723,Joelinton,https://media.api-sports.io/football/players/723.png,Missing Fixture,Knee Injury,Newcastle
18894,J. Lascelles,https://media.api-sports.io/football/players/18894.png,Missing Fixture,Knee Injury,Newcastle
38734,S. Botman,https://media.api-sports.io/football/players/38734.png,Questionable,Knee Injury,Newcastle
45078,R. Stewart,https://media.api-sports.io/football/players/45078.png,Missing Fixture,Thigh Injury,Southampton
19733,F. Downes,https://media.api-sports.io/football/players/19733.png,Questionable,Knock,Southampton
18873,R. Fraser,https://media.api-sports.io/football/players/18873.png,Questionable,Injury,Southampton
144729,T. Harwood-Bellis,https://media.api-sports.io/football/players/144729.png,Questionable,Ankle Injury,Southampton
295,A. Lallana,https://media.api-sports.io/football/players/295.png,Questionable,Thigh Injury,Southampton
18940,J. Stephens,https://media.api-sports.io/football/players/18940.png,Questionable,Calf Injury,Southampton
51051,J. Araujo,https://media.api-sports.io/football/players/51051.png,Missing Fixture,Thigh Injury,Bournemouth
152856,Evanilson,https://media.api-sports.io/football/players/152856.png,Missing Fixture,Foot Injury,Bournemouth
20093,J. Hill,https://media.api-sports.io/football/players/20093.png,Missing Fixture,Thigh Injury,Bournemouth
6610,M. Senesi,https://media.api-sports.io/football/players/6610.png,Missing Fixture,Thigh Injury,Bournemouth
18869,A. Smith,https://media.api-sports.io/football/players/18869.png,Missing Fixture,Leg Injury,Bournemouth
363333,J. Soler,https://media.api-sports.io/football/players/363333.png,Missing Fixture,International duty,Bournemouth
47499,E. Unal,https://media.api-sports.io/football/players/47499.png,Missing Fixture,Knee Injury,Bournemouth
18819,M. Antonio,https://media.api-sports.io/football/players/18819.png,Missing Fixture,Inactive,West Ham
25391,N. Fullkrug,https://media.api-sports.io/football/players/25391.png,Missing Fixture,Leg Injury,West Ham
37724,C. Summerville,https://media.api-sports.io/football/players/37724.png,Missing Fixture,Hamstring Injury,West Ham
19362,J. Dasilva,https://media.api-sports.io/football/players/19362.png,Missing Fixture,Knee Injury,Brentford
19346,R. Henry,https://media.api-sports.io/football/players/19346.png,Missing Fixture,Thigh Injury,Brentford
44871,A. Hickey,https://media.api-sports.io/football/players/44871.png,Missing Fixture,Hamstring Injury,Brentford
196156,I. Thiago,https://media.api-sports.io/football/players/196156.png,Missing Fixture,Knee Injury,Brentford
3339,C. Doucoure,https://media.api-sports.io/football/players/3339.png,Missing Fixture,Knee Injury,Crystal Palace
278898,C. Riad,https://media.api-sports.io/football/players/278898.png,Missing Fixture,Knee Injury,Crystal Palace
18847,J. Ward,https://media.api-sports.io/football/players/18847.png,Missing Fixture,Calf Injury,Crystal Palace
138822,A. Broja,https://media.api-sports.io/football/players/138822.png,Missing Fixture,Ankle Injury,Everton
18766,D. Calvert-Lewin,https://media.api-sports.io/football/players/18766.png,Missing Fixture,Muscle Injury,Everton
330412,Chermiti,https://media.api-sports.io/football/players/330412.png,Missing Fixture,Thigh Injury,Everton
18758,S. Coleman,https://media.api-sports.io/football/players/18758.png,Missing Fixture,Calf Injury,Everton
18805,A. Doucoure,https://media.api-sports.io/football/players/18805.png,Missing Fixture,Red Card,Everton
24882,O. Mangala,https://media.api-sports.io/football/players/24882.png,Missing Fixture,Knee Injury,Everton
18929,D. McNeil,https://media.api-sports.io/football/players/18929.png,Missing Fixture,Knee Injury,Everton
18592,I. Ndiaye,https://media.api-sports.io/football/players/18592.png,Missing Fixture,Knee Injury,Everton
138417,N. Patterson,https://media.api-sports.io/football/players/138417.png,Missing Fixture,Muscle Injury,Everton
284,J. Gomez,https://media.api-sports.io/football/players/284.png,Missing Fixture,Thigh Injury,Liverpool
293,C. Jones,https://media.api-sports.io/football/players/293.png,Missing Fixture,Red Card,Liverpool
247,C. Gakpo,https://media.api-sports.io/football/players/247.png,Questionable,Injury,Liverpool
380653,L. Chiwome,https://media.api-sports.io/football/players/380653.png,Missing Fixture,Knee Injury,Wolves
385726,E. Gonzalez,https://media.api-sports.io/football/players/385726.png,Missing Fixture,Knee Injury,Wolves
24888,Hwang Hee-Chan,https://media.api-sports.io/football/players/24888.png,Missing Fixture,Thigh Injury,Wolves
7722,S. Kalajdzic,https://media.api-sports.io/football/players/7722.png,Missing Fixture,Knee Injury,Wolves
2032,J. S. Larsen,https://media.api-sports.io/football/players/2032.png,Missing Fixture,Thigh Injury,Wolves
195717,Y. Mosquera,https://media.api-sports.io/football/players/195717.png,Missing Fixture,Knee Injury,Wolves
162498,R. Dragusin,https://media.api-sports.io/football/players/162498.png,Missing Fixture,Knee Injury,Tottenham
2413,Richarlison,https://media.api-sports.io/football/players/2413.png,Missing Fixture,Calf Injury,Tottenham
30776,C. Romero,https://media.api-sports.io/football/players/30776.png,Missing Fixture,Thigh Injury,Tottenham
18883,D. Solanke,https://media.api-sports.io/football/players/18883.png,Missing Fixture,Knee Injury,Tottenham
152849,M. van de Ven,https://media.api-sports.io/football/players/152849.png,Missing Fixture,Lacking Match Fitness,Tottenham
1166,T. Werner,https://media.api-sports.io/football/players/1166.png,Questionable,Thigh Injury,Tottenham
50132,A. Bayindir,https://media.api-sports.io/football/players/50132.png,Missing Fixture,Injury,Manchester United
157997,A. Diallo,https://media.api-sports.io/football/players/157997.png,Missing Fixture,Ankle Injury,Manchester United
18772,J. Evans,https://media.api-sports.io/football/players/18772.png,Missing Fixture,Muscle Injury,Manchester United
284322,K. Mainoo,https://media.api-sports.io/football/players/284322.png,Missing Fixture,Injury,Manchester United
2467,L. Martinez,https://media.api-sports.io/football/players/2467.png,Missing Fixture,Knee Injury,Manchester United
19220,M. Mount,https://media.api-sports.io/football/players/19220.png,Missing Fixture,Leg Injury,Manchester United
891,L. Shaw,https://media.api-sports.io/football/players/891.png,Missing Fixture,Calf Injury,Manchester United
51494,M. Ugarte,https://media.api-sports.io/football/players/51494.png,Questionable,Knock,Manchester United
2287,R. Barkley,https://media.api-sports.io/football/players/2287.png,Missing Fixture,Calf Injury,Aston Villa
1904,B. Kamara,https://media.api-sports.io/football/players/1904.png,Missing Fixture,Injury,Aston Villa
19354,E. Konsa,https://media.api-sports.io/football/players/19354.png,Missing Fixture,Muscle Injury,Aston Villa
162714,A. Onana,https://media.api-sports.io/football/players/162714.png,Missing Fixture,Thigh Injury,Aston Villa
46815,P. Torres,https://media.api-sports.io/football/players/46815.png,Missing Fixture,Foot Injury,Aston Villa
983,L. Bailey,https://media.api-sports.io/football/players/983.png,Questionable,Injury,Aston Villa
284,J. Gomez,https://media.api-sports.io/football/players/284.png,Missing Fixture,Thigh Injury,Liverpool
247,C. Gakpo,https://media.api-sports.io/football/players/247.png,Questionable,Injury,Liverpool
303467,I. Fatawu,https://media.api-sports.io/football/players/303467.png,Missing Fixture,Knee Injury,Leicester
405905,N. Opoku,https://media.api-sports.io/football/players/405905.png,Missing Fixture,Broken Leg,Leicester
18771,R. Pereira,https://media.api-sports.io/football/players/18771.png,Missing Fixture,Thigh Injury,Leicester
20079,H. Souttar,https://media.api-sports.io/football/players/20079.png,Missing Fixture,Ankle Injury,Leicester
19760,J. Justin,https://media.api-sports.io/football/players/19760.png,Questionable,Injury,Leicester
19362,J. Dasilva,https://media.api-sports.io/football/players/19362.png,Missing Fixture,Knee Injury,Brentford
19346,R. Henry,https://media.api-sports.io/football/players/19346.png,Missing Fixture,Thigh Injury,Brentford
44871,A. Hickey,https://media.api-sports.io/football/players/44871.png,Missing Fixture,Hamstring Injury,Brentford
196156,I. Thiago,https://media.api-sports.io/football/players/196156.png,Missing Fixture,Knee Injury,Brentford
36922,S. van den Berg,https://media.api-sports.io/football/players/36922.png,Missing Fixture,Knee Injury,Brentford
138822,A. Broja,https://media.api-sports.io/football/players/138822.png,Missing Fixture,Ankle Injury,Everton
18766,D. Calvert-Lewin,https://media.api-sports.io/football/players/18766.png,Missing Fixture,Muscle Injury,Everton
330412,Chermiti,https://media.api-sports.io/football/players/330412.png,Missing Fixture,Thigh Injury,Everton
18758,S. Coleman,https://media.api-sports.io/football/players/18758.png,Missing Fixture,Calf Injury,Everton
24882,O. Mangala,https://media.api-sports.io/football/players/24882.png,Missing Fixture,Knee Injury,Everton
18929,D. McNeil,https://media.api-sports.io/football/players/18929.png,Missing Fixture,Knee Injury,Everton
18592,I. Ndiaye,https://media.api-sports.io/football/players/18592.png,Missing Fixture,Knee Injury,Everton
138417,N. Patterson,https://media.api-sports.io/football/players/138417.png,Missing Fixture,Muscle Injury,Everton
50132,A. Bayindir,https://media.api-sports.io/football/players/50132.png,Missing Fixture,Injury,Manchester United
284400,T. Collyer,https://media.api-sports.io/football/players/284400.png,Missing Fixture,Knock,Manchester United
157997,A. Diallo,https://media.api-sports.io/football/players/157997.png,Missing Fixture,Ankle Injury,Manchester United
18772,J. Evans,https://media.api-sports.io/football/players/18772.png,Missing Fixture,Muscle Injury,Manchester United
2467,L. Martinez,https://media.api-sports.io/football/players/2467.png,Missing Fixture,Knee Injury,Manchester United
19220,M. Mount,https://media.api-sports.io/football/players/19220.png,Missing Fixture,Leg Injury,Manchester United
891,L. Shaw,https://media.api-sports.io/football/players/891.png,Missing Fixture,Calf Injury,Manchester United
643,Gabriel Jesus,https://media.api-sports.io/football/players/643.png,Missing Fixture,Knee Injury,Arsenal
978,K. Havertz,https://media.api-sports.io/football/players/978.png,Missing Fixture,Hamstring Injury,Arsenal
127769,G. Martinelli,https://media.api-sports.io/football/players/127769.png,Missing Fixture,Thigh Injury,Arsenal
1460,B. Saka,https://media.api-sports.io/football/players/1460.png,Missing Fixture,Thigh Injury,Arsenal
2597,T. Tomiyasu,https://media.api-sports.io/football/players/2597.png,Missing Fixture,Knee Injury,Arsenal
18819,M. Antonio,https://media.api-sports.io/football/players/18819.png,Missing Fixture,Inactive,West Ham
25391,N. Fullkrug,https://media.api-sports.io/football/players/25391.png,Missing Fixture,Leg Injury,West Ham
1646,L. Paqueta,https://media.api-sports.io/football/players/1646.png,Missing Fixture,Ankle Injury,West Ham
37724,C. Summerville,https://media.api-sports.io/football/players/37724.png,Missing Fixture,Hamstring Injury,West Ham
1231,V. Coufal,https://media.api-sports.io/football/players/1231.png,Questionable,Thigh Injury,West Ham
51051,J. Araujo,https://media.api-sports.io/football/players/51051.png,Missing Fixture,Thigh Injury,Bournemouth
6610,M. Senesi,https://media.api-sports.io/football/players/6610.png,Missing Fixture,Thigh Injury,Bournemouth
18869,A. Smith,https://media.api-sports.io/football/players/18869.png,Missing Fixture,Leg Injury,Bournemouth
47499,E. Unal,https://media.api-sports.io/football/players/47499.png,Missing Fixture,Knee Injury,Bournemouth
135068,E. Agbadou,https://media.api-sports.io/football/players/135068.png,Missing Fixture,Injury,Wolves
380653,L. Chiwome,https://media.api-sports.io/football/players/380653.png,Missing Fixture,Knee Injury,Wolves
282770,R. Gomes,https://media.api-sports.io/football/players/282770.png,Missing Fixture,Injury,Wolves
385726,E. Gonzalez,https://media.api-sports.io/football/players/385726.png,Missing Fixture,Knee Injury,Wolves
24888,Hwang Hee-Chan,https://media.api-sports.io/football/players/24888.png,Missing Fixture,Thigh Injury,Wolves
7722,S. Kalajdzic,https://media.api-sports.io/football/players/7722.png,Missing Fixture,Knee Injury,Wolves
195717,Y. Mosquera,https://media.api-sports.io/football/players/195717.png,Missing Fixture,Knee Injury,Wolves
727,R. Nelson,https://media.api-sports.io/football/players/727.png,Missing Fixture,Thigh Injury,Fulham
657,K. Tete,https://media.api-sports.io/football/players/657.png,Missing Fixture,Knee Injury,Fulham
19221,H. Wilson,https://media.api-sports.io/football/players/19221.png,Missing Fixture,Injury,Fulham
3339,C. Doucoure,https://media.api-sports.io/football/players/3339.png,Missing Fixture,Knee Injury,Crystal Palace
278898,C. Riad,https://media.api-sports.io/football/players/278898.png,Missing Fixture,Knee Injury,Crystal Palace
18847,J. Ward,https://media.api-sports.io/football/players/18847.png,Missing Fixture,Calf Injury,Crystal Palace
20089,W. Burns,https://media.api-sports.io/football/players/20089.png,Missing Fixture,Knee Injury,Ipswich
20007,C. Chaplin,https://media.api-sports.io/football/players/20007.png,Missing Fixture,Knee Injury,Ipswich
70747,J. Enciso,https://media.api-sports.io/football/players/70747.png,Missing Fixture,Injury,Ipswich
19365,C. Ogbene,https://media.api-sports.io/football/players/19365.png,Missing Fixture,Calf Injury,Ipswich
19182,A. Tuanzebe,https://media.api-sports.io/football/players/19182.png,Missing Fixture,Red Card,Ipswich
19541,C. Walton,https://media.api-sports.io/football/players/19541.png,Missing Fixture,Muscle Injury,Ipswich
162498,R. Dragusin,https://media.api-sports.io/football/players/162498.png,Missing Fixture,Knee Injury,Tottenham
2413,Richarlison,https://media.api-sports.io/football/players/2413.png,Missing Fixture,Calf Injury,Tottenham
30776,C. Romero,https://media.api-sports.io/football/players/30776.png,Missing Fixture,Thigh Injury,Tottenham
18883,D. Solanke,https://media.api-sports.io/football/players/18883.png,Missing Fixture,Knee Injury,Tottenham
152849,M. van de Ven,https://media.api-sports.io/football/players/152849.png,Missing Fixture,Lacking Match Fitness,Tottenham
18873,R. Fraser,https://media.api-sports.io/football/players/18873.png,Missing Fixture,Injury,Southampton
144729,T. Harwood-Bellis,https://media.api-sports.io/football/players/144729.png,Missing Fixture,Ankle Injury,Southampton
295,A. Lallana,https://media.api-sports.io/football/players/295.png,Missing Fixture,Thigh Injury,Southampton
45078,R. Stewart,https://media.api-sports.io/football/players/45078.png,Missing Fixture,Thigh Injury,Southampton
18963,L. Dunk,https://media.api-sports.io/football/players/18963.png,Missing Fixture,Back Injury,Brighton
7600,Igor,https://media.api-sports.io/football/players/7600.png,Missing Fixture,Thigh Injury,Brighton
1361,F. Kadioglu,https://media.api-sports.io/football/players/1361.png,Missing Fixture,Toe Injury,Brighton
296,J. Milner,https://media.api-sports.io/football/players/296.png,Missing Fixture,Thigh Injury,Brighton
18960,J. Steele,https://media.api-sports.io/football/players/18960.png,Missing Fixture,Shoulder Injury,Brighton
2287,R. Barkley,https://media.api-sports.io/football/players/2287.png,Missing Fixture,Calf Injury,Aston Villa
21998,A. Disasi,https://media.api-sports.io/football/players/21998.png,Missing Fixture,Loan agreement,Aston Villa
1904,B. Kamara,https://media.api-sports.io/football/players/1904.png,Missing Fixture,Injury,Aston Villa
162714,A. Onana,https://media.api-sports.io/football/players/162714.png,Missing Fixture,Thigh Injury,Aston Villa
46815,P. Torres,https://media.api-sports.io/football/players/46815.png,Missing Fixture,Foot Injury,Aston Villa
95,B. Badiashile,https://media.api-sports.io/football/players/95.png,Missing Fixture,Thigh Injury,Chelsea
22094,W. Fofana,https://media.api-sports.io/football/players/22094.png,Missing Fixture,Muscle Injury,Chelsea
392270,M. Guiu,https://media.api-sports.io/football/players/392270.png,Missing Fixture,Muscle Injury,Chelsea
283058,N. Jackson,https://media.api-sports.io/football/players/283058.png,Missing Fixture,Thigh Injury,Chelsea
329347,O. Kellyman,https://media.api-sports.io/football/players/329347.png,Missing Fixture,Muscle Injury,Chelsea
282125,R. Lavia,https://media.api-sports.io/football/players/282125.png,Missing Fixture,Thigh Injury,Chelsea
136723,N. Madueke,https://media.api-sports.io/football/players/136723.png,Missing Fixture,Muscle Injury,Chelsea
63577,M. Mudryk,https://media.api-sports.io/football/players/63577.png,Missing Fixture,Suspended,Chelsea
723,Joelinton,https://media.api-sports.io/football/players/723.png,Missing Fixture,Knee Injury,Newcastle
18894,J. Lascelles,https://media.api-sports.io/football/players/18894.png,Missing Fixture,Knee Injury,Newcastle
38734,S. Botman,https://media.api-sports.io/football/players/38734.png,Questionable,Knee Injury,Newcastle
10373,Carlos Miguel,https://media.api-sports.io/football/players/10373.png,Missing Fixture,Thigh Injury,Nottingham Forest
5,M. Akanji,https://media.api-sports.io/football/players/5.png,Missing Fixture,Muscle Injury,Manchester City
278133,O. Bobb,https://media.api-sports.io/football/players/278133.png,Missing Fixture,Leg Injury,Manchester City
44,Rodri,https://media.api-sports.io/football/players/44.png,Missing Fixture,Knee Injury,Manchester City
626,J. Stones,https://media.api-sports.io/football/players/626.png,Missing Fixture,Thigh Injury,Manchester City
1100,E. Haaland,https://media.api-sports.io/football/players/1100.png,Questionable,Knee Injury,Manchester City
180317,C. Bradley,https://media.api-sports.io/football/players/180317.png,Missing Fixture,Thigh Injury,Liverpool
284,J. Gomez,https://media.api-sports.io/football/players/284.png,Missing Fixture,Thigh Injury,Liverpool
18963,L. Dunk,https://media.api-sports.io/football/players/18963.png,Missing Fixture,Back Injury,Brighton
7600,Igor,https://media.api-sports.io/football/players/7600.png,Missing Fixture,Thigh Injury,Brighton
1361,F. Kadioglu,https://media.api-sports.io/football/players/1361.png,Missing Fixture,Toe Injury,Brighton
296,J. Milner,https://media.api-sports.io/football/players/296.png,Missing Fixture,Thigh Injury,Brighton
18960,J. Steele,https://media.api-sports.io/football/players/18960.png,Missing Fixture,Shoulder Injury,Brighton
537,J. Veltman,https://media.api-sports.io/football/players/537.png,Questionable,Injury,Brighton
51051,J. Araujo,https://media.api-sports.io/football/players/51051.png,Missing Fixture,Thigh Injury,Bournemouth
6610,M. Senesi,https://media.api-sports.io/football/players/6610.png,Missing Fixture,Thigh Injury,Bournemouth
18869,A. Smith,https://media.api-sports.io/football/players/18869.png,Missing Fixture,Leg Injury,Bournemouth
47499,E. Unal,https://media.api-sports.io/football/players/47499.png,Missing Fixture,Knee Injury,Bournemouth
161671,I. Zabarnyi,https://media.api-sports.io/football/players/161671.png,Missing Fixture,Red Card,Bournemouth
3339,C. Doucoure,https://media.api-sports.io/football/players/3339.png,Missing Fixture,Knee Injury,Crystal Palace
278898,C. Riad,https://media.api-sports.io/football/players/278898.png,Missing Fixture,Knee Injury,Crystal Palace
18847,J. Ward,https://media.api-sports.io/football/players/18847.png,Missing Fixture,Calf Injury,Crystal Palace
2287,R. Barkley,https://media.api-sports.io/football/players/2287.png,Missing Fixture,Calf Injury,Aston Villa
1904,B. Kamara,https://media.api-sports.io/football/players/1904.png,Missing Fixture,Injury,Aston Villa
162714,A. Onana,https://media.api-sports.io/football/players/162714.png,Missing Fixture,Thigh Injury,Aston Villa
46815,P. Torres,https://media.api-sports.io/football/players/46815.png,Missing Fixture,Foot Injury,Aston Villa
135068,E. Agbadou,https://media.api-sports.io/football/players/135068.png,Missing Fixture,Thigh Injury,Wolves
380653,L. Chiwome,https://media.api-sports.io/football/players/380653.png,Missing Fixture,Knee Injury,Wolves
282770,R. Gomes,https://media.api-sports.io/football/players/282770.png,Missing Fixture,Groin Injury,Wolves
385726,E. Gonzalez,https://media.api-sports.io/football/players/385726.png,Missing Fixture,Knee Injury,Wolves
925,G. Guedes,https://media.api-sports.io/football/players/925.png,Missing Fixture,Knee Injury,Wolves
24888,Hwang Hee-Chan,https://media.api-sports.io/football/players/24888.png,Missing Fixture,Thigh Injury,Wolves
7722,S. Kalajdzic,https://media.api-sports.io/football/players/7722.png,Missing Fixture,Knee Injury,Wolves
195717,Y. Mosquera,https://media.api-sports.io/football/players/195717.png,Missing Fixture,Knee Injury,Wolves
727,R. Nelson,https://media.api-sports.io/football/players/727.png,Missing Fixture,Thigh Injury,Fulham
657,K. Tete,https://media.api-sports.io/football/players/657.png,Missing Fixture,Knee Injury,Fulham
19221,H. Wilson,https://media.api-sports.io/football/players/19221.png,Missing Fixture,Injury,Fulham
1161,E. Smith Rowe,https://media.api-sports.io/football/players/1161.png,Questionable,Ankle Injury,Fulham
95,B. Badiashile,https://media.api-sports.io/football/players/95.png,Missing Fixture,Thigh Injury,Chelsea
392270,M. Guiu,https://media.api-sports.io/football/players/392270.png,Missing Fixture,Muscle Injury,Chelsea
283058,N. Jackson,https://media.api-sports.io/football/players/283058.png,Missing Fixture,Thigh Injury,Chelsea
329347,O. Kellyman,https://media.api-sports.io/football/players/329347.png,Missing Fixture,Muscle Injury,Chelsea
282125,R. Lavia,https://media.api-sports.io/football/players/282125.png,Missing Fixture,Thigh Injury,Chelsea
136723,N. Madueke,https://media.api-sports.io/football/players/136723.png,Missing Fixture,Muscle Injury,Chelsea
63577,M. Mudryk,https://media.api-sports.io/football/players/63577.png,Missing Fixture,Suspended,Chelsea
19720,T. Chalobah,https://media.api-sports.io/football/players/19720.png,Questionable,Back Injury,Chelsea
2999,J. Bednarek,https://media.api-sports.io/football/players/2999.png,Missing Fixture,Lacking Match Fitness,Southampton
18873,R. Fraser,https://media.api-sports.io/football/players/18873.png,Missing Fixture,Injury,Southampton
295,A. Lallana,https://media.api-sports.io/football/players/295.png,Missing Fixture,Thigh Injury,Southampton
45078,R. Stewart,https://media.api-sports.io/football/players/45078.png,Missing Fixture,Thigh Injury,Southampton
270508,L. Ugochukwu,https://media.api-sports.io/football/players/270508.png,Missing Fixture,Loan agreement,Southampton
284264,J. Larios,https://media.api-sports.io/football/players/284264.png,Questionable,Lacking Match Fitness,Southampton
19362,J. Dasilva,https://media.api-sports.io/football/players/19362.png,Missing Fixture,Knee Injury,Brentford
19346,R. Henry,https://media.api-sports.io/football/players/19346.png,Missing Fixture,Thigh Injury,Brentford
44871,A. Hickey,https://media.api-sports.io/football/players/44871.png,Missing Fixture,Hamstring Injury,Brentford
47438,M. Jensen,https://media.api-sports.io/football/players/47438.png,Missing Fixture,Groin Injury,Brentford
30407,C. Norgaard,https://media.api-sports.io/football/players/30407.png,Missing Fixture,Concussion,Brentford
196156,I. Thiago,https://media.api-sports.io/football/players/196156.png,Missing Fixture,Knee Injury,Brentford
36922,S. van den Berg,https://media.api-sports.io/football/players/36922.png,Missing Fixture,Knee Injury,Brentford
138822,A. Broja,https://media.api-sports.io/football/players/138822.png,Missing Fixture,Ankle Injury,Everton
18766,D. Calvert-Lewin,https://media.api-sports.io/football/players/18766.png,Missing Fixture,Muscle Injury,Everton
18758,S. Coleman,https://media.api-sports.io/football/players/18758.png,Missing Fixture,Calf Injury,Everton
24882,O. Mangala,https://media.api-sports.io/football/players/24882.png,Missing Fixture,Knee Injury,Everton
18929,D. McNeil,https://media.api-sports.io/football/players/18929.png,Missing Fixture,Knee Injury,Everton
18592,I. Ndiaye,https://media.api-sports.io/football/players/18592.png,Missing Fixture,Knee Injury,Everton
50132,A. Bayindir,https://media.api-sports.io/football/players/50132.png,Missing Fixture,Injury,Manchester United
284400,T. Collyer,https://media.api-sports.io/football/players/284400.png,Missing Fixture,Knock,Manchester United
157997,A. Diallo,https://media.api-sports.io/football/players/157997.png,Missing Fixture,Ankle Injury,Manchester United
18772,J. Evans,https://media.api-sports.io/football/players/18772.png,Missing Fixture,Muscle Injury,Manchester United
284322,K. Mainoo,https://media.api-sports.io/football/players/284322.png,Missing Fixture,Injury,Manchester United
2467,L. Martinez,https://media.api-sports.io/football/players/2467.png,Missing Fixture,Knee Injury,Manchester United
19220,M. Mount,https://media.api-sports.io/football/players/19220.png,Missing Fixture,Leg Injury,Manchester United
891,L. Shaw,https://media.api-sports.io/football/players/891.png,Missing Fixture,Calf Injury,Manchester United
20089,W. Burns,https://media.api-sports.io/football/players/20089.png,Missing Fixture,Knee Injury,Ipswich
70747,J. Enciso,https://media.api-sports.io/football/players/70747.png,Missing Fixture,Knee Injury,Ipswich
19365,C. Ogbene,https://media.api-sports.io/football/players/19365.png,Missing Fixture,Calf Injury,Ipswich
19541,C. Walton,https://media.api-sports.io/football/players/19541.png,Missing Fixture,Muscle Injury,Ipswich
20007,C. Chaplin,https://media.api-sports.io/football/players/20007.png,Questionable,Knee Injury,Ipswich
19130,K. Phillips,https://media.api-sports.io/football/players/19130.png,Questionable,Calf Injury,Ipswich
10373,Carlos Miguel,https://media.api-sports.io/football/players/10373.png,Missing Fixture,Thigh Injury,Nottingham Forest
643,Gabriel Jesus,https://media.api-sports.io/football/players/643.png,Missing Fixture,Knee Injury,Arsenal
978,K. Havertz,https://media.api-sports.io/football/players/978.png,Missing Fixture,Hamstring Injury,Arsenal
313245,M. Lewis-Skelly,https://media.api-sports.io/football/players/313245.png,Missing Fixture,Red Card,Arsenal
127769,G. Martinelli,https://media.api-sports.io/football/players/127769.png,Missing Fixture,Thigh Injury,Arsenal
1460,B. Saka,https://media.api-sports.io/football/players/1460.png,Missing Fixture,Thigh Injury,Arsenal
2597,T. Tomiyasu,https://media.api-sports.io/football/players/2597.png,Missing Fixture,Knee Injury,Arsenal
164,B. Davies,https://media.api-sports.io/football/players/164.png,Missing Fixture,Muscle Injury,Tottenham
162498,R. Dragusin,https://media.api-sports.io/football/players/162498.png,Missing Fixture,Knee Injury,Tottenham
2413,Richarlison,https://media.api-sports.io/football/players/2413.png,Missing Fixture,Calf Injury,Tottenham
30776,C. Romero,https://media.api-sports.io/football/players/30776.png,Missing Fixture,Thigh Injury,Tottenham
18883,D. Solanke,https://media.api-sports.io/football/players/18883.png,Missing Fixture,Knee Injury,Tottenham
152849,M. van de Ven,https://media.api-sports.io/football/players/152849.png,Missing Fixture,Lacking Match Fitness,Tottenham
5,M. Akanji,https://media.api-sports.io/football/players/5.png,Missing Fixture,Muscle Injury,Manchester City
278133,O. Bobb,https://media.api-sports.io/football/players/278133.png,Missing Fixture,Leg Injury,Manchester City
44,Rodri,https://media.api-sports.io/football/players/44.png,Missing Fixture,Knee Injury,Manchester City
626,J. Stones,https://media.api-sports.io/football/players/626.png,Missing Fixture,Thigh Injury,Manchester City
180317,C. Bradley,https://media.api-sports.io/football/players/180317.png,Missing Fixture,Thigh Injury,Liverpool
284,J. Gomez,https://media.api-sports.io/football/players/284.png,Missing Fixture,Thigh Injury,Liverpool
723,Joelinton,https://media.api-sports.io/football/players/723.png,Missing Fixture,Knee Injury,Newcastle
18894,J. Lascelles,https://media.api-sports.io/football/players/18894.png,Missing Fixture,Knee Injury,Newcastle
38734,S. Botman,https://media.api-sports.io/football/players/38734.png,Questionable,Knee Injury,Newcastle
18819,M. Antonio,https://media.api-sports.io/football/players/18819.png,Missing Fixture,Inactive,West Ham
1231,V. Coufal,https://media.api-sports.io/football/players/1231.png,Missing Fixture,Thigh Injury,West Ham
25391,N. Fullkrug,https://media.api-sports.io/football/players/25391.png,Missing Fixture,Leg Injury,West Ham
1646,L. Paqueta,https://media.api-sports.io/football/players/1646.png,Missing Fixture,Ankle Injury,West Ham
37724,C. Summerville,https://media.api-sports.io/football/players/37724.png,Missing Fixture,Hamstring Injury,West Ham
303467,I. Fatawu,https://media.api-sports.io/football/players/303467.png,Missing Fixture,Knee Injury,Leicester
405905,N. Opoku,https://media.api-sports.io/football/players/405905.png,Missing Fixture,Broken Leg,Leicester
18771,R. Pereira,https://media.api-sports.io/football/players/18771.png,Missing Fixture,Thigh Injury,Leicester
20079,H. Souttar,https://media.api-sports.io/football/players/20079.png,Missing Fixture,Ankle Injury,Leicester
10373,Carlos Miguel,https://media.api-sports.io/football/players/10373.png,Missing Fixture,Thigh Injury,Nottingham Forest
5,M. Akanji,https://media.api-sports.io/football/players/5.png,Missing Fixture,Muscle Injury,Manchester City
18861,N. Ake,https://media.api-sports.io/football/players/18861.png,Missing Fixture,Ankle Injury,Manchester City
278133,O. Bobb,https://media.api-sports.io/football/players/278133.png,Missing Fixture,Leg Injury,Manchester City
44,Rodri,https://media.api-sports.io/football/players/44.png,Missing Fixture,Knee Injury,Manchester City
626,J. Stones,https://media.api-sports.io/football/players/626.png,Missing Fixture,Thigh Injury,Manchester City
18963,L. Dunk,https://media.api-sports.io/football/players/18963.png,Missing Fixture,Back Injury,Brighton
7600,Igor,https://media.api-sports.io/football/players/7600.png,Missing Fixture,Thigh Injury,Brighton
1361,F. Kadioglu,https://media.api-sports.io/football/players/1361.png,Missing Fixture,Toe Injury,Brighton
138815,T. Lamptey,https://media.api-sports.io/football/players/138815.png,Missing Fixture,Red Card,Brighton
296,J. Milner,https://media.api-sports.io/football/players/296.png,Missing Fixture,Thigh Injury,Brighton
18960,J. Steele,https://media.api-sports.io/football/players/18960.png,Missing Fixture,Shoulder Injury,Brighton
537,J. Veltman,https://media.api-sports.io/football/players/537.png,Missing Fixture,Ankle Injury,Brighton
19030,M. O'Riley,https://media.api-sports.io/football/players/19030.png,Questionable,Knee Injury,Brighton
727,R. Nelson,https://media.api-sports.io/football/players/727.png,Missing Fixture,Thigh Injury,Fulham
657,K. Tete,https://media.api-sports.io/football/players/657.png,Missing Fixture,Knee Injury,Fulham
19221,H. Wilson,https://media.api-sports.io/football/players/19221.png,Missing Fixture,Injury,Fulham
18753,A. Traore,https://media.api-sports.io/football/players/18753.png,Questionable,Ankle Injury,Fulham
3339,C. Doucoure,https://media.api-sports.io/football/players/3339.png,Missing Fixture,Knee Injury,Crystal Palace
18806,W. Hughes,https://media.api-sports.io/football/players/18806.png,Missing Fixture,Yellow Cards,Crystal Palace
25927,J. Mateta,https://media.api-sports.io/football/players/25927.png,Missing Fixture,Injury,Crystal Palace
278898,C. Riad,https://media.api-sports.io/football/players/278898.png,Missing Fixture,Knee Injury,Crystal Palace
18847,J. Ward,https://media.api-sports.io/football/players/18847.png,Missing Fixture,Calf Injury,Crystal Palace
20089,W. Burns,https://media.api-sports.io/football/players/20089.png,Missing Fixture,Knee Injury,Ipswich
20007,C. Chaplin,https://media.api-sports.io/football/players/20007.png,Missing Fixture,Knee Injury,Ipswich
616,A. Muric,https://media.api-sports.io/football/players/616.png,Missing Fixture,Shoulder Injury,Ipswich
19365,C. Ogbene,https://media.api-sports.io/football/players/19365.png,Missing Fixture,Calf Injury,Ipswich
17579,S. Szmodics,https://media.api-sports.io/football/players/17579.png,Missing Fixture,Ankle Injury,Ipswich
19182,A. Tuanzebe,https://media.api-sports.io/football/players/19182.png,Missing Fixture,Thigh Injury,Ipswich
180317,C. Bradley,https://media.api-sports.io/football/players/180317.png,Missing Fixture,Thigh Injury,Liverpool
284,J. Gomez,https://media.api-sports.io/football/players/284.png,Missing Fixture,Thigh Injury,Liverpool
162590,T. Morton,https://media.api-sports.io/football/players/162590.png,Missing Fixture,Shoulder Injury,Liverpool
247,C. Gakpo,https://media.api-sports.io/football/players/247.png,Questionable,Knock,Liverpool
19719,J. Bree,https://media.api-sports.io/football/players/19719.png,Missing Fixture,Thigh Injury,Southampton
18873,R. Fraser,https://media.api-sports.io/football/players/18873.png,Missing Fixture,Calf Injury,Southampton
284264,J. Larios,https://media.api-sports.io/football/players/284264.png,Questionable,Lacking Match Fitness,Southampton
45078,R. Stewart,https://media.api-sports.io/football/players/45078.png,Questionable,Thigh Injury,Southampton
19362,J. Dasilva,https://media.api-sports.io/football/players/19362.png,Missing Fixture,Knee Injury,Brentford
44871,A. Hickey,https://media.api-sports.io/football/players/44871.png,Missing Fixture,Thigh Injury,Brentford
196156,I. Thiago,https://media.api-sports.io/football/players/196156.png,Missing Fixture,Knee Injury,Brentford
36922,S. van den Berg,https://media.api-sports.io/football/players/36922.png,Missing Fixture,Knee Injury,Brentford
746,M. Asensio,https://media.api-sports.io/football/players/746.png,Missing Fixture,Injury,Aston Villa
2287,R. Barkley,https://media.api-sports.io/football/players/2287.png,Missing Fixture,Calf Injury,Aston Villa
19599,E. Martinez,https://media.api-sports.io/football/players/19599.png,Missing Fixture,Injury,Aston Villa
162714,A. Onana,https://media.api-sports.io/football/players/162714.png,Missing Fixture,Thigh Injury,Aston Villa
380653,L. Chiwome,https://media.api-sports.io/football/players/380653.png,Missing Fixture,Knee Injury,Wolves
1165,M. Cunha,https://media.api-sports.io/football/players/1165.png,Missing Fixture,Red Card,Wolves
385726,E. Gonzalez,https://media.api-sports.io/football/players/385726.png,Missing Fixture,Knee Injury,Wolves
7722,S. Kalajdzic,https://media.api-sports.io/football/players/7722.png,Missing Fixture,Knee Injury,Wolves
195717,Y. Mosquera,https://media.api-sports.io/football/players/195717.png,Missing Fixture,Knee Injury,Wolves
138822,A. Broja,https://media.api-sports.io/football/players/138822.png,Missing Fixture,Ankle Injury,Everton
18766,D. Calvert-Lewin,https://media.api-sports.io/football/players/18766.png,Missing Fixture,Muscle Injury,Everton
24882,O. Mangala,https://media.api-sports.io/football/players/24882.png,Missing Fixture,Knee Injury,Everton
18929,D. McNeil,https://media.api-sports.io/football/players/18929.png,Missing Fixture,Knee Injury,Everton
18592,I. Ndiaye,https://media.api-sports.io/football/players/18592.png,Missing Fixture,Knee Injury,Everton
422780,A. Anselmino,https://media.api-sports.io/football/players/422780.png,Missing Fixture,Injury,Chelsea
392270,M. Guiu,https://media.api-sports.io/football/players/392270.png,Missing Fixture,Muscle Injury,Chelsea
283058,N. Jackson,https://media.api-sports.io/football/players/283058.png,Missing Fixture,Thigh Injury,Chelsea
19545,R. James,https://media.api-sports.io/football/players/19545.png,Missing Fixture,Illness,Chelsea
329347,O. Kellyman,https://media.api-sports.io/football/players/329347.png,Missing Fixture,Muscle Injury,Chelsea
136723,N. Madueke,https://media.api-sports.io/football/players/136723.png,Missing Fixture,Muscle Injury,Chelsea
63577,M. Mudryk,https://media.api-sports.io/football/players/63577.png,Missing Fixture,Suspended,Chelsea
161907,M. Gusto,https://media.api-sports.io/football/players/161907.png,Questionable,Injury,Chelsea
303467,I. Fatawu,https://media.api-sports.io/football/players/303467.png,Missing Fixture,Knee Injury,Leicester
405905,N. Opoku,https://media.api-sports.io/football/players/405905.png,Missing Fixture,Broken Leg,Leicester
20079,H. Souttar,https://media.api-sports.io/football/players/20079.png,Missing Fixture,Ankle Injury,Leicester
162498,R. Dragusin,https://media.api-sports.io/football/players/162498.png,Missing Fixture,Knee Injury,Tottenham
30435,D. Kulusevski,https://media.api-sports.io/football/players/30435.png,Missing Fixture,Foot Injury,Tottenham
2413,Richarlison,https://media.api-sports.io/football/players/2413.png,Missing Fixture,Calf Injury,Tottenham
164,B. Davies,https://media.api-sports.io/football/players/164.png,Questionable,Muscle Injury,Tottenham
51051,J. Araujo,https://media.api-sports.io/football/players/51051.png,Missing Fixture,Hamstring Injury,Bournemouth
6610,M. Senesi,https://media.api-sports.io/football/players/6610.png,Missing Fixture,Thigh Injury,Bournemouth
18869,A. Smith,https://media.api-sports.io/football/players/18869.png,Missing Fixture,Leg Injury,Bournemouth
47499,E. Unal,https://media.api-sports.io/football/players/47499.png,Missing Fixture,Knee Injury,Bournemouth
161671,I. Zabarnyi,https://media.api-sports.io/football/players/161671.png,Missing Fixture,Red Card,Bournemouth
50132,A. Bayindir,https://media.api-sports.io/football/players/50132.png,Missing Fixture,Injury,Manchester United
157997,A. Diallo,https://media.api-sports.io/football/players/157997.png,Missing Fixture,Ankle Injury,Manchester United
382452,P. Dorgu,https://media.api-sports.io/football/players/382452.png,Missing Fixture,Red Card,Manchester United
18772,J. Evans,https://media.api-sports.io/football/players/18772.png,Missing Fixture,Muscle Injury,Manchester United
2931,T. Heaton,https://media.api-sports.io/football/players/2931.png,Missing Fixture,Injury,Manchester United
284322,K. Mainoo,https://media.api-sports.io/football/players/284322.png,Missing Fixture,Injury,Manchester United
2467,L. Martinez,https://media.api-sports.io/football/players/2467.png,Missing Fixture,Knee Injury,Manchester United
19220,M. Mount,https://media.api-sports.io/football/players/19220.png,Missing Fixture,Leg Injury,Manchester United
891,L. Shaw,https://media.api-sports.io/football/players/891.png,Missing Fixture,Calf Injury,Manchester United
2935,H. Maguire,https://media.api-sports.io/football/players/2935.png,Questionable,Hamstring Injury,Manchester United
51494,M. Ugarte,https://media.api-sports.io/football/players/51494.png,Questionable,Knock,Manchester United
643,Gabriel Jesus,https://media.api-sports.io/football/players/643.png,Missing Fixture,Knee Injury,Arsenal
978,K. Havertz,https://media.api-sports.io/football/players/978.png,Missing Fixture,Hamstring Injury,Arsenal
1460,B. Saka,https://media.api-sports.io/football/players/1460.png,Missing Fixture,Thigh Injury,Arsenal
2597,T. Tomiyasu,https://media.api-sports.io/football/players/2597.png,Missing Fixture,Knee Injury,Arsenal
18819,M. Antonio,https://media.api-sports.io/football/players/18819.png,Missing Fixture,Inactive,West Ham
25391,N. Fullkrug,https://media.api-sports.io/football/players/25391.png,Missing Fixture,Leg Injury,West Ham
37724,C. Summerville,https://media.api-sports.io/football/players/37724.png,Missing Fixture,Hamstring Injury,West Ham
1231,V. Coufal,https://media.api-sports.io/football/players/1231.png,Questionable,Thigh Injury,West Ham
38734,S. Botman,https://media.api-sports.io/football/players/38734.png,Missing Fixture,Knee Injury,Newcastle
138787,A. Gordon,https://media.api-sports.io/football/players/138787.png,Missing Fixture,Red Card,Newcastle
284492,L. Hall,https://media.api-sports.io/football/players/284492.png,Missing Fixture,Foot Injury,Newcastle
18894,J. Lascelles,https://media.api-sports.io/football/players/18894.png,Missing Fixture,Knee Injury,Newcastle
18766,D. Calvert-Lewin,https://media.api-sports.io/football/players/18766.png,Missing Fixture,Muscle Injury,Everton
24882,O. Mangala,https://media.api-sports.io/football/players/24882.png,Missing Fixture,Knee Injury,Everton
18929,D. McNeil,https://media.api-sports.io/football/players/18929.png,Missing Fixture,Knee Injury,Everton
18592,I. Ndiaye,https://media.api-sports.io/football/players/18592.png,Missing Fixture,Knee Injury,Everton
18819,M. Antonio,https://media.api-sports.io/football/players/18819.png,Missing Fixture,Inactive,West Ham
37724,C. Summerville,https://media.api-sports.io/football/players/37724.png,Missing Fixture,Hamstring Injury,West Ham
1231,V. Coufal,https://media.api-sports.io/football/players/1231.png,Questionable,Thigh Injury,West Ham
25391,N. Fullkrug,https://media.api-sports.io/football/players/25391.png,Questionable,Leg Injury,West Ham
20089,W. Burns,https://media.api-sports.io/football/players/20089.png,Missing Fixture,Knee Injury,Ipswich
20007,C. Chaplin,https://media.api-sports.io/football/players/20007.png,Missing Fixture,Knee Injury,Ipswich
616,A. Muric,https://media.api-sports.io/football/players/616.png,Missing Fixture,Shoulder Injury,Ipswich
19365,C. Ogbene,https://media.api-sports.io/football/players/19365.png,Missing Fixture,Calf Injury,Ipswich
17579,S. Szmodics,https://media.api-sports.io/football/players/17579.png,Missing Fixture,Ankle Injury,Ipswich
19182,A. Tuanzebe,https://media.api-sports.io/football/players/19182.png,Missing Fixture,Thigh Injury,Ipswich
10373,Carlos Miguel,https://media.api-sports.io/football/players/10373.png,Missing Fixture,Thigh Injury,Nottingham Forest
5,M. Akanji,https://media.api-sports.io/football/players/5.png,Missing Fixture,Muscle Injury,Manchester City
18861,N. Ake,https://media.api-sports.io/football/players/18861.png,Missing Fixture,Ankle Injury,Manchester City
278133,O. Bobb,https://media.api-sports.io/football/players/278133.png,Missing Fixture,Leg Injury,Manchester City
44,Rodri,https://media.api-sports.io/football/players/44.png,Missing Fixture,Knee Injury,Manchester City
626,J. Stones,https://media.api-sports.io/football/players/626.png,Missing Fixture,Thigh Injury,Manchester City
18963,L. Dunk,https://media.api-sports.io/football/players/18963.png,Missing Fixture,Back Injury,Brighton
7600,Igor,https://media.api-sports.io/football/players/7600.png,Missing Fixture,Thigh Injury,Brighton
1361,F. Kadioglu,https://media.api-sports.io/football/players/1361.png,Missing Fixture,Toe Injury,Brighton
296,J. Milner,https://media.api-sports.io/football/players/296.png,Missing Fixture,Thigh Injury,Brighton
19030,M. O'Riley,https://media.api-sports.io/football/players/19030.png,Missing Fixture,Knee Injury,Brighton
18960,J. Steele,https://media.api-sports.io/football/players/18960.png,Missing Fixture,Shoulder Injury,Brighton
537,J. Veltman,https://media.api-sports.io/football/players/537.png,Missing Fixture,Ankle Injury,Brighton
2999,J. Bednarek,https://media.api-sports.io/football/players/2999.png,Missing Fixture,Concussion,Southampton
19719,J. Bree,https://media.api-sports.io/football/players/19719.png,Missing Fixture,Thigh Injury,Southampton
18873,R. Fraser,https://media.api-sports.io/football/players/18873.png,Missing Fixture,Calf Injury,Southampton
130421,W. Smallbone,https://media.api-sports.io/football/players/130421.png,Missing Fixture,Groin Injury,Southampton
284264,J. Larios,https://media.api-sports.io/football/players/284264.png,Questionable,Lacking Match Fitness,Southampton
45078,R. Stewart,https://media.api-sports.io/football/players/45078.png,Questionable,Thigh Injury,Southampton
380653,L. Chiwome,https://media.api-sports.io/football/players/380653.png,Missing Fixture,Knee Injury,Wolves
1165,M. Cunha,https://media.api-sports.io/football/players/1165.png,Missing Fixture,Red Card,Wolves
385726,E. Gonzalez,https://media.api-sports.io/football/players/385726.png,Missing Fixture,Knee Injury,Wolves
7722,S. Kalajdzic,https://media.api-sports.io/football/players/7722.png,Missing Fixture,Knee Injury,Wolves
195717,Y. Mosquera,https://media.api-sports.io/football/players/195717.png,Missing Fixture,Knee Injury,Wolves
51051,J. Araujo,https://media.api-sports.io/football/players/51051.png,Missing Fixture,Thigh Injury,Bournemouth
6610,M. Senesi,https://media.api-sports.io/football/players/6610.png,Missing Fixture,Thigh Injury,Bournemouth
18869,A. Smith,https://media.api-sports.io/football/players/18869.png,Missing Fixture,Calf Injury,Bournemouth
47499,E. Unal,https://media.api-sports.io/football/players/47499.png,Missing Fixture,Knee Injury,Bournemouth
153066,F. Carvalho,https://media.api-sports.io/football/players/153066.png,Missing Fixture,Shoulder Injury,Brentford
19362,J. Dasilva,https://media.api-sports.io/football/players/19362.png,Missing Fixture,Knee Injury,Brentford
19346,R. Henry,https://media.api-sports.io/football/players/19346.png,Missing Fixture,Thigh Injury,Brentford
44871,A. Hickey,https://media.api-sports.io/football/players/44871.png,Missing Fixture,Inactive,Brentford
342022,M. Kayode,https://media.api-sports.io/football/players/342022.png,Missing Fixture,Inactive,Brentford
196156,I. Thiago,https://media.api-sports.io/football/players/196156.png,Missing Fixture,Knee Injury,Brentford
643,Gabriel Jesus,https://media.api-sports.io/football/players/643.png,Missing Fixture,Knee Injury,Arsenal
978,K. Havertz,https://media.api-sports.io/football/players/978.png,Missing Fixture,Hamstring Injury,Arsenal
1460,B. Saka,https://media.api-sports.io/football/players/1460.png,Missing Fixture,Thigh Injury,Arsenal
645,R. Sterling,https://media.api-sports.io/football/players/645.png,Missing Fixture,Loan agreement,Arsenal
2597,T. Tomiyasu,https://media.api-sports.io/football/players/2597.png,Missing Fixture,Knee Injury,Arsenal
422780,A. Anselmino,https://media.api-sports.io/football/players/422780.png,Missing Fixture,Injury,Chelsea
392270,M. Guiu,https://media.api-sports.io/football/players/392270.png,Missing Fixture,Muscle Injury,Chelsea
283058,N. Jackson,https://media.api-sports.io/football/players/283058.png,Missing Fixture,Thigh Injury,Chelsea
136723,N. Madueke,https://media.api-sports.io/football/players/136723.png,Missing Fixture,Muscle Injury,Chelsea
63577,M. Mudryk,https://media.api-sports.io/football/players/63577.png,Missing Fixture,Suspended,Chelsea
152982,C. Palmer,https://media.api-sports.io/football/players/152982.png,Missing Fixture,Illness,Chelsea
2823,S. Lukic,https://media.api-sports.io/football/players/2823.png,Missing Fixture,Yellow Cards,Fulham
727,R. Nelson,https://media.api-sports.io/football/players/727.png,Missing Fixture,Thigh Injury,Fulham
657,K. Tete,https://media.api-sports.io/football/players/657.png,Missing Fixture,Knee Injury,Fulham
19221,H. Wilson,https://media.api-sports.io/football/players/19221.png,Missing Fixture,Injury,Fulham
25287,K. Danso,https://media.api-sports.io/football/players/25287.png,Missing Fixture,Thigh Injury,Tottenham
162498,R. Dragusin,https://media.api-sports.io/football/players/162498.png,Missing Fixture,Knee Injury,Tottenham
30435,D. Kulusevski,https://media.api-sports.io/football/players/30435.png,Missing Fixture,Foot Injury,Tottenham
2413,Richarlison,https://media.api-sports.io/football/players/2413.png,Missing Fixture,Calf Injury,Tottenham
303467,I. Fatawu,https://media.api-sports.io/football/players/303467.png,Missing Fixture,Knee Injury,Leicester
405905,N. Opoku,https://media.api-sports.io/football/players/405905.png,Missing Fixture,Broken Leg,Leicester
20079,H. Souttar,https://media.api-sports.io/football/players/20079.png,Missing Fixture,Ankle Injury,Leicester
50132,A. Bayindir,https://media.api-sports.io/football/players/50132.png,Missing Fixture,Injury,Manchester United
157997,A. Diallo,https://media.api-sports.io/football/players/157997.png,Missing Fixture,Ankle Injury,Manchester United
382452,P. Dorgu,https://media.api-sports.io/football/players/382452.png,Missing Fixture,Red Card,Manchester United
18772,J. Evans,https://media.api-sports.io/football/players/18772.png,Missing Fixture,Lower Back Injury,Manchester United
284322,K. Mainoo,https://media.api-sports.io/football/players/284322.png,Missing Fixture,Injury,Manchester United
2467,L. Martinez,https://media.api-sports.io/football/players/2467.png,Missing Fixture,Knee Injury,Manchester United
891,L. Shaw,https://media.api-sports.io/football/players/891.png,Missing Fixture,Calf Injury,Manchester United
342970,L. Yoro,https://media.api-sports.io/football/players/342970.png,Missing Fixture,Foot Injury,Manchester United
2935,H. Maguire,https://media.api-sports.io/football/players/2935.png,Questionable,Hamstring Injury,Manchester United
157052,R. Calafiori,https://media.api-sports.io/football/players/157052.png,Missing Fixture,Knee Injury,Arsenal
643,Gabriel Jesus,https://media.api-sports.io/football/players/643.png,Missing Fixture,Knee Injury,Arsenal
978,K. Havertz,https://media.api-sports.io/football/players/978.png,Missing Fixture,Hamstring Injury,Arsenal
2597,T. Tomiyasu,https://media.api-sports.io/football/players/2597.png,Missing Fixture,Knee Injury,Arsenal
727,R. Nelson,https://media.api-sports.io/football/players/727.png,Missing Fixture,Hamstring Injury,Fulham
657,K. Tete,https://media.api-sports.io/football/players/657.png,Missing Fixture,Knee Injury,Fulham
19221,H. Wilson,https://media.api-sports.io/football/players/19221.png,Missing Fixture,Ankle Injury,Fulham
380653,L. Chiwome,https://media.api-sports.io/football/players/380653.png,Missing Fixture,Knee Injury,Wolves
385726,E. Gonzalez,https://media.api-sports.io/football/players/385726.png,Missing Fixture,Knee Injury,Wolves
7722,S. Kalajdzic,https://media.api-sports.io/football/players/7722.png,Missing Fixture,Knee Injury,Wolves
195717,Y. Mosquera,https://media.api-sports.io/football/players/195717.png,Missing Fixture,Knee Injury,Wolves
18819,M. Antonio,https://media.api-sports.io/football/players/18819.png,Missing Fixture,Inactive,West Ham
37724,C. Summerville,https://media.api-sports.io/football/players/37724.png,Missing Fixture,Hamstring Injury,West Ham
18931,C. Wood,https://media.api-sports.io/football/players/18931.png,Questionable,Hip Injury,Nottingham Forest
157997,A. Diallo,https://media.api-sports.io/football/players/157997.png,Missing Fixture,Ankle Injury,Manchester United
18772,J. Evans,https://media.api-sports.io/football/players/18772.png,Missing Fixture,Lower Back Injury,Manchester United
402329,A. Heaven,https://media.api-sports.io/football/players/402329.png,Missing Fixture,Ankle Injury,Manchester United
284322,K. Mainoo,https://media.api-sports.io/football/players/284322.png,Missing Fixture,Injury,Manchester United
2467,L. Martinez,https://media.api-sports.io/football/players/2467.png,Missing Fixture,Knee Injury,Manchester United
891,L. Shaw,https://media.api-sports.io/football/players/891.png,Missing Fixture,Calf Injury,Manchester United
792,J. Kluivert,https://media.api-sports.io/football/players/792.png,Missing Fixture,Injury,Bournemouth
37161,L. Sinisterra,https://media.api-sports.io/football/players/37161.png,Missing Fixture,Hamstring Injury,Bournemouth
19245,M. Tavernier,https://media.api-sports.io/football/players/19245.png,Missing Fixture,Ankle Injury,Bournemouth
47499,E. Unal,https://media.api-sports.io/football/players/47499.png,Missing Fixture,Knee Injury,Bournemouth
51051,J. Araujo,https://media.api-sports.io/football/players/51051.png,Questionable,Thigh Injury,Bournemouth
20089,W. Burns,https://media.api-sports.io/football/players/20089.png,Missing Fixture,Knee Injury,Ipswich
19119,L. Davis,https://media.api-sports.io/football/players/19119.png,Missing Fixture,Inactive,Ipswich
284428,O. Hutchinson,https://media.api-sports.io/football/players/284428.png,Missing Fixture,Inactive,Ipswich
616,A. Muric,https://media.api-sports.io/football/players/616.png,Missing Fixture,Shoulder Injury,Ipswich
19365,C. Ogbene,https://media.api-sports.io/football/players/19365.png,Missing Fixture,Calf Injury,Ipswich
17579,S. Szmodics,https://media.api-sports.io/football/players/17579.png,Missing Fixture,Ankle Injury,Ipswich
7600,Igor,https://media.api-sports.io/football/players/7600.png,Missing Fixture,Thigh Injury,Brighton
1361,F. Kadioglu,https://media.api-sports.io/football/players/1361.png,Missing Fixture,Toe Injury,Brighton
138815,T. Lamptey,https://media.api-sports.io/football/players/138815.png,Missing Fixture,Ankle Injury,Brighton
296,J. Milner,https://media.api-sports.io/football/players/296.png,Missing Fixture,Thigh Injury,Brighton
90590,G. Rutter,https://media.api-sports.io/football/players/90590.png,Missing Fixture,Ankle Injury,Brighton
18960,J. Steele,https://media.api-sports.io/football/players/18960.png,Missing Fixture,Shoulder Injury,Brighton
537,J. Veltman,https://media.api-sports.io/football/players/537.png,Missing Fixture,Ankle Injury,Brighton
19265,A. Webster,https://media.api-sports.io/football/players/19265.png,Missing Fixture,Thigh Injury,Brighton
983,L. Bailey,https://media.api-sports.io/football/players/983.png,Questionable,Knock,Aston Villa
2287,R. Barkley,https://media.api-sports.io/football/players/2287.png,Questionable,Knee Injury,Aston Villa
5,M. Akanji,https://media.api-sports.io/football/players/5.png,Missing Fixture,Muscle Injury,Manchester City
18861,N. Ake,https://media.api-sports.io/football/players/18861.png,Missing Fixture,Ankle Injury,Manchester City
1100,E. Haaland,https://media.api-sports.io/football/players/1100.png,Missing Fixture,Ankle Injury,Manchester City
44,Rodri,https://media.api-sports.io/football/players/44.png,Missing Fixture,Knee Injury,Manchester City
626,J. Stones,https://media.api-sports.io/football/players/626.png,Missing Fixture,Thigh Injury,Manchester City
303467,I. Fatawu,https://media.api-sports.io/football/players/303467.png,Missing Fixture,Knee Injury,Leicester
405905,N. Opoku,https://media.api-sports.io/football/players/405905.png,Missing Fixture,Broken Leg,Leicester
20079,H. Souttar,https://media.api-sports.io/football/players/20079.png,Missing Fixture,Ankle Injury,Leicester
38734,S. Botman,https://media.api-sports.io/football/players/38734.png,Missing Fixture,Knee Injury,Newcastle
138787,A. Gordon,https://media.api-sports.io/football/players/138787.png,Missing Fixture,Red Card,Newcastle
284492,L. Hall,https://media.api-sports.io/football/players/284492.png,Missing Fixture,Foot Injury,Newcastle
18894,J. Lascelles,https://media.api-sports.io/football/players/18894.png,Missing Fixture,Knee Injury,Newcastle
153066,F. Carvalho,https://media.api-sports.io/football/players/153066.png,Missing Fixture,Shoulder Injury,Brentford
19362,J. Dasilva,https://media.api-sports.io/football/players/19362.png,Missing Fixture,Knee Injury,Brentford
19346,R. Henry,https://media.api-sports.io/football/players/19346.png,Missing Fixture,Thigh Injury,Brentford
44871,A. Hickey,https://media.api-sports.io/football/players/44871.png,Missing Fixture,Inactive,Brentford
47438,M. Jensen,https://media.api-sports.io/football/players/47438.png,Missing Fixture,Illness,Brentford
196156,I. Thiago,https://media.api-sports.io/football/players/196156.png,Missing Fixture,Knee Injury,Brentford
18873,R. Fraser,https://media.api-sports.io/football/players/18873.png,Missing Fixture,Calf Injury,Southampton
130421,W. Smallbone,https://media.api-sports.io/football/players/130421.png,Missing Fixture,Groin Injury,Southampton
284264,J. Larios,https://media.api-sports.io/football/players/284264.png,Questionable,Lacking Match Fitness,Southampton
45078,R. Stewart,https://media.api-sports.io/football/players/45078.png,Questionable,Thigh Injury,Southampton
3339,C. Doucoure,https://media.api-sports.io/football/players/3339.png,Missing Fixture,Knee Injury,Crystal Palace
18806,W. Hughes,https://media.api-sports.io/football/players/18806.png,Missing Fixture,Yellow Cards,Crystal Palace
278898,C. Riad,https://media.api-sports.io/football/players/278898.png,Missing Fixture,Knee Injury,Crystal Palace
126949,C. Richards,https://media.api-sports.io/football/players/126949.png,Missing Fixture,Calf Injury,Crystal Palace
283,T. Alexander-Arnold,https://media.api-sports.io/football/players/283.png,Missing Fixture,Ankle Injury,Liverpool
280,Alisson,https://media.api-sports.io/football/players/280.png,Missing Fixture,Concussion,Liverpool
284,J. Gomez,https://media.api-sports.io/football/players/284.png,Missing Fixture,Hamstring Injury,Liverpool
162590,T. Morton,https://media.api-sports.io/football/players/162590.png,Missing Fixture,Shoulder Injury,Liverpool
180317,C. Bradley,https://media.api-sports.io/football/players/180317.png,Questionable,Thigh Injury,Liverpool
18766,D. Calvert-Lewin,https://media.api-sports.io/football/players/18766.png,Missing Fixture,Muscle Injury,Everton
15884,J. Lindstrom,https://media.api-sports.io/football/players/15884.png,Missing Fixture,Groin Injury,Everton
24882,O. Mangala,https://media.api-sports.io/football/players/24882.png,Missing Fixture,Knee Injury,Everton
18929,D. McNeil,https://media.api-sports.io/football/players/18929.png,Questionable,Knee Injury,Everton
329347,O. Kellyman,https://media.api-sports.io/football/players/329347.png,Missing Fixture,Hamstring Injury,Chelsea
282125,R. Lavia,https://media.api-sports.io/football/players/282125.png,Missing Fixture,Health problems,Chelsea
63577,M. Mudryk,https://media.api-sports.io/football/players/63577.png,Missing Fixture,Suspended,Chelsea
392270,M. Guiu,https://media.api-sports.io/football/players/392270.png,Questionable,Muscle Injury,Chelsea
25287,K. Danso,https://media.api-sports.io/football/players/25287.png,Missing Fixture,Thigh Injury,Tottenham
162498,R. Dragusin,https://media.api-sports.io/football/players/162498.png,Missing Fixture,Knee Injury,Tottenham
30435,D. Kulusevski,https://media.api-sports.io/football/players/30435.png,Missing Fixture,Foot Injury,Tottenham
2413,Richarlison,https://media.api-sports.io/football/players/2413.png,Missing Fixture,Calf Injury,Tottenham
18766,D. Calvert-Lewin,https://media.api-sports.io/football/players/18766.png,Missing Fixture,Muscle Injury,Everton
15884,J. Lindstrom,https://media.api-sports.io/football/players/15884.png,Missing Fixture,Groin Injury,Everton
24882,O. Mangala,https://media.api-sports.io/football/players/24882.png,Missing Fixture,Knee Injury,Everton
157052,R. Calafiori,https://media.api-sports.io/football/players/157052.png,Missing Fixture,Knee Injury,Arsenal
22224,Gabriel,https://media.api-sports.io/football/players/22224.png,Missing Fixture,Hamstring Injury,Arsenal
643,Gabriel Jesus,https://media.api-sports.io/football/players/643.png,Missing Fixture,Knee Injury,Arsenal
978,K. Havertz,https://media.api-sports.io/football/players/978.png,Missing Fixture,Hamstring Injury,Arsenal
2597,T. Tomiyasu,https://media.api-sports.io/football/players/2597.png,Missing Fixture,Knee Injury,Arsenal
3339,C. Doucoure,https://media.api-sports.io/football/players/3339.png,Missing Fixture,Knee Injury,Crystal Palace
278898,C. Riad,https://media.api-sports.io/football/players/278898.png,Missing Fixture,Knee Injury,Crystal Palace
126949,C. Richards,https://media.api-sports.io/football/players/126949.png,Questionable,Calf Injury,Crystal Palace
7600,Igor,https://media.api-sports.io/football/players/7600.png,Missing Fixture,Thigh Injury,Brighton
1361,F. Kadioglu,https://media.api-sports.io/football/players/1361.png,Missing Fixture,Toe Injury,Brighton
138815,T. Lamptey,https://media.api-sports.io/football/players/138815.png,Missing Fixture,Ankle Injury,Brighton
296,J. Milner,https://media.api-sports.io/football/players/296.png,Missing Fixture,Thigh Injury,Brighton
90590,G. Rutter,https://media.api-sports.io/football/players/90590.png,Missing Fixture,Ankle Injury,Brighton
18960,J. Steele,https://media.api-sports.io/football/players/18960.png,Missing Fixture,Shoulder Injury,Brighton
537,J. Veltman,https://media.api-sports.io/football/players/537.png,Missing Fixture,Ankle Injury,Brighton
19265,A. Webster,https://media.api-sports.io/football/players/19265.png,Missing Fixture,Thigh Injury,Brighton
20089,W. Burns,https://media.api-sports.io/football/players/20089.png,Missing Fixture,Knee Injury,Ipswich
284428,O. Hutchinson,https://media.api-sports.io/football/players/284428.png,Missing Fixture,Thigh Injury,Ipswich
616,A. Muric,https://media.api-sports.io/football/players/616.png,Missing Fixture,Shoulder Injury,Ipswich
19365,C. Ogbene,https://media.api-sports.io/football/players/19365.png,Missing Fixture,Calf Injury,Ipswich
17579,S. Szmodics,https://media.api-sports.io/football/players/17579.png,Missing Fixture,Ankle Injury,Ipswich
380653,L. Chiwome,https://media.api-sports.io/football/players/380653.png,Missing Fixture,Knee Injury,Wolves
1165,M. Cunha,https://media.api-sports.io/football/players/1165.png,Missing Fixture,Red Card,Wolves
385726,E. Gonzalez,https://media.api-sports.io/football/players/385726.png,Missing Fixture,Knee Injury,Wolves
7722,S. Kalajdzic,https://media.api-sports.io/football/players/7722.png,Missing Fixture,Knee Injury,Wolves
195717,Y. Mosquera,https://media.api-sports.io/football/players/195717.png,Missing Fixture,Knee Injury,Wolves
18819,M. Antonio,https://media.api-sports.io/football/players/18819.png,Missing Fixture,Inactive,West Ham
37724,C. Summerville,https://media.api-sports.io/football/players/37724.png,Missing Fixture,Hamstring Injury,West Ham
1125,R. Christie,https://media.api-sports.io/football/players/1125.png,Missing Fixture,Groin Injury,Bournemouth
37161,L. Sinisterra,https://media.api-sports.io/football/players/37161.png,Missing Fixture,Hamstring Injury,Bournemouth
19245,M. Tavernier,https://media.api-sports.io/football/players/19245.png,Missing Fixture,Ankle Injury,Bournemouth
47499,E. Unal,https://media.api-sports.io/football/players/47499.png,Missing Fixture,Knee Injury,Bournemouth
792,J. Kluivert,https://media.api-sports.io/football/players/792.png,Questionable,Injury,Bournemouth
983,L. Bailey,https://media.api-sports.io/football/players/983.png,Questionable,Knock,Aston Villa
2287,R. Barkley,https://media.api-sports.io/football/players/2287.png,Questionable,Knee Injury,Aston Villa
2771,O. Aina,https://media.api-sports.io/football/players/2771.png,Missing Fixture,Calf Injury,Nottingham Forest
18931,C. Wood,https://media.api-sports.io/football/players/18931.png,Questionable,Hip Injury,Nottingham Forest
153066,F. Carvalho,https://media.api-sports.io/football/players/153066.png,Missing Fixture,Shoulder Injury,Brentford
19362,J. Dasilva,https://media.api-sports.io/football/players/19362.png,Missing Fixture,Knee Injury,Brentford
196156,I. Thiago,https://media.api-sports.io/football/players/196156.png,Missing Fixture,Knee Injury,Brentford
44871,A. Hickey,https://media.api-sports.io/football/players/44871.png,Questionable,Inactive,Brentford
329347,O. Kellyman,https://media.api-sports.io/football/players/329347.png,Missing Fixture,Hamstring Injury,Chelsea
282125,R. Lavia,https://media.api-sports.io/football/players/282125.png,Missing Fixture,Health problems,Chelsea
63577,M. Mudryk,https://media.api-sports.io/football/players/63577.png,Missing Fixture,Suspended,Chelsea
727,R. Nelson,https://media.api-sports.io/football/players/727.png,Missing Fixture,Hamstring Injury,Fulham
19221,H. Wilson,https://media.api-sports.io/football/players/19221.png,Missing Fixture,Ankle Injury,Fulham
283,T. Alexander-Arnold,https://media.api-sports.io/football/players/283.png,Missing Fixture,Ankle Injury,Liverpool
284,J. Gomez,https://media.api-sports.io/football/players/284.png,Missing Fixture,Hamstring Injury,Liverpool
280,Alisson,https://media.api-sports.io/football/players/280.png,Questionable,Concussion,Liverpool
25287,K. Danso,https://media.api-sports.io/football/players/25287.png,Missing Fixture,Thigh Injury,Tottenham
162498,R. Dragusin,https://media.api-sports.io/football/players/162498.png,Missing Fixture,Knee Injury,Tottenham
30435,D. Kulusevski,https://media.api-sports.io/football/players/30435.png,Missing Fixture,Foot Injury,Tottenham
19733,F. Downes,https://media.api-sports.io/football/players/19733.png,Missing Fixture,Yellow Cards,Southampton
18873,R. Fraser,https://media.api-sports.io/football/players/18873.png,Missing Fixture,Calf Injury,Southampton
284264,J. Larios,https://media.api-sports.io/football/players/284264.png,Questionable,Lacking Match Fitness,Southampton
157997,A. Diallo,https://media.api-sports.io/football/players/157997.png,Missing Fixture,Ankle Injury,Manchester United
18772,J. Evans,https://media.api-sports.io/football/players/18772.png,Missing Fixture,Lower Back Injury,Manchester United
402329,A. Heaven,https://media.api-sports.io/football/players/402329.png,Missing Fixture,Ankle Injury,Manchester United
2467,L. Martinez,https://media.api-sports.io/football/players/2467.png,Missing Fixture,Knee Injury,Manchester United
284322,K. Mainoo,https://media.api-sports.io/football/players/284322.png,Questionable,Injury,Manchester United
532,M. de Ligt,https://media.api-sports.io/football/players/532.png,Questionable,Injury,Manchester United
5,M. Akanji,https://media.api-sports.io/football/players/5.png,Missing Fixture,Muscle Injury,Manchester City
18861,N. Ake,https://media.api-sports.io/football/players/18861.png,Missing Fixture,Ankle Injury,Manchester City
1100,E. Haaland,https://media.api-sports.io/football/players/1100.png,Missing Fixture,Ankle Injury,Manchester City
44,Rodri,https://media.api-sports.io/football/players/44.png,Missing Fixture,Knee Injury,Manchester City
626,J. Stones,https://media.api-sports.io/football/players/626.png,Missing Fixture,Thigh Injury,Manchester City
303467,I. Fatawu,https://media.api-sports.io/football/players/303467.png,Missing Fixture,Knee Injury,Leicester
405905,N. Opoku,https://media.api-sports.io/football/players/405905.png,Missing Fixture,Broken Leg,Leicester
20079,H. Souttar,https://media.api-sports.io/football/players/20079.png,Missing Fixture,Ankle Injury,Leicester
38734,S. Botman,https://media.api-sports.io/football/players/38734.png,Missing Fixture,Knee Injury,Newcastle
284492,L. Hall,https://media.api-sports.io/football/players/284492.png,Missing Fixture,Foot Injury,Newcastle
18894,J. Lascelles,https://media.api-sports.io/football/players/18894.png,Missing Fixture,Knee Injury,Newcastle
138787,A. Gordon,https://media.api-sports.io/football/players/138787.png,Questionable,Groin Injury,Newcastle
5,M. Akanji,https://media.api-sports.io/football/players/5.png,Missing Fixture,Muscle Injury,Manchester City
18861,N. Ake,https://media.api-sports.io/football/players/18861.png,Missing Fixture,Ankle Injury,Manchester City
631,P. Foden,https://media.api-sports.io/football/players/631.png,Missing Fixture,Injury,Manchester City
1100,E. Haaland,https://media.api-sports.io/football/players/1100.png,Missing Fixture,Ankle Injury,Manchester City
44,Rodri,https://media.api-sports.io/football/players/44.png,Missing Fixture,Knee Injury,Manchester City
626,J. Stones,https://media.api-sports.io/football/players/626.png,Missing Fixture,Thigh Injury,Manchester City
3339,C. Doucoure,https://media.api-sports.io/football/players/3339.png,Missing Fixture,Knee Injury,Crystal Palace
402640,R. Esse,https://media.api-sports.io/football/players/402640.png,Missing Fixture,Illness,Crystal Palace
67971,M. Guehi,https://media.api-sports.io/football/players/67971.png,Missing Fixture,Red Card,Crystal Palace
1468,E. Nketiah,https://media.api-sports.io/football/players/1468.png,Missing Fixture,Red Card,Crystal Palace
278898,C. Riad,https://media.api-sports.io/football/players/278898.png,Missing Fixture,Knee Injury,Crystal Palace
50999,M. Turner,https://media.api-sports.io/football/players/50999.png,Missing Fixture,Illness,Crystal Palace
7600,Igor,https://media.api-sports.io/football/players/7600.png,Missing Fixture,Thigh Injury,Brighton
1361,F. Kadioglu,https://media.api-sports.io/football/players/1361.png,Missing Fixture,Toe Injury,Brighton
138815,T. Lamptey,https://media.api-sports.io/football/players/138815.png,Missing Fixture,Ankle Injury,Brighton
296,J. Milner,https://media.api-sports.io/football/players/296.png,Missing Fixture,Thigh Injury,Brighton
90590,G. Rutter,https://media.api-sports.io/football/players/90590.png,Missing Fixture,Ankle Injury,Brighton
18960,J. Steele,https://media.api-sports.io/football/players/18960.png,Missing Fixture,Shoulder Injury,Brighton
537,J. Veltman,https://media.api-sports.io/football/players/537.png,Missing Fixture,Ankle Injury,Brighton
19265,A. Webster,https://media.api-sports.io/football/players/19265.png,Missing Fixture,Thigh Injury,Brighton
38695,J. P. van Hecke,https://media.api-sports.io/football/players/38695.png,Missing Fixture,Red Card,Brighton
311334,F. Buonanotte,https://media.api-sports.io/football/players/311334.png,Missing Fixture,Loan agreement,Leicester
303467,I. Fatawu,https://media.api-sports.io/football/players/303467.png,Missing Fixture,Knee Injury,Leicester
20079,H. Souttar,https://media.api-sports.io/football/players/20079.png,Missing Fixture,Ankle Injury,Leicester
182,H. Winks,https://media.api-sports.io/football/players/182.png,Missing Fixture,Coach's decision,Leicester
8694,W. Faes,https://media.api-sports.io/football/players/8694.png,Questionable,Injury,Leicester
2771,O. Aina,https://media.api-sports.io/football/players/2771.png,Missing Fixture,Calf Injury,Nottingham Forest
8598,T. Awoniyi,https://media.api-sports.io/football/players/8598.png,Questionable,Hamstring Injury,Nottingham Forest
18766,D. Calvert-Lewin,https://media.api-sports.io/football/players/18766.png,Missing Fixture,Muscle Injury,Everton
15884,J. Lindstrom,https://media.api-sports.io/football/players/15884.png,Missing Fixture,Groin Injury,Everton
24882,O. Mangala,https://media.api-sports.io/football/players/24882.png,Missing Fixture,Knee Injury,Everton
19733,F. Downes,https://media.api-sports.io/football/players/19733.png,Missing Fixture,Yellow Cards,Southampton
263177,A. Gronbaek,https://media.api-sports.io/football/players/263177.png,Missing Fixture,Muscle Injury,Southampton
18918,C. Taylor,https://media.api-sports.io/football/players/18918.png,Questionable,Knock,Southampton
983,L. Bailey,https://media.api-sports.io/football/players/983.png,Questionable,Knock,Aston Villa
157052,R. Calafiori,https://media.api-sports.io/football/players/157052.png,Missing Fixture,Knee Injury,Arsenal
22224,Gabriel,https://media.api-sports.io/football/players/22224.png,Missing Fixture,Hamstring Injury,Arsenal
643,Gabriel Jesus,https://media.api-sports.io/football/players/643.png,Missing Fixture,Knee Injury,Arsenal
978,K. Havertz,https://media.api-sports.io/football/players/978.png,Missing Fixture,Hamstring Injury,Arsenal
2597,T. Tomiyasu,https://media.api-sports.io/football/players/2597.png,Missing Fixture,Knee Injury,Arsenal
153066,F. Carvalho,https://media.api-sports.io/football/players/153066.png,Missing Fixture,Shoulder Injury,Brentford
19362,J. Dasilva,https://media.api-sports.io/football/players/19362.png,Missing Fixture,Knee Injury,Brentford
44871,A. Hickey,https://media.api-sports.io/football/players/44871.png,Missing Fixture,Hamstring Injury,Brentford
196156,I. Thiago,https://media.api-sports.io/football/players/196156.png,Missing Fixture,Knee Injury,Brentford
291476,D. D. Fofana,https://media.api-sports.io/football/players/291476.png,Missing Fixture,Knee Injury,Chelsea
22094,W. Fofana,https://media.api-sports.io/football/players/22094.png,Missing Fixture,Hamstring Injury,Chelsea
392270,M. Guiu,https://media.api-sports.io/football/players/392270.png,Missing Fixture,Muscle Injury,Chelsea
329347,O. Kellyman,https://media.api-sports.io/football/players/329347.png,Missing Fixture,Hamstring Injury,Chelsea
282125,R. Lavia,https://media.api-sports.io/football/players/282125.png,Missing Fixture,Thigh Injury,Chelsea
63577,M. Mudryk,https://media.api-sports.io/football/players/63577.png,Missing Fixture,Suspended,Chelsea
20089,W. Burns,https://media.api-sports.io/football/players/20089.png,Missing Fixture,Knee Injury,Ipswich
616,A. Muric,https://media.api-sports.io/football/players/616.png,Missing Fixture,Shoulder Injury,Ipswich
19365,C. Ogbene,https://media.api-sports.io/football/players/19365.png,Missing Fixture,Calf Injury,Ipswich
17579,S. Szmodics,https://media.api-sports.io/football/players/17579.png,Missing Fixture,Ankle Injury,Ipswich
284428,O. Hutchinson,https://media.api-sports.io/football/players/284428.png,Questionable,Hamstring Injury,Ipswich
283,T. Alexander-Arnold,https://media.api-sports.io/football/players/283.png,Missing Fixture,Ankle Injury,Liverpool
284,J. Gomez,https://media.api-sports.io/football/players/284.png,Missing Fixture,Hamstring Injury,Liverpool
18819,M. Antonio,https://media.api-sports.io/football/players/18819.png,Missing Fixture,Inactive,West Ham
18813,A. Cresswell,https://media.api-sports.io/football/players/18813.png,Missing Fixture,Muscle Injury,West Ham
37724,C. Summerville,https://media.api-sports.io/football/players/37724.png,Missing Fixture,Hamstring Injury,West Ham
380653,L. Chiwome,https://media.api-sports.io/football/players/380653.png,Missing Fixture,Knee Injury,Wolves
385726,E. Gonzalez,https://media.api-sports.io/football/players/385726.png,Missing Fixture,Knee Injury,Wolves
7722,S. Kalajdzic,https://media.api-sports.io/football/players/7722.png,Missing Fixture,Knee Injury,Wolves
195717,Y. Mosquera,https://media.api-sports.io/football/players/195717.png,Missing Fixture,Knee Injury,Wolves
449245,Pedro Lima,https://media.api-sports.io/football/players/449245.png,Missing Fixture,Ankle Injury,Wolves
25287,K. Danso,https://media.api-sports.io/football/players/25287.png,Missing Fixture,Thigh Injury,Tottenham
162498,R. Dragusin,https://media.api-sports.io/football/players/162498.png,Missing Fixture,Knee Injury,Tottenham
38734,S. Botman,https://media.api-sports.io/football/players/38734.png,Missing Fixture,Knee Injury,Newcastle
284492,L. Hall,https://media.api-sports.io/football/players/284492.png,Missing Fixture,Foot Injury,Newcastle
18894,J. Lascelles,https://media.api-sports.io/football/players/18894.png,Missing Fixture,Knee Injury,Newcastle
1463,J. Willock,https://media.api-sports.io/football/players/1463.png,Missing Fixture,Contusion,Newcastle
284400,T. Collyer,https://media.api-sports.io/football/players/284400.png,Missing Fixture,Knock,Manchester United
157997,A. Diallo,https://media.api-sports.io/football/players/157997.png,Missing Fixture,Ankle Injury,Manchester United
18772,J. Evans,https://media.api-sports.io/football/players/18772.png,Missing Fixture,Lower Back Injury,Manchester United
2467,L. Martinez,https://media.api-sports.io/football/players/2467.png,Missing Fixture,Knee Injury,Manchester United
526,A. Onana,https://media.api-sports.io/football/players/526.png,Missing Fixture,Coach's decision,Manchester United
532,M. de Ligt,https://media.api-sports.io/football/players/532.png,Missing Fixture,Injury,Manchester United
1125,R. Christie,https://media.api-sports.io/football/players/1125.png,Missing Fixture,Groin Injury,Bournemouth
47499,E. Unal,https://media.api-sports.io/football/players/47499.png,Missing Fixture,Knee Injury,Bournemouth
792,J. Kluivert,https://media.api-sports.io/football/players/792.png,Questionable,Injury,Bournemouth
37161,L. Sinisterra,https://media.api-sports.io/football/players/37161.png,Questionable,Hamstring Injury,Bournemouth
727,R. Nelson,https://media.api-sports.io/football/players/727.png,Missing Fixture,Hamstring Injury,Fulham
19221,H. Wilson,https://media.api-sports.io/football/players/19221.png,Questionable,Ankle Injury,Fulham
38734,S. Botman,https://media.api-sports.io/football/players/38734.png,Missing Fixture,Knee Injury,Newcastle
284492,L. Hall,https://media.api-sports.io/football/players/284492.png,Missing Fixture,Foot Injury,Newcastle
18894,J. Lascelles,https://media.api-sports.io/football/players/18894.png,Missing Fixture,Knee Injury,Newcastle
3339,C. Doucoure,https://media.api-sports.io/football/players/3339.png,Missing Fixture,Knee Injury,Crystal Palace
278898,C. Riad,https://media.api-sports.io/football/players/278898.png,Missing Fixture,Knee Injury,Crystal Palace
153066,F. Carvalho,https://media.api-sports.io/football/players/153066.png,Missing Fixture,Shoulder Injury,Brentford
19362,J. Dasilva,https://media.api-sports.io/football/players/19362.png,Missing Fixture,Knee Injury,Brentford
44871,A. Hickey,https://media.api-sports.io/football/players/44871.png,Missing Fixture,Hamstring Injury,Brentford
196156,I. Thiago,https://media.api-sports.io/football/players/196156.png,Missing Fixture,Knee Injury,Brentford
7600,Igor,https://media.api-sports.io/football/players/7600.png,Missing Fixture,Thigh Injury,Brighton
1361,F. Kadioglu,https://media.api-sports.io/football/players/1361.png,Missing Fixture,Toe Injury,Brighton
138815,T. Lamptey,https://media.api-sports.io/football/players/138815.png,Missing Fixture,Ankle Injury,Brighton
296,J. Milner,https://media.api-sports.io/football/players/296.png,Missing Fixture,Thigh Injury,Brighton
90590,G. Rutter,https://media.api-sports.io/football/players/90590.png,Missing Fixture,Ankle Injury,Brighton
537,J. Veltman,https://media.api-sports.io/football/players/537.png,Missing Fixture,Ankle Injury,Brighton
19265,A. Webster,https://media.api-sports.io/football/players/19265.png,Missing Fixture,Thigh Injury,Brighton
3339,C. Doucoure,https://media.api-sports.io/football/players/3339.png,Missing Fixture,Knee Injury,Crystal Palace
278898,C. Riad,https://media.api-sports.io/football/players/278898.png,Missing Fixture,Knee Injury,Crystal Palace
1125,R. Christie,https://media.api-sports.io/football/players/1125.png,Missing Fixture,Groin Injury,Bournemouth
37161,L. Sinisterra,https://media.api-sports.io/football/players/37161.png,Missing Fixture,Hamstring Injury,Bournemouth
47499,E. Unal,https://media.api-sports.io/football/players/47499.png,Missing Fixture,Knee Injury,Bournemouth
18766,D. Calvert-Lewin,https://media.api-sports.io/football/players/18766.png,Missing Fixture,Muscle Injury,Everton
15884,J. Lindstrom,https://media.api-sports.io/football/players/15884.png,Missing Fixture,Groin Injury,Everton
24882,O. Mangala,https://media.api-sports.io/football/players/24882.png,Missing Fixture,Knee Injury,Everton
18861,N. Ake,https://media.api-sports.io/football/players/18861.png,Missing Fixture,Ankle Injury,Manchester City
617,Ederson,https://media.api-sports.io/football/players/617.png,Missing Fixture,Groin Injury,Manchester City
1100,E. Haaland,https://media.api-sports.io/football/players/1100.png,Missing Fixture,Ankle Injury,Manchester City
44,Rodri,https://media.api-sports.io/football/players/44.png,Missing Fixture,Knee Injury,Manchester City
626,J. Stones,https://media.api-sports.io/football/players/626.png,Missing Fixture,Thigh Injury,Manchester City
18819,M. Antonio,https://media.api-sports.io/football/players/18819.png,Missing Fixture,Inactive,West Ham
37724,C. Summerville,https://media.api-sports.io/football/players/37724.png,Missing Fixture,Hamstring Injury,West Ham
263177,A. Gronbaek,https://media.api-sports.io/football/players/263177.png,Missing Fixture,Muscle Injury,Southampton
18918,C. Taylor,https://media.api-sports.io/football/players/18918.png,Questionable,Knock,Southampton
46815,P. Torres,https://media.api-sports.io/football/players/46815.png,Missing Fixture,Coach's decision,Aston Villa
38734,S. Botman,https://media.api-sports.io/football/players/38734.png,Missing Fixture,Knee Injury,Newcastle
284492,L. Hall,https://media.api-sports.io/football/players/284492.png,Missing Fixture,Foot Injury,Newcastle
18894,J. Lascelles,https://media.api-sports.io/football/players/18894.png,Missing Fixture,Knee Injury,Newcastle
727,R. Nelson,https://media.api-sports.io/football/players/727.png,Missing Fixture,Hamstring Injury,Fulham
291476,D. D. Fofana,https://media.api-sports.io/football/players/291476.png,Missing Fixture,Knee Injury,Chelsea
22094,W. Fofana,https://media.api-sports.io/football/players/22094.png,Missing Fixture,Hamstring Injury,Chelsea
392270,M. Guiu,https://media.api-sports.io/football/players/392270.png,Missing Fixture,Muscle Injury,Chelsea
329347,O. Kellyman,https://media.api-sports.io/football/players/329347.png,Missing Fixture,Hamstring Injury,Chelsea
63577,M. Mudryk,https://media.api-sports.io/football/players/63577.png,Missing Fixture,Suspended,Chelsea
20089,W. Burns,https://media.api-sports.io/football/players/20089.png,Missing Fixture,Knee Injury,Ipswich
284428,O. Hutchinson,https://media.api-sports.io/football/players/284428.png,Missing Fixture,Hamstring Injury,Ipswich
616,A. Muric,https://media.api-sports.io/football/players/616.png,Missing Fixture,Shoulder Injury,Ipswich
19365,C. Ogbene,https://media.api-sports.io/football/players/19365.png,Missing Fixture,Calf Injury,Ipswich
19130,K. Phillips,https://media.api-sports.io/football/players/19130.png,Missing Fixture,Injury,Ipswich
138931,J. Philogene,https://media.api-sports.io/football/players/138931.png,Missing Fixture,Knee Injury,Ipswich
17579,S. Szmodics,https://media.api-sports.io/football/players/17579.png,Missing Fixture,Ankle Injury,Ipswich
157052,R. Calafiori,https://media.api-sports.io/football/players/157052.png,Missing Fixture,Knee Injury,Arsenal
22224,Gabriel,https://media.api-sports.io/football/players/22224.png,Missing Fixture,Hamstring Injury,Arsenal
643,Gabriel Jesus,https://media.api-sports.io/football/players/643.png,Missing Fixture,Knee Injury,Arsenal
978,K. Havertz,https://media.api-sports.io/football/players/978.png,Missing Fixture,Hamstring Injury,Arsenal
2289,Jorginho,https://media.api-sports.io/football/players/2289.png,Missing Fixture,Chest Injury,Arsenal
2597,T. Tomiyasu,https://media.api-sports.io/football/players/2597.png,Missing Fixture,Knee Injury,Arsenal
284400,T. Collyer,https://media.api-sports.io/football/players/284400.png,Missing Fixture,Knock,Manchester United
157997,A. Diallo,https://media.api-sports.io/football/players/157997.png,Missing Fixture,Ankle Injury,Manchester United
402329,A. Heaven,https://media.api-sports.io/football/players/402329.png,Missing Fixture,Ankle Injury,Manchester United
2467,L. Martinez,https://media.api-sports.io/football/players/2467.png,Missing Fixture,Knee Injury,Manchester United
70100,J. Zirkzee,https://media.api-sports.io/football/players/70100.png,Missing Fixture,Hamstring Injury,Manchester United
532,M. de Ligt,https://media.api-sports.io/football/players/532.png,Missing Fixture,Injury,Manchester United
380653,L. Chiwome,https://media.api-sports.io/football/players/380653.png,Missing Fixture,Knee Injury,Wolves
385726,E. Gonzalez,https://media.api-sports.io/football/players/385726.png,Missing Fixture,Knee Injury,Wolves
19143,S. Johnstone,https://media.api-sports.io/football/players/19143.png,Missing Fixture,Injury,Wolves
7722,S. Kalajdzic,https://media.api-sports.io/football/players/7722.png,Missing Fixture,Knee Injury,Wolves
195717,Y. Mosquera,https://media.api-sports.io/football/players/195717.png,Missing Fixture,Knee Injury,Wolves
20665,J. Bellegarde,https://media.api-sports.io/football/players/20665.png,Questionable,Knock,Wolves
24888,Hwang Hee-Chan,https://media.api-sports.io/football/players/24888.png,Questionable,Muscle Injury,Wolves
449245,Pedro Lima,https://media.api-sports.io/football/players/449245.png,Questionable,Ankle Injury,Wolves
303467,I. Fatawu,https://media.api-sports.io/football/players/303467.png,Missing Fixture,Knee Injury,Leicester
20079,H. Souttar,https://media.api-sports.io/football/players/20079.png,Missing Fixture,Ankle Injury,Leicester
182,H. Winks,https://media.api-sports.io/football/players/182.png,Missing Fixture,Coach's decision,Leicester
284,J. Gomez,https://media.api-sports.io/football/players/284.png,Missing Fixture,Hamstring Injury,Liverpool
162498,R. Dragusin,https://media.api-sports.io/football/players/162498.png,Missing Fixture,Knee Injury,Tottenham
186,Son Heung-Min,https://media.api-sports.io/football/players/186.png,Questionable,Foot Injury,Tottenham
2771,O. Aina,https://media.api-sports.io/football/players/2771.png,Questionable,Calf Injury,Nottingham Forest
18861,N. Ake,https://media.api-sports.io/football/players/18861.png,Missing Fixture,Ankle Injury,Manchester City
617,Ederson,https://media.api-sports.io/football/players/617.png,Missing Fixture,Groin Injury,Manchester City
1100,E. Haaland,https://media.api-sports.io/football/players/1100.png,Missing Fixture,Ankle Injury,Manchester City
44,Rodri,https://media.api-sports.io/football/players/44.png,Missing Fixture,Knee Injury,Manchester City
626,J. Stones,https://media.api-sports.io/football/players/626.png,Missing Fixture,Thigh Injury,Manchester City
157052,R. Calafiori,https://media.api-sports.io/football/players/157052.png,Missing Fixture,Knee Injury,Arsenal
22224,Gabriel,https://media.api-sports.io/football/players/22224.png,Missing Fixture,Hamstring Injury,Arsenal
643,Gabriel Jesus,https://media.api-sports.io/football/players/643.png,Missing Fixture,Knee Injury,Arsenal
978,K. Havertz,https://media.api-sports.io/football/players/978.png,Missing Fixture,Hamstring Injury,Arsenal
2289,Jorginho,https://media.api-sports.io/football/players/2289.png,Missing Fixture,Chest Injury,Arsenal
2597,T. Tomiyasu,https://media.api-sports.io/football/players/2597.png,Missing Fixture,Knee Injury,Arsenal
2933,B. Chilwell,https://media.api-sports.io/football/players/2933.png,Missing Fixture,Illness,Crystal Palace
3339,C. Doucoure,https://media.api-sports.io/football/players/3339.png,Missing Fixture,Knee Injury,Crystal Palace
278898,C. Riad,https://media.api-sports.io/football/players/278898.png,Missing Fixture,Knee Injury,Crystal Palace
126949,C. Richards,https://media.api-sports.io/football/players/126949.png,Missing Fixture,Red Card,Crystal Palace
291476,D. D. Fofana,https://media.api-sports.io/football/players/291476.png,Missing Fixture,Knee Injury,Chelsea
22094,W. Fofana,https://media.api-sports.io/football/players/22094.png,Missing Fixture,Hamstring Injury,Chelsea
392270,M. Guiu,https://media.api-sports.io/football/players/392270.png,Missing Fixture,Muscle Injury,Chelsea
161907,M. Gusto,https://media.api-sports.io/football/players/161907.png,Missing Fixture,Thigh Injury,Chelsea
329347,O. Kellyman,https://media.api-sports.io/football/players/329347.png,Missing Fixture,Hamstring Injury,Chelsea
63577,M. Mudryk,https://media.api-sports.io/football/players/63577.png,Missing Fixture,Suspended,Chelsea
138822,A. Broja,https://media.api-sports.io/football/players/138822.png,Missing Fixture,Loan agreement,Everton
18766,D. Calvert-Lewin,https://media.api-sports.io/football/players/18766.png,Missing Fixture,Muscle Injury,Everton
15884,J. Lindstrom,https://media.api-sports.io/football/players/15884.png,Missing Fixture,Groin Injury,Everton
24882,O. Mangala,https://media.api-sports.io/football/players/24882.png,Missing Fixture,Knee Injury,Everton
2936,J. Tarkowski,https://media.api-sports.io/football/players/2936.png,Missing Fixture,Thigh Injury,Everton
7600,Igor,https://media.api-sports.io/football/players/7600.png,Missing Fixture,Thigh Injury,Brighton
10329,Joao Pedro,https://media.api-sports.io/football/players/10329.png,Missing Fixture,Red Card,Brighton
1361,F. Kadioglu,https://media.api-sports.io/football/players/1361.png,Missing Fixture,Toe Injury,Brighton
296,J. Milner,https://media.api-sports.io/football/players/296.png,Missing Fixture,Thigh Injury,Brighton
90590,G. Rutter,https://media.api-sports.io/football/players/90590.png,Missing Fixture,Ankle Injury,Brighton
19265,A. Webster,https://media.api-sports.io/football/players/19265.png,Missing Fixture,Thigh Injury,Brighton
38695,J. P. van Hecke,https://media.api-sports.io/football/players/38695.png,Missing Fixture,Head Injury,Brighton
18819,M. Antonio,https://media.api-sports.io/football/players/18819.png,Missing Fixture,Inactive,West Ham
129643,E. Ferguson,https://media.api-sports.io/football/players/129643.png,Missing Fixture,Loan agreement,West Ham
37724,C. Summerville,https://media.api-sports.io/football/players/37724.png,Missing Fixture,Hamstring Injury,West Ham
2869,E. Alvarez,https://media.api-sports.io/football/players/2869.png,Questionable,Back Injury,West Ham
284492,L. Hall,https://media.api-sports.io/football/players/284492.png,Missing Fixture,Foot Injury,Newcastle
18894,J. Lascelles,https://media.api-sports.io/football/players/18894.png,Missing Fixture,Knee Injury,Newcastle
20089,W. Burns,https://media.api-sports.io/football/players/20089.png,Missing Fixture,Knee Injury,Ipswich
19119,L. Davis,https://media.api-sports.io/football/players/19119.png,Missing Fixture,Red Card,Ipswich
616,A. Muric,https://media.api-sports.io/football/players/616.png,Missing Fixture,Shoulder Injury,Ipswich
19365,C. Ogbene,https://media.api-sports.io/football/players/19365.png,Missing Fixture,Calf Injury,Ipswich
19130,K. Phillips,https://media.api-sports.io/football/players/19130.png,Missing Fixture,Injury,Ipswich
138931,J. Philogene,https://media.api-sports.io/football/players/138931.png,Missing Fixture,Knee Injury,Ipswich
17579,S. Szmodics,https://media.api-sports.io/football/players/17579.png,Missing Fixture,Ankle Injury,Ipswich
126791,N. Broadhead,https://media.api-sports.io/football/players/126791.png,Questionable,Thigh Injury,Ipswich
19152,C. Townsend,https://media.api-sports.io/football/players/19152.png,Questionable,Thigh Injury,Ipswich
263177,A. Gronbaek,https://media.api-sports.io/football/players/263177.png,Missing Fixture,Muscle Injury,Southampton
18918,C. Taylor,https://media.api-sports.io/football/players/18918.png,Questionable,Knock,Southampton
727,R. Nelson,https://media.api-sports.io/football/players/727.png,Missing Fixture,Hamstring Injury,Fulham
195106,Rodrigo Muniz,https://media.api-sports.io/football/players/195106.png,Missing Fixture,Inactive,Fulham
380653,L. Chiwome,https://media.api-sports.io/football/players/380653.png,Missing Fixture,Knee Injury,Wolves
385726,E. Gonzalez,https://media.api-sports.io/football/players/385726.png,Missing Fixture,Knee Injury,Wolves
19143,S. Johnstone,https://media.api-sports.io/football/players/19143.png,Missing Fixture,Injury,Wolves
7722,S. Kalajdzic,https://media.api-sports.io/football/players/7722.png,Missing Fixture,Knee Injury,Wolves
195717,Y. Mosquera,https://media.api-sports.io/football/players/195717.png,Missing Fixture,Knee Injury,Wolves
449245,Pedro Lima,https://media.api-sports.io/football/players/449245.png,Questionable,Ankle Injury,Wolves
303467,I. Fatawu,https://media.api-sports.io/football/players/303467.png,Missing Fixture,Knee Injury,Leicester
879,S. Mavididi,https://media.api-sports.io/football/players/879.png,Missing Fixture,Muscle Injury,Leicester
20079,H. Souttar,https://media.api-sports.io/football/players/20079.png,Missing Fixture,Ankle Injury,Leicester
182,H. Winks,https://media.api-sports.io/football/players/182.png,Missing Fixture,Coach's decision,Leicester
1125,R. Christie,https://media.api-sports.io/football/players/1125.png,Missing Fixture,Groin Injury,Bournemouth
37161,L. Sinisterra,https://media.api-sports.io/football/players/37161.png,Missing Fixture,Hamstring Injury,Bournemouth
47499,E. Unal,https://media.api-sports.io/football/players/47499.png,Missing Fixture,Knee Injury,Bournemouth
284400,T. Collyer,https://media.api-sports.io/football/players/284400.png,Missing Fixture,Knock,Manchester United
886,D. Dalot,https://media.api-sports.io/football/players/886.png,Missing Fixture,Calf Injury,Manchester United
157997,A. Diallo,https://media.api-sports.io/football/players/157997.png,Missing Fixture,Ankle Injury,Manchester United
402329,A. Heaven,https://media.api-sports.io/football/players/402329.png,Missing Fixture,Ankle Injury,Manchester United
2467,L. Martinez,https://media.api-sports.io/football/players/2467.png,Missing Fixture,Knee Injury,Manchester United
70100,J. Zirkzee,https://media.api-sports.io/football/players/70100.png,Missing Fixture,Hamstring Injury,Manchester United
532,M. de Ligt,https://media.api-sports.io/football/players/532.png,Missing Fixture,Injury,Manchester United
284,J. Gomez,https://media.api-sports.io/football/players/284.png,Missing Fixture,Hamstring Injury,Liverpool
162498,R. Dragusin,https://media.api-sports.io/football/players/162498.png,Missing Fixture,Knee Injury,Tottenham
186,Son Heung-Min,https://media.api-sports.io/football/players/186.png,Questionable,Foot Injury,Tottenham
380492,E. da Silva Moreira,https://media.api-sports.io/football/players/380492.png,Questionable,Ankle Injury,Nottingham Forest
153066,F. Carvalho,https://media.api-sports.io/football/players/153066.png,Missing Fixture,Shoulder Injury,Brentford
19362,J. Dasilva,https://media.api-sports.io/football/players/19362.png,Missing Fixture,Knee Injury,Brentford
44871,A. Hickey,https://media.api-sports.io/football/players/44871.png,Missing Fixture,Hamstring Injury,Brentford
25073,V. Janelt,https://media.api-sports.io/football/players/25073.png,Missing Fixture,Ankle Injury,Brentford
196156,I. Thiago,https://media.api-sports.io/football/players/196156.png,Missing Fixture,Knee Injury,Brentford
18861,N. Ake,https://media.api-sports.io/football/players/18861.png,Missing Fixture,Ankle Injury,Manchester City
44,Rodri,https://media.api-sports.io/football/players/44.png,Missing Fixture,Knee Injury,Manchester City
626,J. Stones,https://media.api-sports.io/football/players/626.png,Missing Fixture,Thigh Injury,Manchester City
380653,L. Chiwome,https://media.api-sports.io/football/players/380653.png,Missing Fixture,Knee Injury,Wolves
385726,E. Gonzalez,https://media.api-sports.io/football/players/385726.png,Missing Fixture,Knee Injury,Wolves
7722,S. Kalajdzic,https://media.api-sports.io/football/players/7722.png,Missing Fixture,Knee Injury,Wolves
195717,Y. Mosquera,https://media.api-sports.io/football/players/195717.png,Missing Fixture,Knee Injury,Wolves
19143,S. Johnstone,https://media.api-sports.io/football/players/19143.png,Questionable,Injury,Wolves
909,M. Rashford,https://media.api-sports.io/football/players/909.png,Missing Fixture,Hamstring Injury,Aston Villa
727,R. Nelson,https://media.api-sports.io/football/players/727.png,Missing Fixture,Hamstring Injury,Fulham
195106,Rodrigo Muniz,https://media.api-sports.io/football/players/195106.png,Missing Fixture,Achilles Tendon Injury,Fulham
15884,J. Lindstrom,https://media.api-sports.io/football/players/15884.png,Missing Fixture,Groin Injury,Everton
24882,O. Mangala,https://media.api-sports.io/football/players/24882.png,Missing Fixture,Knee Injury,Everton
2936,J. Tarkowski,https://media.api-sports.io/football/players/2936.png,Missing Fixture,Thigh Injury,Everton
20089,W. Burns,https://media.api-sports.io/football/players/20089.png,Missing Fixture,Knee Injury,Ipswich
19119,L. Davis,https://media.api-sports.io/football/players/19119.png,Missing Fixture,Red Card,Ipswich
18823,B. Johnson,https://media.api-sports.io/football/players/18823.png,Missing Fixture,Red Card,Ipswich
616,A. Muric,https://media.api-sports.io/football/players/616.png,Missing Fixture,Shoulder Injury,Ipswich
19365,C. Ogbene,https://media.api-sports.io/football/players/19365.png,Missing Fixture,Calf Injury,Ipswich
138931,J. Philogene,https://media.api-sports.io/football/players/138931.png,Missing Fixture,Knee Injury,Ipswich
17579,S. Szmodics,https://media.api-sports.io/football/players/17579.png,Missing Fixture,Ankle Injury,Ipswich
19152,C. Townsend,https://media.api-sports.io/football/players/19152.png,Missing Fixture,Thigh Injury,Ipswich
126791,N. Broadhead,https://media.api-sports.io/football/players/126791.png,Questionable,Thigh Injury,Ipswich
311334,F. Buonanotte,https://media.api-sports.io/football/players/311334.png,Missing Fixture,Head Injury,Leicester
19004,B. De Cordova-Reid,https://media.api-sports.io/football/players/19004.png,Missing Fixture,Injury,Leicester
303467,I. Fatawu,https://media.api-sports.io/football/players/303467.png,Missing Fixture,Knee Injury,Leicester
15870,M. Hermansen,https://media.api-sports.io/football/players/15870.png,Missing Fixture,Groin Injury,Leicester
879,S. Mavididi,https://media.api-sports.io/football/players/879.png,Missing Fixture,Muscle Injury,Leicester
18771,R. Pereira,https://media.api-sports.io/football/players/18771.png,Missing Fixture,Muscle Injury,Leicester
20079,H. Souttar,https://media.api-sports.io/football/players/20079.png,Missing Fixture,Ankle Injury,Leicester
182,H. Winks,https://media.api-sports.io/football/players/182.png,Missing Fixture,Coach's decision,Leicester
157052,R. Calafiori,https://media.api-sports.io/football/players/157052.png,Missing Fixture,Knee Injury,Arsenal
22224,Gabriel,https://media.api-sports.io/football/players/22224.png,Missing Fixture,Hamstring Injury,Arsenal
643,Gabriel Jesus,https://media.api-sports.io/football/players/643.png,Missing Fixture,Knee Injury,Arsenal
978,K. Havertz,https://media.api-sports.io/football/players/978.png,Missing Fixture,Hamstring Injury,Arsenal
2289,Jorginho,https://media.api-sports.io/football/players/2289.png,Missing Fixture,Chest Injury,Arsenal
912,Neto,https://media.api-sports.io/football/players/912.png,Missing Fixture,Loan agreement,Arsenal
2597,T. Tomiyasu,https://media.api-sports.io/football/players/2597.png,Missing Fixture,Knee Injury,Arsenal
1125,R. Christie,https://media.api-sports.io/football/players/1125.png,Missing Fixture,Groin Injury,Bournemouth
37161,L. Sinisterra,https://media.api-sports.io/football/players/37161.png,Missing Fixture,Hamstring Injury,Bournemouth
47499,E. Unal,https://media.api-sports.io/football/players/47499.png,Missing Fixture,Knee Injury,Bournemouth
153066,F. Carvalho,https://media.api-sports.io/football/players/153066.png,Missing Fixture,Shoulder Injury,Brentford
19362,J. Dasilva,https://media.api-sports.io/football/players/19362.png,Missing Fixture,Knee Injury,Brentford
44871,A. Hickey,https://media.api-sports.io/football/players/44871.png,Missing Fixture,Hamstring Injury,Brentford
25073,V. Janelt,https://media.api-sports.io/football/players/25073.png,Missing Fixture,Ankle Injury,Brentford
284400,T. Collyer,https://media.api-sports.io/football/players/284400.png,Missing Fixture,Knock,Manchester United
886,D. Dalot,https://media.api-sports.io/football/players/886.png,Missing Fixture,Calf Injury,Manchester United
402329,A. Heaven,https://media.api-sports.io/football/players/402329.png,Missing Fixture,Ankle Injury,Manchester United
2467,L. Martinez,https://media.api-sports.io/football/players/2467.png,Missing Fixture,Knee Injury,Manchester United
70100,J. Zirkzee,https://media.api-sports.io/football/players/70100.png,Missing Fixture,Hamstring Injury,Manchester United
1361,F. Kadioglu,https://media.api-sports.io/football/players/1361.png,Missing Fixture,Toe Injury,Brighton
296,J. Milner,https://media.api-sports.io/football/players/296.png,Missing Fixture,Thigh Injury,Brighton
90590,G. Rutter,https://media.api-sports.io/football/players/90590.png,Missing Fixture,Ankle Injury,Brighton
284492,L. Hall,https://media.api-sports.io/football/players/284492.png,Missing Fixture,Foot Injury,Newcastle
723,Joelinton,https://media.api-sports.io/football/players/723.png,Missing Fixture,Knee Injury,Newcastle
18894,J. Lascelles,https://media.api-sports.io/football/players/18894.png,Missing Fixture,Knee Injury,Newcastle
18941,M. Targett,https://media.api-sports.io/football/players/18941.png,Missing Fixture,Thigh Injury,Newcastle
18819,M. Antonio,https://media.api-sports.io/football/players/18819.png,Missing Fixture,Broken Leg,West Ham
37724,C. Summerville,https://media.api-sports.io/football/players/37724.png,Missing Fixture,Hamstring Injury,West Ham
2869,E. Alvarez,https://media.api-sports.io/football/players/2869.png,Questionable,Back Injury,West Ham
347316,L. Bergvall,https://media.api-sports.io/football/players/347316.png,Missing Fixture,Ankle Injury,Tottenham
162498,R. Dragusin,https://media.api-sports.io/football/players/162498.png,Missing Fixture,Knee Injury,Tottenham
186,Son Heung-Min,https://media.api-sports.io/football/players/186.png,Missing Fixture,Foot Injury,Tottenham
18784,J. Maddison,https://media.api-sports.io/football/players/18784.png,Questionable,Knee Injury,Tottenham
18883,D. Solanke,https://media.api-sports.io/football/players/18883.png,Questionable,Thigh Injury,Tottenham
291476,D. D. Fofana,https://media.api-sports.io/football/players/291476.png,Missing Fixture,Knee Injury,Chelsea
22094,W. Fofana,https://media.api-sports.io/football/players/22094.png,Missing Fixture,Hamstring Injury,Chelsea
392270,M. Guiu,https://media.api-sports.io/football/players/392270.png,Missing Fixture,Muscle Injury,Chelsea
329347,O. Kellyman,https://media.api-sports.io/football/players/329347.png,Missing Fixture,Hamstring Injury,Chelsea
63577,M. Mudryk,https://media.api-sports.io/football/players/63577.png,Missing Fixture,Suspended,Chelsea
269,C. Nkunku,https://media.api-sports.io/football/players/269.png,Questionable,Knock,Chelsea
284,J. Gomez,https://media.api-sports.io/football/players/284.png,Missing Fixture,Hamstring Injury,Liverpool
3339,C. Doucoure,https://media.api-sports.io/football/players/3339.png,Missing Fixture,Knee Injury,Crystal Palace
278898,C. Riad,https://media.api-sports.io/football/players/278898.png,Missing Fixture,Knee Injury,Crystal Palace
50999,M. Turner,https://media.api-sports.io/football/players/50999.png,Missing Fixture,Loan agreement,Crystal Palace
2298,C. Hudson-Odoi,https://media.api-sports.io/football/players/2298.png,Questionable,Thigh Injury,Nottingham Forest
380492,E. da Silva Moreira,https://media.api-sports.io/football/players/380492.png,Questionable,Ankle Injury,Nottingham Forest
2920,T. Castagne,https://media.api-sports.io/football/players/2920.png,Missing Fixture,Ankle Injury,Fulham
2823,S. Lukic,https://media.api-sports.io/football/players/2823.png,Missing Fixture,Injury,Fulham
727,R. Nelson,https://media.api-sports.io/football/players/727.png,Missing Fixture,Hamstring Injury,Fulham
19480,H. Reed,https://media.api-sports.io/football/players/19480.png,Missing Fixture,Calf Injury,Fulham
195106,Rodrigo Muniz,https://media.api-sports.io/football/players/195106.png,Missing Fixture,Achilles Tendon Injury,Fulham
15884,J. Lindstrom,https://media.api-sports.io/football/players/15884.png,Missing Fixture,Groin Injury,Everton
24882,O. Mangala,https://media.api-sports.io/football/players/24882.png,Missing Fixture,Knee Injury,Everton
2936,J. Tarkowski,https://media.api-sports.io/football/players/2936.png,Missing Fixture,Hamstring Injury,Everton
126791,N. Broadhead,https://media.api-sports.io/football/players/126791.png,Missing Fixture,Thigh Injury,Ipswich
20089,W. Burns,https://media.api-sports.io/football/players/20089.png,Missing Fixture,Knee Injury,Ipswich
19119,L. Davis,https://media.api-sports.io/football/players/19119.png,Missing Fixture,Red Card,Ipswich
616,A. Muric,https://media.api-sports.io/football/players/616.png,Missing Fixture,Shoulder Injury,Ipswich
19365,C. Ogbene,https://media.api-sports.io/football/players/19365.png,Missing Fixture,Calf Injury,Ipswich
138931,J. Philogene,https://media.api-sports.io/football/players/138931.png,Missing Fixture,Knee Injury,Ipswich
17579,S. Szmodics,https://media.api-sports.io/football/players/17579.png,Missing Fixture,Ankle Injury,Ipswich
19152,C. Townsend,https://media.api-sports.io/football/players/19152.png,Missing Fixture,Thigh Injury,Ipswich
153066,F. Carvalho,https://media.api-sports.io/football/players/153066.png,Missing Fixture,Shoulder Injury,Brentford
19362,J. Dasilva,https://media.api-sports.io/football/players/19362.png,Missing Fixture,Knee Injury,Brentford
44871,A. Hickey,https://media.api-sports.io/football/players/44871.png,Missing Fixture,Hamstring Injury,Brentford
18861,N. Ake,https://media.api-sports.io/football/players/18861.png,Missing Fixture,Ankle Injury,Manchester City
278133,O. Bobb,https://media.api-sports.io/football/players/278133.png,Missing Fixture,Thigh Injury,Manchester City
44,Rodri,https://media.api-sports.io/football/players/44.png,Missing Fixture,Knee Injury,Manchester City
626,J. Stones,https://media.api-sports.io/football/players/626.png,Missing Fixture,Thigh Injury,Manchester City
380653,L. Chiwome,https://media.api-sports.io/football/players/380653.png,Missing Fixture,Knee Injury,Wolves
385726,E. Gonzalez,https://media.api-sports.io/football/players/385726.png,Missing Fixture,Knee Injury,Wolves
19143,S. Johnstone,https://media.api-sports.io/football/players/19143.png,Missing Fixture,Injury,Wolves
7722,S. Kalajdzic,https://media.api-sports.io/football/players/7722.png,Missing Fixture,Knee Injury,Wolves
195717,Y. Mosquera,https://media.api-sports.io/football/players/195717.png,Missing Fixture,Knee Injury,Wolves
24888,Hwang Hee-Chan,https://media.api-sports.io/football/players/24888.png,Questionable,Muscle Injury,Wolves
10329,Joao Pedro,https://media.api-sports.io/football/players/10329.png,Missing Fixture,Red Card,Brighton
1361,F. Kadioglu,https://media.api-sports.io/football/players/1361.png,Missing Fixture,Toe Injury,Brighton
18973,S. March,https://media.api-sports.io/football/players/18973.png,Missing Fixture,Knee Injury,Brighton
296,J. Milner,https://media.api-sports.io/football/players/296.png,Missing Fixture,Thigh Injury,Brighton
90590,G. Rutter,https://media.api-sports.io/football/players/90590.png,Missing Fixture,Ankle Injury,Brighton
1125,R. Christie,https://media.api-sports.io/football/players/1125.png,Missing Fixture,Groin Injury,Bournemouth
284797,D. Ouattara,https://media.api-sports.io/football/players/284797.png,Missing Fixture,Groin Injury,Bournemouth
37161,L. Sinisterra,https://media.api-sports.io/football/players/37161.png,Missing Fixture,Hamstring Injury,Bournemouth
47499,E. Unal,https://media.api-sports.io/football/players/47499.png,Missing Fixture,Knee Injury,Bournemouth
909,M. Rashford,https://media.api-sports.io/football/players/909.png,Missing Fixture,Hamstring Injury,Aston Villa
2926,Y. Tielemans,https://media.api-sports.io/football/players/2926.png,Missing Fixture,Injury,Aston Villa
284492,L. Hall,https://media.api-sports.io/football/players/284492.png,Missing Fixture,Foot Injury,Newcastle
723,Joelinton,https://media.api-sports.io/football/players/723.png,Missing Fixture,Knee Injury,Newcastle
18941,M. Targett,https://media.api-sports.io/football/players/18941.png,Missing Fixture,Thigh Injury,Newcastle
422780,A. Anselmino,https://media.api-sports.io/football/players/422780.png,Missing Fixture,Muscle Injury,Chelsea
291476,D. D. Fofana,https://media.api-sports.io/football/players/291476.png,Missing Fixture,Knee Injury,Chelsea
22094,W. Fofana,https://media.api-sports.io/football/players/22094.png,Missing Fixture,Hamstring Injury,Chelsea
329347,O. Kellyman,https://media.api-sports.io/football/players/329347.png,Missing Fixture,Hamstring Injury,Chelsea
63577,M. Mudryk,https://media.api-sports.io/football/players/63577.png,Missing Fixture,Suspended,Chelsea
269,C. Nkunku,https://media.api-sports.io/football/players/269.png,Missing Fixture,Knock,Chelsea
392270,M. Guiu,https://media.api-sports.io/football/players/392270.png,Questionable,Muscle Injury,Chelsea
284400,T. Collyer,https://media.api-sports.io/football/players/284400.png,Missing Fixture,Leg Injury,Manchester United
886,D. Dalot,https://media.api-sports.io/football/players/886.png,Missing Fixture,Calf Injury,Manchester United
402329,A. Heaven,https://media.api-sports.io/football/players/402329.png,Missing Fixture,Ankle Injury,Manchester United
2467,L. Martinez,https://media.api-sports.io/football/players/2467.png,Missing Fixture,Knee Injury,Manchester United
70100,J. Zirkzee,https://media.api-sports.io/football/players/70100.png,Missing Fixture,Hamstring Injury,Manchester United
532,M. de Ligt,https://media.api-sports.io/football/players/532.png,Missing Fixture,Knee Injury,Manchester United
18819,M. Antonio,https://media.api-sports.io/football/players/18819.png,Missing Fixture,Broken Leg,West Ham
37724,C. Summerville,https://media.api-sports.io/football/players/37724.png,Missing Fixture,Hamstring Injury,West Ham
2298,C. Hudson-Odoi,https://media.api-sports.io/football/players/2298.png,Missing Fixture,Thigh Injury,Nottingham Forest
363695,Murillo,https://media.api-sports.io/football/players/363695.png,Questionable,Thigh Injury,Nottingham Forest
380492,E. da Silva Moreira,https://media.api-sports.io/football/players/380492.png,Questionable,Ankle Injury,Nottingham Forest
19004,B. De Cordova-Reid,https://media.api-sports.io/football/players/19004.png,Missing Fixture,Injury,Leicester
303467,I. Fatawu,https://media.api-sports.io/football/players/303467.png,Missing Fixture,Knee Injury,Leicester
15870,M. Hermansen,https://media.api-sports.io/football/players/15870.png,Missing Fixture,Groin Injury,Leicester
879,S. Mavididi,https://media.api-sports.io/football/players/879.png,Missing Fixture,Muscle Injury,Leicester
18771,R. Pereira,https://media.api-sports.io/football/players/18771.png,Missing Fixture,Muscle Injury,Leicester
20079,H. Souttar,https://media.api-sports.io/football/players/20079.png,Missing Fixture,Ankle Injury,Leicester
182,H. Winks,https://media.api-sports.io/football/players/182.png,Missing Fixture,Coach's decision,Leicester
347316,L. Bergvall,https://media.api-sports.io/football/players/347316.png,Missing Fixture,Ankle Injury,Tottenham
162498,R. Dragusin,https://media.api-sports.io/football/players/162498.png,Missing Fixture,Knee Injury,Tottenham
18784,J. Maddison,https://media.api-sports.io/football/players/18784.png,Missing Fixture,Knee Injury,Tottenham
3339,C. Doucoure,https://media.api-sports.io/football/players/3339.png,Missing Fixture,Knee Injury,Crystal Palace
278898,C. Riad,https://media.api-sports.io/football/players/278898.png,Missing Fixture,Knee Injury,Crystal Palace
288102,A. Wharton,https://media.api-sports.io/football/players/288102.png,Questionable,Ankle Injury,Crystal Palace
284,J. Gomez,https://media.api-sports.io/football/players/284.png,Missing Fixture,Hamstring Injury,Liverpool
22224,Gabriel,https://media.api-sports.io/football/players/22224.png,Missing Fixture,Hamstring Injury,Arsenal
643,Gabriel Jesus,https://media.api-sports.io/football/players/643.png,Missing Fixture,Knee Injury,Arsenal
978,K. Havertz,https://media.api-sports.io/football/players/978.png,Missing Fixture,Hamstring Injury,Arsenal
2597,T. Tomiyasu,https://media.api-sports.io/football/players/2597.png,Missing Fixture,Knee Injury,Arsenal
19192,J. Ramsey,https://media.api-sports.io/football/players/19192.png,Missing Fixture,Red Card,Aston Villa
909,M. Rashford,https://media.api-sports.io/football/players/909.png,Missing Fixture,Hamstring Injury,Aston Villa
2926,Y. Tielemans,https://media.api-sports.io/football/players/2926.png,Missing Fixture,Muscle Injury,Aston Villa
347316,L. Bergvall,https://media.api-sports.io/football/players/347316.png,Missing Fixture,Ankle Injury,Tottenham
162498,R. Dragusin,https://media.api-sports.io/football/players/162498.png,Missing Fixture,Knee Injury,Tottenham
30435,D. Kulusevski,https://media.api-sports.io/football/players/30435.png,Missing Fixture,Knee Injury,Tottenham
18784,J. Maddison,https://media.api-sports.io/football/players/18784.png,Missing Fixture,Knee Injury,Tottenham
162552,D. Scarlett,https://media.api-sports.io/football/players/162552.png,Missing Fixture,Groin Injury,Tottenham
1166,T. Werner,https://media.api-sports.io/football/players/1166.png,Missing Fixture,Hamstring Injury,Tottenham
291476,D. D. Fofana,https://media.api-sports.io/football/players/291476.png,Missing Fixture,Knee Injury,Chelsea
22094,W. Fofana,https://media.api-sports.io/football/players/22094.png,Missing Fixture,Hamstring Injury,Chelsea
283058,N. Jackson,https://media.api-sports.io/football/players/283058.png,Missing Fixture,Red Card,Chelsea
329347,O. Kellyman,https://media.api-sports.io/football/players/329347.png,Missing Fixture,Hamstring Injury,Chelsea
63577,M. Mudryk,https://media.api-sports.io/football/players/63577.png,Missing Fixture,Suspended,Chelsea
269,C. Nkunku,https://media.api-sports.io/football/players/269.png,Missing Fixture,Knock,Chelsea
18,J. Sancho,https://media.api-sports.io/football/players/18.png,Missing Fixture,Loan agreement,Chelsea
392270,M. Guiu,https://media.api-sports.io/football/players/392270.png,Questionable,Muscle Injury,Chelsea
886,D. Dalot,https://media.api-sports.io/football/players/886.png,Missing Fixture,Calf Injury,Manchester United
2467,L. Martinez,https://media.api-sports.io/football/players/2467.png,Missing Fixture,Knee Injury,Manchester United
342970,L. Yoro,https://media.api-sports.io/football/players/342970.png,Missing Fixture,Injury,Manchester United
70100,J. Zirkzee,https://media.api-sports.io/football/players/70100.png,Missing Fixture,Hamstring Injury,Manchester United
532,M. de Ligt,https://media.api-sports.io/football/players/532.png,Missing Fixture,Knee Injury,Manchester United
18772,J. Evans,https://media.api-sports.io/football/players/18772.png,Questionable,Muscle Injury,Manchester United
15884,J. Lindstrom,https://media.api-sports.io/football/players/15884.png,Missing Fixture,Groin Injury,Everton
24882,O. Mangala,https://media.api-sports.io/football/players/24882.png,Missing Fixture,Knee Injury,Everton
2936,J. Tarkowski,https://media.api-sports.io/football/players/2936.png,Missing Fixture,Hamstring Injury,Everton
18873,R. Fraser,https://media.api-sports.io/football/players/18873.png,Missing Fixture,Injury,Southampton
263177,A. Gronbaek,https://media.api-sports.io/football/players/263177.png,Missing Fixture,Achilles Tendon Injury,Southampton
18918,C. Taylor,https://media.api-sports.io/football/players/18918.png,Missing Fixture,Groin Injury,Southampton
171,K. Walker-Peters,https://media.api-sports.io/football/players/171.png,Questionable,Illness,Southampton
18819,M. Antonio,https://media.api-sports.io/football/players/18819.png,Missing Fixture,Broken Leg,West Ham
37724,C. Summerville,https://media.api-sports.io/football/players/37724.png,Missing Fixture,Hamstring Injury,West Ham
8598,T. Awoniyi,https://media.api-sports.io/football/players/8598.png,Missing Fixture,Surgery,Nottingham Forest
380492,E. da Silva Moreira,https://media.api-sports.io/football/players/380492.png,Questionable,Ankle Injury,Nottingham Forest
153066,F. Carvalho,https://media.api-sports.io/football/players/153066.png,Missing Fixture,Shoulder Injury,Brentford
19362,J. Dasilva,https://media.api-sports.io/football/players/19362.png,Missing Fixture,Knee Injury,Brentford
25073,V. Janelt,https://media.api-sports.io/football/players/25073.png,Missing Fixture,Ankle Injury,Brentford
44871,A. Hickey,https://media.api-sports.io/football/players/44871.png,Questionable,Hamstring Injury,Brentford
2920,T. Castagne,https://media.api-sports.io/football/players/2920.png,Missing Fixture,Ankle Injury,Fulham
727,R. Nelson,https://media.api-sports.io/football/players/727.png,Missing Fixture,Hamstring Injury,Fulham
19480,H. Reed,https://media.api-sports.io/football/players/19480.png,Missing Fixture,Calf Injury,Fulham
195106,Rodrigo Muniz,https://media.api-sports.io/football/players/195106.png,Missing Fixture,Achilles Tendon Injury,Fulham
19004,B. De Cordova-Reid,https://media.api-sports.io/football/players/19004.png,Missing Fixture,Muscle Injury,Leicester
303467,I. Fatawu,https://media.api-sports.io/football/players/303467.png,Missing Fixture,Knee Injury,Leicester
15870,M. Hermansen,https://media.api-sports.io/football/players/15870.png,Missing Fixture,Groin Injury,Leicester
879,S. Mavididi,https://media.api-sports.io/football/players/879.png,Missing Fixture,Muscle Injury,Leicester
20079,H. Souttar,https://media.api-sports.io/football/players/20079.png,Missing Fixture,Ankle Injury,Leicester
182,H. Winks,https://media.api-sports.io/football/players/182.png,Missing Fixture,Coach's decision,Leicester
20089,W. Burns,https://media.api-sports.io/football/players/20089.png,Missing Fixture,Knee Injury,Ipswich
616,A. Muric,https://media.api-sports.io/football/players/616.png,Missing Fixture,Shoulder Injury,Ipswich
19365,C. Ogbene,https://media.api-sports.io/football/players/19365.png,Missing Fixture,Calf Injury,Ipswich
19130,K. Phillips,https://media.api-sports.io/football/players/19130.png,Missing Fixture,Calf Injury,Ipswich
138931,J. Philogene,https://media.api-sports.io/football/players/138931.png,Missing Fixture,Knee Injury,Ipswich
17579,S. Szmodics,https://media.api-sports.io/football/players/17579.png,Questionable,Ankle Injury,Ipswich
19152,C. Townsend,https://media.api-sports.io/football/players/19152.png,Questionable,Thigh Injury,Ipswich
22224,Gabriel,https://media.api-sports.io/football/players/22224.png,Missing Fixture,Hamstring Injury,Arsenal
643,Gabriel Jesus,https://media.api-sports.io/football/players/643.png,Missing Fixture,Knee Injury,Arsenal
47311,M. Merino,https://media.api-sports.io/football/players/47311.png,Missing Fixture,Red Card,Arsenal
2597,T. Tomiyasu,https://media.api-sports.io/football/players/2597.png,Missing Fixture,Knee Injury,Arsenal
284492,L. Hall,https://media.api-sports.io/football/players/284492.png,Missing Fixture,Foot Injury,Newcastle
723,Joelinton,https://media.api-sports.io/football/players/723.png,Missing Fixture,Knee Injury,Newcastle
18941,M. Targett,https://media.api-sports.io/football/players/18941.png,Missing Fixture,Thigh Injury,Newcastle
169,K. Trippier,https://media.api-sports.io/football/players/169.png,Missing Fixture,Calf Injury,Newcastle
1361,F. Kadioglu,https://media.api-sports.io/football/players/1361.png,Missing Fixture,Toe Injury,Brighton
18973,S. March,https://media.api-sports.io/football/players/18973.png,Missing Fixture,Knee Injury,Brighton
296,J. Milner,https://media.api-sports.io/football/players/296.png,Missing Fixture,Thigh Injury,Brighton
90590,G. Rutter,https://media.api-sports.io/football/players/90590.png,Missing Fixture,Ankle Injury,Brighton
3339,C. Doucoure,https://media.api-sports.io/football/players/3339.png,Missing Fixture,Knee Injury,Crystal Palace
67971,M. Guehi,https://media.api-sports.io/football/players/67971.png,Missing Fixture,Concussion,Crystal Palace
278898,C. Riad,https://media.api-sports.io/football/players/278898.png,Missing Fixture,Knee Injury,Crystal Palace
288102,A. Wharton,https://media.api-sports.io/football/players/288102.png,Missing Fixture,Head Injury,Crystal Palace
380653,L. Chiwome,https://media.api-sports.io/football/players/380653.png,Missing Fixture,Knee Injury,Wolves
385726,E. Gonzalez,https://media.api-sports.io/football/players/385726.png,Missing Fixture,Knee Injury,Wolves
19143,S. Johnstone,https://media.api-sports.io/football/players/19143.png,Missing Fixture,Injury,Wolves
7722,S. Kalajdzic,https://media.api-sports.io/football/players/7722.png,Missing Fixture,Knee Injury,Wolves
195717,Y. Mosquera,https://media.api-sports.io/football/players/195717.png,Missing Fixture,Knee Injury,Wolves
1590,J. Sa,https://media.api-sports.io/football/players/1590.png,Missing Fixture,Coach's decision,Wolves
144732,T. Doyle,https://media.api-sports.io/football/players/144732.png,Questionable,Knock,Wolves
266657,Savinho,https://media.api-sports.io/football/players/266657.png,Missing Fixture,Coach's decision,Manchester City
626,J. Stones,https://media.api-sports.io/football/players/626.png,Missing Fixture,Thigh Injury,Manchester City
1125,R. Christie,https://media.api-sports.io/football/players/1125.png,Missing Fixture,Groin Injury,Bournemouth
284797,D. Ouattara,https://media.api-sports.io/football/players/284797.png,Missing Fixture,Groin Injury,Bournemouth
304853,A. Scott,https://media.api-sports.io/football/players/304853.png,Missing Fixture,Jaw injury,Bournemouth
37161,L. Sinisterra,https://media.api-sports.io/football/players/37161.png,Missing Fixture,Hamstring Injury,Bournemouth
47499,E. Unal,https://media.api-sports.io/football/players/47499.png,Missing Fixture,Knee Injury,Bournemouth
1125,R. Christie,https://media.api-sports.io/football/players/1125.png,Missing Fixture,Groin Injury,Bournemouth
18872,L. Cook,https://media.api-sports.io/football/players/18872.png,Missing Fixture,Red Card,Bournemouth
284797,D. Ouattara,https://media.api-sports.io/football/players/284797.png,Missing Fixture,Groin Injury,Bournemouth
37161,L. Sinisterra,https://media.api-sports.io/football/players/37161.png,Missing Fixture,Hamstring Injury,Bournemouth
47499,E. Unal,https://media.api-sports.io/football/players/47499.png,Missing Fixture,Knee Injury,Bournemouth
19004,B. De Cordova-Reid,https://media.api-sports.io/football/players/19004.png,Missing Fixture,Muscle Injury,Leicester
303467,I. Fatawu,https://media.api-sports.io/football/players/303467.png,Missing Fixture,Knee Injury,Leicester
15870,M. Hermansen,https://media.api-sports.io/football/players/15870.png,Missing Fixture,Groin Injury,Leicester
879,S. Mavididi,https://media.api-sports.io/football/players/879.png,Missing Fixture,Muscle Injury,Leicester
182,H. Winks,https://media.api-sports.io/football/players/182.png,Missing Fixture,Coach's decision,Leicester
2920,T. Castagne,https://media.api-sports.io/football/players/2920.png,Missing Fixture,Ankle Injury,Fulham
727,R. Nelson,https://media.api-sports.io/football/players/727.png,Missing Fixture,Hamstring Injury,Fulham
19480,H. Reed,https://media.api-sports.io/football/players/19480.png,Missing Fixture,Calf Injury,Fulham
195106,Rodrigo Muniz,https://media.api-sports.io/football/players/195106.png,Missing Fixture,Achilles Tendon Injury,Fulham
19187,J. Grealish,https://media.api-sports.io/football/players/19187.png,Missing Fixture,Coach's decision,Manchester City
2291,M. Kovacic,https://media.api-sports.io/football/players/2291.png,Missing Fixture,Red Card,Manchester City
626,J. Stones,https://media.api-sports.io/football/players/626.png,Missing Fixture,Thigh Injury,Manchester City
20089,W. Burns,https://media.api-sports.io/football/players/20089.png,Missing Fixture,Knee Injury,Ipswich
616,A. Muric,https://media.api-sports.io/football/players/616.png,Missing Fixture,Shoulder Injury,Ipswich
19365,C. Ogbene,https://media.api-sports.io/football/players/19365.png,Missing Fixture,Calf Injury,Ipswich
19130,K. Phillips,https://media.api-sports.io/football/players/19130.png,Missing Fixture,Calf Injury,Ipswich
138931,J. Philogene,https://media.api-sports.io/football/players/138931.png,Missing Fixture,Knee Injury,Ipswich
19152,C. Townsend,https://media.api-sports.io/football/players/19152.png,Missing Fixture,Thigh Injury,Ipswich
18819,M. Antonio,https://media.api-sports.io/football/players/18819.png,Missing Fixture,Broken Leg,West Ham
37724,C. Summerville,https://media.api-sports.io/football/players/37724.png,Missing Fixture,Hamstring Injury,West Ham
6716,A. Mac Allister,https://media.api-sports.io/football/players/6716.png,Missing Fixture,Rest,Liverpool
3339,C. Doucoure,https://media.api-sports.io/football/players/3339.png,Missing Fixture,Knee Injury,Crystal Palace
67971,M. Guehi,https://media.api-sports.io/football/players/67971.png,Missing Fixture,Concussion,Crystal Palace
278898,C. Riad,https://media.api-sports.io/football/players/278898.png,Missing Fixture,Knee Injury,Crystal Palace
288102,A. Wharton,https://media.api-sports.io/football/players/288102.png,Missing Fixture,Head Injury,Crystal Palace
2933,B. Chilwell,https://media.api-sports.io/football/players/2933.png,Questionable,Illness,Crystal Palace
18862,N. Clyne,https://media.api-sports.io/football/players/18862.png,Questionable,Illness,Crystal Palace
2467,L. Martinez,https://media.api-sports.io/football/players/2467.png,Missing Fixture,Knee Injury,Manchester United
342970,L. Yoro,https://media.api-sports.io/football/players/342970.png,Missing Fixture,Knock,Manchester United
532,M. de Ligt,https://media.api-sports.io/football/players/532.png,Missing Fixture,Knee Injury,Manchester United
909,M. Rashford,https://media.api-sports.io/football/players/909.png,Missing Fixture,Hamstring Injury,Aston Villa
284492,L. Hall,https://media.api-sports.io/football/players/284492.png,Missing Fixture,Foot Injury,Newcastle
723,Joelinton,https://media.api-sports.io/football/players/723.png,Missing Fixture,Knee Injury,Newcastle
18941,M. Targett,https://media.api-sports.io/football/players/18941.png,Missing Fixture,Thigh Injury,Newcastle
17661,J. Branthwaite,https://media.api-sports.io/football/players/17661.png,Missing Fixture,Hamstring Injury,Everton
18758,S. Coleman,https://media.api-sports.io/football/players/18758.png,Missing Fixture,Thigh Injury,Everton
15884,J. Lindstrom,https://media.api-sports.io/football/players/15884.png,Missing Fixture,Groin Injury,Everton
24882,O. Mangala,https://media.api-sports.io/football/players/24882.png,Missing Fixture,Knee Injury,Everton
2936,J. Tarkowski,https://media.api-sports.io/football/players/2936.png,Missing Fixture,Hamstring Injury,Everton
8598,T. Awoniyi,https://media.api-sports.io/football/players/8598.png,Missing Fixture,Surgery,Nottingham Forest
380492,E. da Silva Moreira,https://media.api-sports.io/football/players/380492.png,Missing Fixture,Ankle Injury,Nottingham Forest
422780,A. Anselmino,https://media.api-sports.io/football/players/422780.png,Missing Fixture,Thigh Injury,Chelsea
22094,W. Fofana,https://media.api-sports.io/football/players/22094.png,Missing Fixture,Hamstring Injury,Chelsea
283058,N. Jackson,https://media.api-sports.io/football/players/283058.png,Missing Fixture,Red Card,Chelsea
329347,O. Kellyman,https://media.api-sports.io/football/players/329347.png,Missing Fixture,Hamstring Injury,Chelsea
63577,M. Mudryk,https://media.api-sports.io/football/players/63577.png,Missing Fixture,Suspended,Chelsea
2999,J. Bednarek,https://media.api-sports.io/football/players/2999.png,Missing Fixture,Knee Injury,Southampton
263177,A. Gronbaek,https://media.api-sports.io/football/players/263177.png,Missing Fixture,Achilles Tendon Injury,Southampton
144729,T. Harwood-Bellis,https://media.api-sports.io/football/players/144729.png,Missing Fixture,Ankle Injury,Southampton
171,K. Walker-Peters,https://media.api-sports.io/football/players/171.png,Missing Fixture,Illness,Southampton
22224,Gabriel,https://media.api-sports.io/football/players/22224.png,Missing Fixture,Hamstring Injury,Arsenal
643,Gabriel Jesus,https://media.api-sports.io/football/players/643.png,Missing Fixture,Knee Injury,Arsenal
22090,W. Saliba,https://media.api-sports.io/football/players/22090.png,Missing Fixture,Injury,Arsenal
38746,J. Timber,https://media.api-sports.io/football/players/38746.png,Missing Fixture,Ankle Injury,Arsenal
2597,T. Tomiyasu,https://media.api-sports.io/football/players/2597.png,Missing Fixture,Knee Injury,Arsenal
347316,L. Bergvall,https://media.api-sports.io/football/players/347316.png,Missing Fixture,Ankle Injury,Tottenham
162498,R. Dragusin,https://media.api-sports.io/football/players/162498.png,Missing Fixture,Knee Injury,Tottenham
30435,D. Kulusevski,https://media.api-sports.io/football/players/30435.png,Missing Fixture,Knee Injury,Tottenham
18784,J. Maddison,https://media.api-sports.io/football/players/18784.png,Missing Fixture,Knee Injury,Tottenham
30776,C. Romero,https://media.api-sports.io/football/players/30776.png,Missing Fixture,Toe Injury,Tottenham
162552,D. Scarlett,https://media.api-sports.io/football/players/162552.png,Missing Fixture,Groin Injury,Tottenham
186,Son Heung-Min,https://media.api-sports.io/football/players/186.png,Missing Fixture,Foot Injury,Tottenham
1166,T. Werner,https://media.api-sports.io/football/players/1166.png,Missing Fixture,Thigh Injury,Tottenham
10329,Joao Pedro,https://media.api-sports.io/football/players/10329.png,Missing Fixture,Personal Reasons,Brighton
1361,F. Kadioglu,https://media.api-sports.io/football/players/1361.png,Missing Fixture,Toe Injury,Brighton
138815,T. Lamptey,https://media.api-sports.io/football/players/138815.png,Missing Fixture,Knee Injury,Brighton
18973,S. March,https://media.api-sports.io/football/players/18973.png,Missing Fixture,Knee Injury,Brighton
90590,G. Rutter,https://media.api-sports.io/football/players/90590.png,Missing Fixture,Ankle Injury,Brighton
18960,J. Steele,https://media.api-sports.io/football/players/18960.png,Missing Fixture,Hand Injury,Brighton
380653,L. Chiwome,https://media.api-sports.io/football/players/380653.png,Missing Fixture,Knee Injury,Wolves
144732,T. Doyle,https://media.api-sports.io/football/players/144732.png,Missing Fixture,Knock,Wolves
385726,E. Gonzalez,https://media.api-sports.io/football/players/385726.png,Missing Fixture,Knee Injury,Wolves
19143,S. Johnstone,https://media.api-sports.io/football/players/19143.png,Missing Fixture,Injury,Wolves
7722,S. Kalajdzic,https://media.api-sports.io/football/players/7722.png,Missing Fixture,Knee Injury,Wolves
195717,Y. Mosquera,https://media.api-sports.io/football/players/195717.png,Missing Fixture,Knee Injury,Wolves
153066,F. Carvalho,https://media.api-sports.io/football/players/153066.png,Missing Fixture,Shoulder Injury,Brentford
19362,J. Dasilva,https://media.api-sports.io/football/players/19362.png,Missing Fixture,Knee Injury,Brentford
25073,V. Janelt,https://media.api-sports.io/football/players/25073.png,Missing Fixture,Heel Injury,Brentford
